年份,节日,主题,数据点,数值,单位,单位粒度,统计起止日,统计窗口,口径版本,指标口径类型,口径类型,数据性质,基期,假期天数,数值类型,采集日期,缺口标记,来源机构,报告/资料名,发布时间,可信度等级,URL,备注
2023,春节,交通出行,7天全国铁路公路水路民航发送旅客,2.26,亿人次,人次,2023-01-21 至 2023-01-27,7天,7天口径,客流人次,官方营业性(不含自驾),实际,无(水平值),7,水平值,2023-02-16,空,国务院联防联控机制春运工作专班（新华社）,春节假期发送旅客,2023-01-28,A,https://big5.www.gov.cn/gate/big5/www.gov.cn/xinwen/2023-01/28/content_5738970.htm,铁路5017.4万/公路1.62亿/水路486.8万/民航900.6万
2023,春节,交通出行,7天公路发送旅客(拆分),1.62,亿人次,人次,2023-01-21 至 2023-01-27,7天,7天口径,公路人员流动量,官方营业性(不含自驾),实际,无(水平值),7,水平值,2023-02-16,空,国务院联防联控机制春运工作专班（新华社）,春节假期发送旅客,2023-01-28,A,https://big5.www.gov.cn/gate/big5/www.gov.cn/xinwen/2023-01/28/content_5738970.htm,自综合客运量拆分
2023,春节,交通出行,7天民航发送旅客(拆分),900.6,万人次,人次,2023-01-21 至 2023-01-27,7天,7天口径,民航客运量,官方营业性(不含自驾),实际,无(水平值),7,水平值,2023-02-16,空,国务院联防联控机制春运工作专班（新华社）,春节假期发送旅客,2023-01-28,A,https://big5.www.gov.cn/gate/big5/www.gov.cn/xinwen/2023-01/28/content_5738970.htm,自综合客运量拆分；与民航局口径900万基本一致
2023,春节,交通出行,7天水路发送旅客(拆分),486.8,万人次,人次,2023-01-21 至 2023-01-27,7天,7天口径,水路客运量,官方营业性(不含自驾),实际,无(水平值),7,水平值,2023-02-16,空,国务院联防联控机制春运工作专班（新华社）,春节假期发送旅客,2023-01-28,A,https://big5.www.gov.cn/gate/big5/www.gov.cn/xinwen/2023-01/28/content_5738970.htm,自综合客运量拆分
2023,春节,交通出行,7天铁路发送旅客(拆分),5017.4,万人次,人次,2023-01-21 至 2023-01-27,7天,7天口径,铁路客运量,官方营业性(不含自驾),实际,无(水平值),7,水平值,2023-02-16,空,国务院联防联控机制春运工作专班（新华社）,春节假期发送旅客,2023-01-28,A,https://big5.www.gov.cn/gate/big5/www.gov.cn/xinwen/2023-01/28/content_5738970.htm,自综合客运量拆分；日均716.8万
2023,春节,交通出行,7天高速公路小客车流量,3.06,亿辆次,辆次,2023-01-21 至 2023-01-27,7天,7天口径,公路人员流动量,官方营业性(不含自驾),实际,无(水平值),7,水平值,2023-02-16,空,国务院联防联控机制春运工作专班,春节假期发送旅客,2023-01-28,A,https://big5.www.gov.cn/gate/big5/www.gov.cn/xinwen/2023-01/28/content_5738970.htm,全国高速总流量3.15亿辆次
2023,春节,交通出行,春运民航（40天）运送旅客,5523,万人次,人次,2023-01-07 至 2023-02-15,7天,40天口径,民航客运量,官方营业性(不含自驾),实际,同比,7,40天(春运),2023-02-16,空,民航局（光明网转引）,2023年春运民航运输旅客,2023-02-16,B,https://economy.gmw.cn/2023-02/16/content_36371198.htm,同比+39%；平均客座率74%
2023,春节,交通出行,春运高速公路小客车流量（40天）,11.84,亿辆次,辆次,2023-01-07 至 2023-02-15,7天,40天口径,公路人员流动量,官方营业性(不含自驾),实际,同比,7,40天(春运),2023-02-16,空,交通运输部（人民网转引）,2023年春运再现流动里的中国,2023-02-16,B,https://finance.people.com.cn/n1/2023/0216/c1004-32625138.html,同比+18.6%；载客31.38亿人次
2023,春节,交通出行,民航7天保障航班,83844,班,班次,2023-01-21 至 2023-01-27,7天,7天口径,民航客运量,官方营业性(不含自驾),实际,无(水平值),7,水平值,2023-02-16,空,民航局,春节假期民航,2023-01-29,A,https://big5.www.gov.cn/gate/big5/www.gov.cn/xinwen/2023-01/29/content_5739038.htm,日均11977班；+33.6%
2023,春节,交通出行,民航7天运送旅客,900,万人次,人次,2023-01-21 至 2023-01-27,7天,7天口径,民航客运量,官方营业性(不含自驾),实际,同比,7,增长率,2023-02-16,空,民航局（中国政府网转引）,春节假期民航运送旅客,2023-01-29,A,https://big5.www.gov.cn/gate/big5/www.gov.cn/xinwen/2023-01/29/content_5739038.htm,同比+79.8%；平均客座率76%
2023,春节,交通出行,铁路客运量(预测),0.9,亿人次,人次,2023-04-29 至 2023-05-03,5天,5天口径,铁路客运量,官方总量,预计,较节假日X(2023五一),5,水平值,2026-08-21,预判待回填,AI前瞻(待官方回填),内部测算·预测台账,2026-08-21,D,https://www.gov.cn/,预测ID=2023五一-F03；中心值0.9亿人次/区间0.85-1.0亿/置信度中；探亲+旅游双高峰，日均强度高于春节
2023,春节,交通出行,铁路春运（40天）发送旅客,3.48,亿人次,人次,2023-01-07 至 2023-02-15,7天,40天口径,铁路客运量,官方营业性(不含自驾),实际,同比,7,40天(春运),2023-02-16,空,国铁集团,2023年铁路春运圆满收官,2023-02-15,A,http://www.china-railway.com.cn/xwzx/ywsl/202302/t20230220_126229.html,同比+37.4%；日均870万；恢复2019的85.5%
2023,春节,平台渠道,同程国内机票预订量（较2019）,129,%,百分比,2023-01-21 至 2023-01-27,7天,7天口径,平台GMV,平台自披露,实际,较2019,7,水平值,2023-02-16,空,同程旅行,2023春节假期旅行消费数据报告,2023-01,C,https://www.ctg.cn/article/16513,汽车票+230%；火车票+18%
2023,春节,平台渠道,同程汽车票预订量(较2019),230,%,百分比,2023-01-21 至 2023-01-27,7天,7天口径,平台GMV,平台自披露,实际,较2019,7,增长率,2023-02-16,空,同程旅行,2023春节假期旅行消费数据报告,2023-01,C,https://www.ctg.cn/article/16513,平台自披露，非全市场；复合增速拆分
2023,春节,平台渠道,同程火车票预订量(较2019),18,%,百分比,2023-01-21 至 2023-01-27,7天,7天口径,平台GMV,平台自披露,实际,较2019,7,增长率,2023-02-16,空,同程旅行,2023春节假期旅行消费数据报告,2023-01,C,https://www.ctg.cn/article/16513,平台自披露，非全市场；复合增速拆分
2023,春节,平台渠道,携程出境游整体订单同比,640,%,百分比,2023-01-21 至 2023-01-27,7天,7天口径,平台GMV,平台自披露,实际,同比,7,增长率,2023-02-16,空,携程,2023年春节旅游总结报告,2023-01-27,C,https://www.ctg.cn/article/16513,跨境机票+4倍以上
2023,春节,平台渠道,携程旅游订单整体（较虎年）同比,4,倍,倍数,2023-01-21 至 2023-01-27,7天,7天口径,平台GMV,平台自披露,实际,同比,7,水平值,2023-02-16,空,携程,2023年春节旅游总结报告,2023-01-27,C,https://www.ctg.cn/article/16513,国内外皆三年巅峰
2023,春节,平台渠道,携程跟团游订单同比,4.2,倍,倍数,2023-01-21 至 2023-01-27,7天,7天口径,平台GMV,平台自披露,实际,同比,7,水平值,2023-02-16,空,携程,2023年春节旅游总结报告,2023-01-27,C,https://www.ctg.cn/article/16513,80%以上跨省远途
2023,春节,平台渠道,美团生活服务业日均消费规模（较2019）,66,%,百分比,2023-01-21 至 2023-01-27,7天,7天口径,平台GMV,平台自披露,实际,较2019,7,水平值,2023-02-16,空,美团（人民网/央广转引）,各大平台春节消费报告,2023-02-03,C,https://www.cnii.com.cn/rmydb/202302/t20230203_444045.html,前6天；异地消费+76%
2023,春节,平台渠道,飞猪境内长线游订单同比,500,%,百分比,2023-01-21 至 2023-01-27,7天,7天口径,平台GMV,平台自披露,实际,同比,7,水平值,2023-02-16,空,飞猪,春节出游快报,2023-01-26,C,https://www.ctg.cn/article/16513,机票+40%；火车票+80%
2023,春节,平台渠道,飞猪机票预订量同比,40,%,百分比,2023-01-21 至 2023-01-27,7天,7天口径,平台GMV,平台自披露,实际,同比,7,增长率,2023-02-16,空,飞猪,春节出游快报,2023-01-26,C,https://www.ctg.cn/article/16513,平台自披露，非全市场；复合增速拆分
2023,春节,平台渠道,飞猪火车票预订量同比,80,%,百分比,2023-01-21 至 2023-01-27,7天,7天口径,平台GMV,平台自披露,实际,同比,7,增长率,2023-02-16,空,飞猪,春节出游快报,2023-01-26,C,https://www.ctg.cn/article/16513,平台自披露，非全市场；复合增速拆分
2023,春节,总体,国内出游人次(预测),2.7,亿人次,人次,2023-04-29 至 2023-05-03,5天,5天口径,客流人次,官方总量,预计,较节假日X(2023五一),5,水平值,2026-08-21,预判待回填,AI前瞻(待官方回填),内部测算·预测台账,2026-08-21,D,https://www.gov.cn/,预测ID=2023五一-F01；中心值2.7亿人次/区间2.5-3.0亿/置信度中；疫后首轮完整复苏假期，返乡+出游叠加；口径效应：2023五一5天 vs 春节7天，绝对量不可直接比，须per-day折算
2023,春节,总体,国内旅游人均每日消费(测算),174.3,元,人均day,2023-01-21 至 2023-01-27,7天,7天口径,旅游总花费,测算,推算,无(水平值),7,水平值,2026-08-21,测算待核,AI推算(总花费÷人次÷天数),内部测算,2026-08-21,D,https://www.mct.gov.cn/whzx/whyw/202301/t20230127_938781.htm,总花费÷人次÷7天；推算值非官方直报，永久标D级
2023,春节,总体,国内旅游人均消费(测算),1220.3,元,人均trip,2023-01-21 至 2023-01-27,7天,7天口径,旅游总花费,测算,推算,无(水平值),7,水平值,2026-08-21,测算待核,AI推算(总花费÷出游人次),内部测算,2026-08-21,D,https://www.mct.gov.cn/whzx/whyw/202301/t20230127_938781.htm,总花费3758.43亿÷3.08亿人次；推算值非官方直报
2023,春节,总体,国内旅游出游人次,3.08,亿人次,人次,2023-01-21 至 2023-01-27,7天,7天口径,客流人次,官方总量,实际,同比,7,增长率,2023-02-16,空,文化和旅游部（新华社转引）,2023年春节假期文化和旅游市场情况,2023-01-27,A,https://www.gov.cn/xinwen/2023-01/27/content_5738861.htm,同比+23.1%；恢复至2019同期88.6%
2023,春节,总体,国内旅游收入,3758.43,亿元,亿元,2023-01-21 至 2023-01-27,7天,7天口径,旅游总花费,官方总量,实际,同比,7,增长率,2023-02-16,空,文化和旅游部,2023年春节假期文化和旅游市场情况,2023-01-27,A,https://www.mct.gov.cn/whzx/whyw/202301/t20230127_938781.htm,同比+30%；恢复至2019同期73.1%
2023,春节,总体,国内旅游收入(预测),1400,亿元,亿元,2023-04-29 至 2023-05-03,5天,5天口径,旅游总花费,官方总量,预计,较节假日X(2023五一),5,水平值,2026-08-21,预判待回填,AI前瞻(待官方回填),内部测算·预测台账,2026-08-21,D,https://www.gov.cn/,预测ID=2023五一-F02；中心值1400亿元/区间1300-1550亿/置信度中；恢复斜率延续春节；人均消费稳中有升
2023,春节,新消费,京东预制菜成交额同比,600,%,百分比,2023-01-21 至 2023-01-27,7天,7天口径,平台GMV,平台自披露,实际,同比,7,水平值,2023-02-16,空,京东（新华网转引）,吃吃喝喝火爆兔年春节,2023-02-10,C,https://ex.chinadaily.com.cn/exchange/partners/82/rss/channel/cn/columns/ma7abu/stories/WS63e5ed06a3102ada8b22e7d0.html,交叉印证预制菜热
2023,春节,新消费,美团前6天多人堂食套餐订单同比,53,%,百分比,2023-01-21 至 2023-01-27,7天,7天口径,平台GMV,平台自披露,实际,同比,7,水平值,2023-02-16,空,美团（央视网转引）,新春消费旺,2023-01-28,C,https://news.cctv.com/2023/01/28/ARTIiRwRmntHZM4IUPue2tZh230128.shtml,上海堂食+200%
2023,春节,新消费,销售季全国预制菜销售额,1307.53,亿元,亿元,2023-01-01 至 2023-01-27,7天,春节销售季口径,商务部社零,官方总量,实际,同比,7,春节销售季,2023-02-16,空,艾媒咨询（新华网转引）,吃吃喝喝火爆兔年春节,2023-02-10,C,https://ex.chinadaily.com.cn/exchange/partners/82/rss/channel/cn/columns/ma7abu/stories/WS63e5ed06a3102ada8b22e7d0.html,同比+43.6%（交叉印证：京东+600%/叮咚+500%）
2023,春节,旅行社,携程私家团订单同比,6,倍,倍数,2023-01-21 至 2023-01-27,7天,7天口径,平台GMV,平台自披露,实际,同比,7,水平值,2023-02-16,空,携程,2023年春节旅游总结报告,2023-01-27,C,https://www.ctg.cn/article/16513,新跟团亮眼
2023,春节,旅行社,途牛跟团游（打包产品）占比,43,%,百分比,2023-01-21 至 2023-01-27,7天,7天口径,客流人次,平台自披露,实际,无(水平值),7,水平值,2023-02-16,空,途牛旅游网,春节旅游数据,2023-01-27,C,https://www.sohu.com/a/634795264_114988,高于自由行/自驾
2023,春节,旅行社,途牛跨省游出游人次占比,68,%,百分比,2023-01-21 至 2023-01-27,7天,7天口径,客流人次,平台自披露,实际,无(水平值),7,水平值,2023-02-16,空,途牛旅游网（媒体转引）,春节旅游数据,2023-01-27,C,https://www.sohu.com/a/634795264_114988,近年来少数跨省主导假期
2023,春节,景区目的地,A级旅游景区正常开放数,10739,家,家,2023-01-21 至 2023-01-27,7天,7天口径,客流人次,官方总量,实际,无(水平值),7,水平值,2023-02-16,空,文化和旅游部,假期市场情况,2023-01-27,A,https://www.gov.cn/xinwen/2023-01/27/content_5738861.htm,占全国A级73.5%
2023,春节,景区目的地,免费开放A级旅游景区,1281,家,家,2023-01-21 至 2023-01-27,7天,7天口径,客流人次,官方总量,实际,无(水平值),7,水平值,2023-02-16,空,文化和旅游部,假期市场情况,2023-01-27,A,https://www.gov.cn/xinwen/2023-01/27/content_5738861.htm,占9%；62家5A免票
2023,春节,景区目的地,全国营业性演出场次,9400,余场次,场次,2023-01-21 至 2023-01-27,7天,7天口径,客流人次,官方总量,实际,同比,7,增长率,2023-02-16,空,文化和旅游部,假期市场情况,2023-01-27,A,https://www.gov.cn/xinwen/2023-01/27/content_5738861.htm,同比+40.92%；票房3.78亿元
2023,春节,景区目的地,同程酒店预订热门目的地Top10,西安/三亚/成都/重庆/上海/长沙/昆明/广州/南宁/深圳,清单,清单,2023-01-21 至 2023-01-27,7天,7天口径,客流人次,平台自披露,实际,无(水平值),7,复合,2023-02-16,空,同程旅行,2023春节假期旅行消费数据报告,2023-01,C,https://www.ctg.cn/article/16513,西安/杭州/哈尔滨+10倍
2023,春节,景区目的地,夜间文旅消费集聚区客流量,5212.2,万人次,人次,2023-01-21 至 2023-01-27,7天,7天口径,客流人次,官方总量,实际,无(水平值),7,水平值,2023-02-16,空,文化和旅游部,假期市场情况,2023-01-27,A,https://www.gov.cn/xinwen/2023-01/27/content_5738861.htm,243个集聚区，平均每夜3.06万人次
2023,春节,景区目的地,小众城市酒店预订同比（洛阳/开封/佛山/惠州）,1000,%,百分比,2023-01-21 至 2023-01-27,7天,7天口径,平台GMV,平台自披露,实际,同比,7,增长率,2023-02-16,空,同程旅行,2023春节假期旅行消费数据报告,2023-01,C,https://www.ctg.cn/article/16513,同比超10倍
2023,春节,景区目的地,携程平台热门国内目的地Top5,成都/上海/广州/北京/重庆,清单,清单,2023-01-21 至 2023-01-27,7天,7天口径,客流人次,平台自披露,实际,无(水平值),7,复合,2023-02-16,空,携程/飞猪,2023年春节旅游总结报告,2023-01,C,https://www.ctg.cn/article/16513,排名
2023,春节,景区目的地,营业性演出票房收入,3.78,亿元,亿元,2023-01-21 至 2023-01-27,7天,7天口径,旅游总花费,官方总量,实际,无(水平值),7,水平值,2023-02-16,空,文化和旅游部,假期市场情况,2023-01-27,A,https://www.gov.cn/xinwen/2023-01/27/content_5738861.htm,观演约323.8万人次
2023,春节,消费宏观,全国示范步行街客流量同比,62.2,%,百分比,2023-01-21 至 2023-01-27,7天,7天口径,客流人次,官方总量,实际,同比,7,水平值,2023-02-16,空,商务部,春节消费,2023-01-30,A,https://www.cnr.cn/ent/canyin/zixun/20230130/t20230130_526139606.shtml,—
2023,春节,消费宏观,商务部全国重点零售和餐饮企业销售额（农历同比）,6.8,%,百分比,2023-01-21 至 2023-01-27,7天,7天口径,商务部社零,官方总量,实际,同比,7,水平值,2023-02-16,空,商务部（央广网转引）,春节餐饮消费热度攀升,2023-01-30,A,https://www.cnr.cn/ent/canyin/zixun/20230130/t20230130_526139606.shtml,商务大数据监测
2023,春节,消费宏观,实物商品网上零售额同比,14.5,%,百分比,2023-01-21 至 2023-01-27,7天,7天口径,商务部社零,官方总量,实际,同比,7,水平值,2023-02-16,空,商务部,春节消费,2023-01-30,A,https://www.cnr.cn/ent/canyin/zixun/20230130/t20230130_526139606.shtml,全国网上年货节
2023,春节,消费宏观,档电影票房,67.58,亿元,亿元,2023-01-21 至 2023-01-27,7天,7天口径,旅游总花费,官方总量,实际,无(水平值),7,水平值,2023-02-16,空,国家电影局（央视网转引）,新春消费旺,2023-01-28,B,https://news.cctv.com/2023/01/28/ARTIiRwRmntHZM4IUPue2tZh230128.shtml,影史第二；超2022春节档
2023,春节,消费宏观,海南离岛免税人均消费,9959,元,元,2023-01-21 至 2023-01-27,7天,7天口径,离岛免税,官方总量,实际,无(水平值),7,水平值,2023-02-16,空,海口海关（新华社/中新网）,春节假期海南离岛免税,2023-01-28,A,https://www.chinanews.com/cj/2023/01-28/9942797.shtml,自购物金额15.6亿备注拆分；人数15.7万
2023,春节,消费宏观,海南离岛免税购物人数,15.7,万人次,人次,2023-01-21 至 2023-01-27,7天,7天口径,离岛免税,官方总量,实际,无(水平值),7,水平值,2023-02-16,空,海口海关（新华社/中新网）,春节假期海南离岛免税,2023-01-28,A,https://www.chinanews.com/cj/2023/01-28/9942797.shtml,自购物金额15.6亿备注拆分；人均9959元
2023,春节,消费宏观,海南离岛免税购物金额,15.6,亿元,亿元,2023-01-21 至 2023-01-27,7天,7天口径,离岛免税,官方总量,实际,同比,7,增长率,2023-02-16,空,海口海关（新华社/中新网）,春节假期海南离岛免税,2023-01-28,A,https://www.chinanews.com/cj/2023/01-28/9942797.shtml,同比+5.88%；人数15.7万；人均9959元
2023,春节,消费宏观,群众文化活动场次,11,万场,万场,2023-01-21 至 2023-01-27,7天,7天口径,客流人次,官方总量,实际,无(水平值),7,水平值,2023-02-16,空,文化和旅游部,假期市场情况,2023-01-27,A,https://www.gov.cn/xinwen/2023-01/27/content_5738861.htm,参与约4.73亿人次
2023,春节,消费宏观,餐饮堂食店均消费同比,10.8,%,百分比,2023-01-21 至 2023-01-27,7天,7天口径,商务部社零,官方总量,实际,同比,7,增长率,2023-02-16,空,商务部（国务院联防联控机制发布会，央视网转引）,促消费成热门关键词,2023-01-30,A,https://www.sohu.com/a/636128811_409908,店均口径；与餐饮堂食+15.4%同源不同口径
2023,春节,消费宏观,餐饮堂食消费同比,15.4,%,百分比,2023-01-21 至 2023-01-27,7天,7天口径,商务部社零,官方总量,实际,同比,7,水平值,2023-02-16,空,商务部（国务院联防联控机制发布会，央视网转引）,促消费成热门关键词,2023-01-30,A,https://www.sohu.com/a/636128811_409908,店均+10.8%
2023,春节,游客画像,游客平均出游距离,206.9,公里,公里,2023-01-21 至 2023-01-27,7天,7天口径,客流人次,官方总量,实际,同比,7,增长率,2023-02-16,空,中国旅游研究院（媒体转引）,春节旅游消费研究,2023-01,C,https://www.toutiao.com/article/7194738566721864225/,同比+57%；恢复76%（正常年份）
2023,春节,游客画像,目的地平均游憩半径,11.2,公里,公里,2023-01-21 至 2023-01-27,7天,7天口径,客流人次,官方总量,实际,同比,7,增长率,2023-02-16,空,中国旅游研究院,春节旅游消费研究,2023-01,C,https://www.toutiao.com/article/7194738566721864225/,同比+34.4%；恢复75%
2023,春节,酒店住宿,三亚主要酒店市场RevPAR,3080,元,元,2023-01-21 至 2023-01-27,7天,7天口径,酒店RevPAR,待核,实际,同比,7,增长率,2023-02-16,空,STR Global/NorthStar,三亚酒店市场春节黄金周,2023-02,B,http://www.northstarhk.com/newsinfo/5129192.html,同比+14%
2023,春节,酒店住宿,三亚主要酒店市场平均出租率,85,%,百分比,2023-01-21 至 2023-01-27,7天,7天口径,酒店RevPAR,待核,实际,同比,7,增长率,2023-02-16,空,STR Global/NorthStar（转引）,三亚酒店市场春节黄金周,2023-02,B,http://www.northstarhk.com/newsinfo/5129192.html,同比-7pct；初一至初七7天
2023,春节,酒店住宿,三亚主要酒店市场平均房价,3621,元,元,2023-01-21 至 2023-01-27,7天,7天口径,酒店RevPAR,待核,实际,同比,7,增长率,2023-02-16,空,STR Global/NorthStar,三亚酒店市场春节黄金周,2023-02,B,http://www.northstarhk.com/newsinfo/5129192.html,同比+23%
2023,春节,酒店住宿,中国饭店协会调研超七成住宿企业营收恢复至疫前,70,%以上,百分比,2023-01-21 至 2023-01-27,7天,7天口径,酒店RevPAR,待核,实际,无(水平值),7,水平值,2023-02-16,空,中国饭店协会（媒体转引）,酒店业率先复苏,2023-02-02,C,https://big5.china.com.cn/gate/big5/travel.china.com.cn/txt/2023-02/02/content_85084809.html,近40%反超；平均+15.6%
2023,春节,酒店住宿,华住集团RevPAR同比,120,%,百分比,2023-01-21 至 2023-01-27,7天,7天口径,酒店RevPAR,待核,实际,同比,7,增长率,2023-02-16,空,华住集团（中国饭店协会/媒体转引）,酒店业率先复苏,2023-02-02,C,https://big5.china.com.cn/gate/big5/travel.china.com.cn/txt/2023-02/02/content_85084809.html,平均出租率同比最高+70%
2023,春节,酒店住宿,锦江酒店综合RevPAR（1月25日）同比,94.4,%,百分比,2023-01-21 至 2023-01-27,7天,7天口径,酒店RevPAR,待核,实际,同比,7,水平值,2023-02-16,空,锦江酒店（中国区，媒体转引）,酒店业率先复苏,2023-02-02,C,https://big5.china.com.cn/gate/big5/travel.china.com.cn/txt/2023-02/02/content_85084809.html,接近疫前水平
2023,五一,交通出行,全国营业性客运日均发送量,5403.8,万人次,总量,日均,2023-04-29,2023-04-29至2023-05-03(5天),日均口径,交通客运,实测,实际,2022同期日均,5,2026-08-21,水平值,无,交通运输部,“五一”假期期间预计全国营业性客运量超2.7亿人次,A,A,https://www.gov.cn/lianbo/2023-05/03/content_5754036.htm
2023,五一,交通出行,全国铁路公路水路民航预计发送旅客总量,27019,万人次,总量,总量,2023-04-29,2023-04-29至2023-05-03(5天),5天口径,交通客运,实测,实际,2022同期日均,5,2026-08-21,水平值,无,交通运输部(新华社转引),“五一”假期期间预计全国营业性客运量超2.7亿人次,A,A,https://www.gov.cn/lianbo/2023-05/03/content_5754036.htm
2023,五一,交通出行,公路预计发送旅客,16309,万人次,总量,总量,2023-04-29,2023-04-29至2023-05-03(5天),5天口径,交通客运,实测,实际,2022同期日均,5,2026-08-21,水平值,无,交通运输部,“五一”假期期间预计全国营业性客运量超2.7亿人次,A,A,https://www.gov.cn/lianbo/2023-05/03/content_5754036.htm
2023,五一,交通出行,小客车流量累计,28138.21,万辆次,总量,总量,2023-04-29,2023-04-29至2023-05-03(5天),5天口径,交通流量,实测,实际,2022同期,5,2026-08-21,水平值,无,交通运输部,“五一”假期期间预计全国营业性客运量超2.7亿人次,A,A,https://www.gov.cn/lianbo/2023-05/03/content_5754036.htm
2023,五一,交通出行,民航预计发送旅客,941.5,万人次,总量,总量,2023-04-29,2023-04-29至2023-05-03(5天),5天口径,交通客运,实测,实际,2022同期日均,5,2026-08-21,水平值,无,交通运输部,“五一”假期期间预计全国营业性客运量超2.7亿人次,A,A,https://www.gov.cn/lianbo/2023-05/03/content_5754036.htm
2023,五一,交通出行,水路预计发送旅客,680.4,万人次,总量,总量,2023-04-29,2023-04-29至2023-05-03(5天),5天口径,交通客运,实测,实际,2022同期日均,5,2026-08-21,水平值,无,交通运输部,“五一”假期期间预计全国营业性客运量超2.7亿人次,A,A,https://www.gov.cn/lianbo/2023-05/03/content_5754036.htm
2023,五一,交通出行,铁路预计发送旅客,9088.1,万人次,总量,总量,2023-04-29,2023-04-29至2023-05-03(5天),5天口径,交通客运,实测,实际,2022同期日均,5,2026-08-21,水平值,无,交通运输部,“五一”假期期间预计全国营业性客运量超2.7亿人次,A,A,https://www.gov.cn/lianbo/2023-05/03/content_5754036.htm
2023,五一,交通出行,高速公路流量累计,31045.94,万辆次,总量,总量,2023-04-29,2023-04-29至2023-05-03(5天),5天口径,交通流量,实测,实际,2022同期,5,2026-08-21,水平值,无,交通运输部,“五一”假期期间预计全国营业性客运量超2.7亿人次,A,A,https://www.gov.cn/lianbo/2023-05/03/content_5754036.htm
2023,五一,政策与宏观,全国示范步行街客流量/营业额同比,+121.4/+87.6,复合,复合,2023-04-29,2023-04-29至2023-05-03(5天),5天口径,零售餐饮,实测,实际,2022同期,5,复合,2026-08-21,无,商务部,假期消费成绩单亮眼(央视网),2023-05-04,A,https://news.cctv.com/2023/05/04/ARTIOvnrMe5Z1vTq5d8S38QT230504.shtml,客流量+121.4% 营业额+87.6%
2023,五一,政策与宏观,全国重点零售和餐饮企业销售额同比,+18.9,%,总量,总量,2023-04-29,2023-04-29至2023-05-03(5天),5天口径,零售餐饮,实测,实际,2022同期,5,2026-08-21,增速,无,商务部(商务大数据监测),假期消费成绩单亮眼(央视网),A,A,https://news.cctv.com/2023/05/04/ARTIOvnrMe5Z1vTq5d8S38QT230504.shtml
2023,五一,政策与宏观,微信零售/交通/餐饮/酒旅较2019日均,+212/+198/+187/+93,复合,复合,2023-04-29,2023-04-29至2023-05-03(5天),5天口径,零售餐饮,平台披露,实际,2019同期,5,复合,2026-08-21,无,微信支付,2023“五一”游玩井喷数据报告,2023-05-04,C,https://k.sina.cn/article_1617264814_606580ae02001mvgj.html,平台口径; 增幅区间93%-212%
2023,五一,政策与宏观,支付宝假期前3天支付笔数/消费金额同比,+230/+200(较2022) /+70(较2019),复合,复合,2023-04-29,2023-04-29至2023-05-01(前3天),3天口径,零售餐饮,平台披露,实际,2022/2019同期,3,复合,2026-08-21,无,支付宝,支付宝“五一”消费洞察,2023-05-03,C,https://www.bbtnews.com.cn/2023/0504/474755.shtml,平台口径; 前3天
2023,五一,政策与宏观,消费相关行业销售收入同比(增值税发票),+24.4,%,总量,总量,2023-04-29,2023-04-29至2023-05-03(5天),5天口径,零售餐饮,实测,实际,2022同期,5,2026-08-21,增速,无,国家税务总局,供需互促 市场潜力大韧性强(央视网),A,A,https://news.cctv.com/2023/05/05/ARTIiBxEgnbSjhoxLOu0EWKE230505.shtml
2023,五一,政策与宏观,重点餐饮企业销售额同比,+57.9,%,总量,总量,2023-04-29,2023-04-29至2023-05-03(5天),5天口径,零售餐饮,实测,实际,2022同期,5,2026-08-21,增速,无,商务部,假期消费成绩单亮眼(央视网),A,A,https://news.cctv.com/2023/05/04/ARTIOvnrMe5Z1vTq5d8S38QT230504.shtml
2023,五一,政策与宏观,限额以上品类同比(石油/汽车/通信/家电/金银/服装/化妆品),+24.4/+20.9/+20.1/+13.9/+22.8/+18.4/+16.5,复合,复合,2023-04-29,2023-04-29至2023-05-03(5天),5天口径,零售餐饮,实测,实际,2022同期,5,复合,2026-08-21,无,商务部,假期消费成绩单亮眼(央视网),2023-05-04,A,https://news.cctv.com/2023/05/04/ARTIOvnrMe5Z1vTq5d8S38QT230504.shtml,石油24.4 汽车20.9 通信20.1 家电13.9 金银珠宝22.8 服装18.4 化妆品16.5
2023,五一,旅游行业平台,携程出境游整体订单同比,+近7倍,倍数,倍数,2023-04-29,2023-04-29至2023-05-03(5天),5天口径,跨境,平台披露,实际,2022同期,5,倍数,2026-08-21,无,携程,2023年五一出游数据报告,2023-05-04,C,https://www.cnr.cn/tech/techph/20230504/t20230504_526239695.shtml,平台口径; 非全市场
2023,五一,旅游行业平台,携程出游半径同比,+25,%,总量,总量,2023-04-29,2023-04-29至2023-05-03(5天),5天口径,平台订单,平台披露,实际,2022同期,5,2026-08-21,增速,无,携程,2023年五一出游数据报告,C,C,https://www.cnr.cn/tech/techph/20230504/t20230504_526239695.shtml
2023,五一,旅游行业平台,飞猪国内游预订量较春节,+翻倍(约+100),%,比率,2023-04-29,2023-04-29至2023-05-03(5天),5天口径,平台订单,平台披露,实际,春节,5,增速,2026-08-21,无,飞猪,长线游带动“吃住行游购娱”复苏(中国经济网),2023-05-04,C,https://www.ce.cn/cysc/newmain/yc/jsxw/202305/04/t20230504_38529448.shtml,平台口径
2023,五一,旅游行业平台,飞猪国内酒店/火车票较春节,+95/+117,复合,复合,2023-04-29,2023-04-29至2023-05-03(5天),5天口径,平台订单,平台披露,实际,春节,5,复合,2026-08-21,无,飞猪,长线游带动“吃住行游购娱”复苏(中国经济网),2023-05-04,C,https://www.ce.cn/cysc/newmain/yc/jsxw/202305/04/t20230504_38529448.shtml,平台口径; 酒店+95% 火车票+117%
2023,五一,旅行社,携程国内跟团游订单同比,+11倍,倍数,倍数,2023-04-29,2023-04-29至2023-05-03(5天),5天口径,平台订单,平台披露,实际,2022同期,5,倍数,2026-08-21,无,携程,2023年五一出游数据报告,2023-05-04,C,https://www.workercn.cn/c/2023-05-04/7825203.shtml,平台口径
2023,五一,旅行社,途牛4-5天行程占比,38,%,总量,总量,2023-04-29,2023-04-29至2023-05-03(5天),5天口径,平台订单,平台披露,实际,无,5,2026-08-21,占比,无,途牛旅游网,2023五一出游消费盘点(新华网),C,C,https://www.xinhuanet.com/travel/20230504/073b7789c5324be5bfb89ccc69b7875e/c.html
2023,五一,旅行社,途牛长线游/周边游占比,47/41,复合,复合,2023-04-29,2023-04-29至2023-05-03(5天),5天口径,平台订单,平台披露,实际,无,5,复合,2026-08-21,无,途牛旅游网,2023五一出游消费盘点(新华网),2023-05-04,C,https://www.xinhuanet.com/travel/20230504/073b7789c5324be5bfb89ccc69b7875e/c.html,平台口径; 长线47% 周边41%
2023,五一,景区数据,2022五一国内旅游收入,646.8,亿元,总量,2022-04-30,2022-04-30至2022-05-04(5天),5天口径,旅游收入,实测,实际,2021同期,5,水平值,2026-08-21,无,文化和旅游部,2022年“五一”假期国内旅游出游1.6亿人次,2022-05-04,A,https://www.mct.gov.cn/whzx/whyw/202205/t20220504_932779.htm,同比-42.9%; 恢复2019 44.0%
2023,五一,景区数据,2022五一日均旅游收入(测算),129.36,亿元/天,日均,2022-04-30,2022-04-30至2022-05-04(5天),日均口径,旅游收入,测算,推算,2021同期,5,水平值,2026-08-21,缺口-测算,测算(=646.8亿/5天),派生,2022-05-04,D,https://www.mct.gov.cn/whzx/whyw/202205/t20220504_932779.htm,"测算值,D级"
2023,五一,景区数据,2023五一日均旅游收入(测算),296.11,亿元/天,日均,2023-04-29,2023-04-29至2023-05-03(5天),日均口径,旅游收入,测算,推算,2022同期,5,水平值,2026-08-21,缺口-测算,测算(=1480.56亿/5天),派生,2023-05-03,D,https://mct.gov.cn/whzx/whyw/202305/t20230503_943504.htm,"测算值,D级"
2023,五一,景区数据,2023端午国内旅游收入(预测),中心值约1000(区间900-1100),亿元,总量,预计2023-06-22,预计2023-06-22至2023-06-24(3天),3天口径(待回填),旅游收入,测算,预计,无,3,水平值,2026-08-21,预判待回填,基于五一强势延续的分析预判,2023端午预测台账,2023-05-04,D,https://mct.gov.cn/whzx/whyw/202305/t20230503_943504.htm,"预测ID=2023端午-F02; 置信度中; 与五一天数不同,须per-day折算后比"
2023,五一,景区数据,A级旅游景区正常开放数,1.28,万家,总量,总量,2023-04-29,2023-04-29至2023-05-03(5天),5天口径,景区供给,实测,实际,无,5,2026-08-21,水平值,无,文化和旅游部,2023年“五一”假期文化和旅游市场情况,A,A,https://mct.gov.cn/whzx/whyw/202305/t20230503_943504.htm
2023,五一,景区数据,国内旅游收入(旅游总花费),1480.56,亿元,总量,总量,2023-04-29,2023-04-29至2023-05-03(5天),5天口径,旅游收入,实测,实际,2022同期,5,2026-08-21,水平值,无,文化和旅游部,2023年“五一”假期文化和旅游市场情况,A,A,https://mct.gov.cn/whzx/whyw/202305/t20230503_943504.htm
2023,五一,景区数据,国内旅游收入同比,+128.90,%,总量,总量,2023-04-29,2023-04-29至2023-05-03(5天),5天口径,旅游收入,实测,实际,2022同期,5,2026-08-21,增速,无,文化和旅游部,2023年“五一”假期文化和旅游市场情况,A,A,https://mct.gov.cn/whzx/whyw/202305/t20230503_943504.htm
2023,五一,景区数据,国内旅游收入恢复至2019同期,100.66,%,总量,总量,2023-04-29,2023-04-29至2023-05-03(5天),2019可比口径,旅游收入,实测,实际,2019同期,5,2026-08-21,占比,无,文化和旅游部,2023年“五一”假期文化和旅游市场情况,A,A,https://mct.gov.cn/whzx/whyw/202305/t20230503_943504.htm
2023,五一,景区数据,国家级夜间文旅消费集聚区夜间客流量,7768.6,万人次,总量,总量,2023-04-28 18:00至2023-05-03 06:00,夜间口径,夜间口径,景区供给,实测,实际,2022同期,5,2026-08-21,水平值,无,文化和旅游部数据监测,2023年“五一”假期文化和旅游市场情况,A,A,https://www.gov.cn/lianbo/2023-05/03/content_5754040.htm
2023,五一,景区数据,群众文化活动参与人次,1.66,亿人次,总量,总量,2023-04-29,2023-04-29至2023-05-03(5天),5天口径,文娱演出,实测,实际,无,5,2026-08-21,水平值,无,文化和旅游部,2023年“五一”假期文化和旅游市场情况,A,A,https://mct.gov.cn/whzx/whyw/202305/t20230503_943504.htm
2023,五一,景区数据,群众文化活动场次,4.75,万场,总量,总量,2023-04-29,2023-04-29至2023-05-03(5天),5天口径,文娱演出,实测,实际,无,5,2026-08-21,水平值,无,文化和旅游部,2023年“五一”假期文化和旅游市场情况,A,A,https://mct.gov.cn/whzx/whyw/202305/t20230503_943504.htm
2023,五一,景区数据,营业性演出场次,3.11,万场次,总量,总量,2023-04-29,2023-04-29至2023-05-03(5天),5天口径,文娱演出,实测,实际,无,5,2026-08-21,水平值,无,文化和旅游部,2023年“五一”假期文化和旅游市场情况,A,A,https://mct.gov.cn/whzx/whyw/202305/t20230503_943504.htm
2023,五一,景区数据,营业性演出票房收入,15.19,亿元,总量,总量,2023-04-29,2023-04-29至2023-05-03(5天),5天口径,文娱演出,实测,实际,无,5,2026-08-21,水平值,无,文化和旅游部,2023年“五一”假期文化和旅游市场情况,A,A,https://mct.gov.cn/whzx/whyw/202305/t20230503_943504.htm
2023,五一,景区数据,营业性演出观演人数,865.49,万人次,总量,总量,2023-04-29,2023-04-29至2023-05-03(5天),5天口径,文娱演出,实测,实际,无,5,2026-08-21,水平值,无,文化和旅游部,2023年“五一”假期文化和旅游市场情况,A,A,https://mct.gov.cn/whzx/whyw/202305/t20230503_943504.htm
2023,五一,游客画像,2022五一出游恢复至2019(复合),66.8/44.0,复合,复合,2022-04-30,2022-04-30至2022-05-04(5天),2019可比口径,出游规模,实测,实际,2019同期,5,复合,2026-08-21,无,文化和旅游部,2022年“五一”假期国内旅游出游1.6亿人次,2022-05-04,A,https://www.mct.gov.cn/whzx/whyw/202205/t20220504_932779.htm,人次恢复66.8% 收入恢复44.0%
2023,五一,游客画像,2022五一国内旅游出游人次,1.6,亿人次,总量,2022-04-30,2022-04-30至2022-05-04(5天),5天口径,出游规模,实测,实际,2021同期,5,水平值,2026-08-21,无,文化和旅游部,2022年“五一”假期国内旅游出游1.6亿人次,2022-05-04,A,https://www.mct.gov.cn/whzx/whyw/202205/t20220504_932779.htm,同比-30.2%; 恢复2019 66.8%
2023,五一,游客画像,2022五一日均出游人次(测算),0.320,亿人次/天,日均,2022-04-30,2022-04-30至2022-05-04(5天),日均口径,出游规模,测算,推算,2021同期,5,水平值,2026-08-21,缺口-测算,测算(=1.6亿/5天),派生,2022-05-04,D,https://www.mct.gov.cn/whzx/whyw/202205/t20220504_932779.htm,"测算值,D级"
2023,五一,游客画像,2023五一日均出游人次(测算),0.548,亿人次/天,日均,2023-04-29,2023-04-29至2023-05-03(5天),日均口径,出游规模,测算,推算,2022同期,5,水平值,2026-08-21,缺口-测算,测算(=2.74亿/5天),派生,2023-05-03,D,https://www.gov.cn/lianbo/2023-05/03/content_5754040.htm,"测算值,D级"
2023,五一,游客画像,2023全年国内旅游出游人次(中长期预测),有望突破50亿(区间48-54),亿人次,总量,预计2023全年,2023全年口径(待回填),全年口径(待回填),出游规模,测算,预计,无,365,水平值,2026-08-21,预判待回填,基于报复性出游退潮后稳态+免签扩容的分析预判,2023全年预测台账,2023-05-04,D,https://www.gov.cn/lianbo/2023-05/03/content_5754040.htm,预测ID=2023全年-F01; 置信度中低; 拐点判据:暑期/十一是否延续双位数增速
2023,五一,游客画像,2023端午国内旅游出游人次(预测),中心值约2.5(区间2.3-2.7),亿人次,总量,预计2023-06-22,预计2023-06-22至2023-06-24(3天),3天口径(待回填),出游规模,测算,预计,无,3,水平值,2026-08-21,预判待回填,基于五一强势延续与暑期临近的分析预判,2023端午预测台账,2023-05-04,D,https://www.gov.cn/lianbo/2023-05/03/content_5754040.htm,"预测ID=2023端午-F01; 置信度中; 与五一天数不同,须per-day折算后比"
2023,五一,游客画像,"人均旅游消费(per-trip,测算)",540.2,元/人次,人均trip,人均trip,2023-04-29,2023-04-29至2023-05-03(5天),5天口径,旅游收入,测算,推算,2022同期,5,2026-08-21,水平值,缺口-测算,测算(=1480.56亿元/2.74亿人次),派生自文旅部数据,D,D,https://www.gov.cn/lianbo/2023-05/03/content_5754040.htm
2023,五一,游客画像,"人均旅游消费同比(测算,per-trip)",+33.6,%,比率,2023-04-29,2023-04-29至2023-05-03(5天),5天口径,旅游收入,测算,推算,2022同期,5,增速,2026-08-21,缺口-测算,测算(540.2 vs 404.25元),派生,2023-05-03,D,https://www.gov.cn/lianbo/2023-05/03/content_5754040.htm,=1480.56/2.74 较 646.8/1.6; 测算D级
2023,五一,游客画像,停留2天以上游客占比提升,9.55,个百分点,总量,百分点,2023-04-29,2023-04-29至2023-05-03(5天),5天口径,出游规模,实测,实际,2022同期,5,2026-08-21,占比,无,中国旅游研究院,强势复苏 体验升级——2023年“五一”假期旅游市场观察(新华社),B,B,https://www.gov.cn/yaowen/2023-05/04/content_5754162.htm
2023,五一,游客画像,国内旅游出游人次,2.74,亿人次,总量,总量,2023-04-29,2023-04-29至2023-05-03(5天),5天口径,出游规模,实测,实际,2022同期,5,2026-08-21,水平值,无,文化和旅游部(新华社转引),2023年“五一”假期文化和旅游市场情况,A,A,https://www.gov.cn/lianbo/2023-05/03/content_5754040.htm
2023,五一,游客画像,国内旅游出游人次同比,+70.83,%,总量,总量,2023-04-29,2023-04-29至2023-05-03(5天),5天口径,出游规模,实测,实际,2022同期,5,2026-08-21,增速,无,文化和旅游部,2023年“五一”假期文化和旅游市场情况,A,A,https://www.gov.cn/lianbo/2023-05/03/content_5754040.htm
2023,五一,游客画像,国内旅游出游人次恢复至2019同期,119.09,%,总量,总量,2023-04-29,2023-04-29至2023-05-03(5天),2019可比口径,出游规模,实测,实际,2019同期,5,2026-08-21,占比,无,文化和旅游部,2023年“五一”假期文化和旅游市场情况,A,A,https://www.gov.cn/lianbo/2023-05/03/content_5754040.htm
2023,五一,游客画像,平均出游半径,180.82,公里,总量,总量,2023-04-29,2023-04-29至2023-05-03(5天),5天口径,出游规模,实测,实际,2022同期,5,2026-08-21,水平值,无,中国旅游研究院,强势复苏 体验升级——2023年“五一”假期旅游市场观察(新华社),B,B,https://www.gov.cn/yaowen/2023-05/04/content_5754162.htm
2023,五一,游客画像,平均出游半径同比,+81.59,%,总量,总量,2023-04-29,2023-04-29至2023-05-03(5天),5天口径,出游规模,实测,实际,2022同期,5,2026-08-21,增速,无,中国旅游研究院,强势复苏 体验升级——2023年“五一”假期旅游市场观察(新华社),B,B,https://www.gov.cn/yaowen/2023-05/04/content_5754162.htm
2023,五一,游客画像,目的地平均游憩半径,15.98,公里,总量,总量,2023-04-29,2023-04-29至2023-05-03(5天),5天口径,出游规模,实测,实际,2022同期,5,2026-08-21,水平值,无,中国旅游研究院,强势复苏 体验升级——2023年“五一”假期旅游市场观察(新华社),B,B,https://www.gov.cn/yaowen/2023-05/04/content_5754162.htm
2023,五一,游客画像,目的地平均游憩半径同比,+167.16,%,总量,总量,2023-04-29,2023-04-29至2023-05-03(5天),5天口径,出游规模,实测,实际,2022同期,5,2026-08-21,增速,无,中国旅游研究院,强势复苏 体验升级——2023年“五一”假期旅游市场观察(新华社),B,B,https://www.gov.cn/yaowen/2023-05/04/content_5754162.htm
2023,五一,游客画像,跨省游客比例,24.50,%,总量,总量,2023-04-29,2023-04-29至2023-05-03(5天),5天口径,出游规模,实测,实际,2022同期,5,2026-08-21,占比,无,中国旅游研究院,强势复苏 体验升级——2023年“五一”假期旅游市场观察(新华社),B,B,https://www.gov.cn/yaowen/2023-05/04/content_5754162.htm
2023,五一,跨境,出境游整体订单/机票/酒店同比(较2022),+近7倍/+900%/+450%,复合,复合,2023-04-29,2023-04-29至2023-05-03(5天),5天口径,跨境,平台披露,实际,2022同期,5,复合,2026-08-21,无,携程,"长线游热门,出境游订单同比增长近7倍(中工网)",2023-05-04,C,https://www.workercn.cn/c/2023-05-04/7825203.shtml,平台口径
2023,五一,跨境,同程国际酒店预订量(较2019),超2019同期,定性,定性,2023-04-29,2023-04-29至2023-05-03(5天),5天口径,跨境,平台披露,实际,2019同期,5,定性,2026-08-21,无,同程旅行,假期大数据(环球网财经),2023-05-04,C,https://capital.huanqiu.com/article/4CknfUPcLgy,平台口径
2023,五一,跨境,微信支付境外日均线下消费笔数/金额较2019,+88/+75,复合,复合,2023-04-29,2023-04-29至2023-05-03(5天),5天口径,跨境,平台披露,实际,2019同期,5,复合,2026-08-21,无,微信支付,2023“五一”游玩井喷数据报告,2023-05-04,C,https://k.sina.cn/article_1617264814_606580ae02001mvgj.html,平台口径
2023,五一,跨境,支付宝出境游人均消费较2019,+40,%,总量,总量,2023-04-29,2023-04-29至2023-05-03(5天),5天口径,跨境,平台披露,实际,2019同期,5,2026-08-21,增速,无,支付宝,支付宝“五一”消费洞察,C,C,https://www.bbtnews.com.cn/2023/0504/474755.shtml
2023,五一,酒店,万豪大中华区Q1 RevPAR恢复2019,95,%,总量,总量,2023-04-29,2023-01-01至2023-03-31(一季度),季度口径,住宿,平台披露,实际,2019同期,5,2026-08-21,占比,无,万豪国际集团,新京报贝壳财经,C,C,https://www.bjnews.com.cn/detail/1683530877168743.html
2023,五一,酒店,上海宾馆旅馆平均客房出租率,71,%,总量,总量,2023-04-29,2023-04-29至2023-05-03(5天),5天口径,住宿,实测,实际,2019同期,5,2026-08-21,水平值,无,上海市文化和旅游局,证券时报转引假期大数据,B,B,https://capital.huanqiu.com/article/4CknfUPcLgy
2023,五一,酒店,华住五一预订率同比2021,+30,%,总量,总量,2023-04-29,2023-04-29至2023-05-03(5天),5天口径,住宿,平台披露,实际,2021同期,5,2026-08-21,增速,无,华住集团(澎湃转引),社会服务行业2023年五一假期行业数据点评,C,C,https://stock.hexun.com/2023-05-04/209392722.html
2023,五一,酒店,去哪儿冷门城市酒店预订较2019,+超10倍(>1000%),%,比率,2023-04-29,2023-04-29至2023-05-03(5天),5天口径,住宿,平台披露,实际,2019同期,5,增速,2026-08-21,无,去哪儿,中国城市报转引支付宝/平台数据,2023-05-08,C,https://paper.people.com.cn/zgcsb/html/2023-05/08/content_25981449.htm,平台口径; 冷门城市样本
2023,五一,酒店,同程三至五线城市酒店预订同比,+超150,%,总量,总量,2023-04-29,2023-04-29至2023-05-03(5天),5天口径,住宿,平台披露,实际,2022同期,5,2026-08-21,增速,无,同程旅行,假期大数据(环球网财经),C,C,https://capital.huanqiu.com/article/4CknfUPcLgy
2023,五一,酒店,国内景区门票量同比,+9倍(约+900%),倍数,倍数,2023-04-29,2023-04-29至2023-05-03(5天),5天口径,景区供给,平台披露,实际,2022同期,5,倍数,2026-08-21,无,携程,2023年五一出游数据报告,2023-05-04,C,https://www.cnr.cn/tech/techph/20230504/t20230504_526239695.shtml,较2019五一+2倍; 平台口径
2023,五一,酒店,尚美数智RevPAR同比,+172.13,%,总量,总量,2023-04-29,2023-04-29至2023-05-03(5天),5天口径,住宿,平台披露,实际,2022同期,5,2026-08-21,增速,无,尚美数智科技集团,新京报贝壳财经,C,C,https://www.bjnews.com.cn/detail/1683530877168743.html
2023,五一,酒店,跨省酒店预订占比,超7成,%,总量,总量,2023-04-29,2023-04-29至2023-05-03(5天),5天口径,住宿,平台披露,实际,无,5,2026-08-21,占比,无,携程,2023年五一出游数据报告,C,C,https://www.cnr.cn/tech/techph/20230504/t20230504_526239695.shtml
2023,五一,酒店,锦江酒店预定房间数(同比),2022同期近3倍/较2021翻倍,倍,倍数,2023-04-29,2023-04-29至2023-05-03(5天),5天口径,住宿,平台披露,实际,2022同期,5,倍数,2026-08-21,无,财联社/锦江酒店,社会服务行业2023年五一假期行业数据点评,2023-05-04,C,https://stock.hexun.com/2023-05-04/209392722.html,客房出租率预计恢复2019 100%以上; 单集团口径
2023,端午,交通,东航及旗下端午机票预订量,94,万,人次,2023-06-19 至 2023-06-24,3天,3天口径,民航客运量,平台自披露,实际,同比,3,水平值,2023-06-25,,东方航空（21世纪经济报道转引）,Vacation consumption sizzles,2023-06-27,C,https://www.21jingji.com/article/20230627/herald/fe0362dfbf687c55c4336ecf7265ace1.html,截至6月19日预订量超94万，为去年端午假期的3.6倍；平台自身口径
2023,端午,交通,两岸小三通客运航线日均出入境客流,3100,人次,人次,2023-06-22 至 2023-06-24,3天,3天口径,客流人次,官方总量,实际,无(水平值),3,水平值,2023-06-25,,交通运输部/央视新闻,端午假期全国预计共发送旅客,2023-06-24,A,https://news.cctv.com/2023/06/24/ARTIxDJmtb3by2LxNp4F1b4s230624.shtml,创2023年1月7日恢复通航以来新高
2023,端午,交通,端午全国营业性客运量合计,14047,万人次,人次,2023-06-22 至 2023-06-24,3天,3天口径,公路人员流动量,官方营业性(不含自驾),实际,较2019,3,水平值,2023-06-25,,交通运输部（央视新闻转引）,端午假期全国预计共发送旅客,2023-06-24,A,https://news.cctv.com/2023/06/24/ARTIxDJmtb3by2LxNp4F1b4s230624.shtml,较2022年同期+89.1%，较2019年同期-22.8%；2023年为营业性口径（不含自驾），不得与2024+跨区域含自驾口径直接入增速链
2023,端午,交通,端午公路发送旅客,8934,万人次,人次,2023-06-22 至 2023-06-24,3天,3天口径,公路人员流动量,官方营业性(不含自驾),实际,较2019,3,水平值,2023-06-25,,交通运输部（央视新闻转引）,端午假期全国预计共发送旅客,2023-06-24,A,https://news.cctv.com/2023/06/24/ARTIxDJmtb3by2LxNp4F1b4s230624.shtml,较2022年+64.4%，较2019年-33.3%
2023,端午,交通,端午民航发送旅客,534,万人次,人次,2023-06-22 至 2023-06-24,3天,3天口径,民航客运量,官方营业性(不含自驾),实际,较2019,3,水平值,2023-06-25,,交通运输部（央视新闻转引）,端午假期全国预计共发送旅客,2023-06-24,A,https://news.cctv.com/2023/06/24/ARTIxDJmtb3by2LxNp4F1b4s230624.shtml,较2022年+287.0%，较2019年+3.0%
2023,端午,交通,端午民航日均计划航班/旅客运输,16110/198,班/万人次,人次,2023-06-22 至 2023-06-24,3天,3天口径,民航客运量,官方营业性(不含自驾),实际,较2019,3,复合,2023-06-25,,民航局/央视新闻,端午假期民航日均运输旅客较2019年同期增长11.5%,2023-06-23,A,https://big5.cctv.com/gate/big5/news.cctv.cn/2023/06/23/ARTIi4p1I77wopg5hdwLQ6jE230623.shtml,日均航班16110班（较2019+1.7%）、日均运输旅客198万（较2019+11.5%）
2023,端午,交通,端午水路发送旅客,253,万人次,人次,2023-06-22 至 2023-06-24,3天,3天口径,水路客运量,官方营业性(不含自驾),实际,较2019,3,水平值,2023-06-25,,交通运输部（央视新闻转引）,端午假期全国预计共发送旅客,2023-06-24,A,https://news.cctv.com/2023/06/24/ARTIxDJmtb3by2LxNp4F1b4s230624.shtml,较2022年+99.3%，较2019年-43.6%
2023,端午,交通,端午铁路发送旅客,4326,万人次,人次,2023-06-22 至 2023-06-24,3天,3天口径,铁路客运量,官方营业性(不含自驾),实际,较2019,3,水平值,2023-06-25,,交通运输部（央视新闻转引）,端午假期全国预计共发送旅客,2023-06-24,A,https://news.cctv.com/2023/06/24/ARTIxDJmtb3by2LxNp4F1b4s230624.shtml,较2022年+150.2%，较2019年+12.8%
2023,端午,交通,端午高速公路客车总流量,9936.02,万辆,辆,2023-06-22 至 2023-06-24,3天,3天口径,公路人员流动量,官方营业性(不含自驾),实际,较2019,3,水平值,2023-06-25,,交通运输部（央视新闻转引）,端午假期全国预计共发送旅客,2023-06-24,A,https://news.cctv.com/2023/06/24/ARTIxDJmtb3by2LxNp4F1b4s230624.shtml,日均3312.01万辆；较2019年+24.52%、较2022年+40.47%
2023,端午,交通,端午高速公路小客车总流量,9813.07,万辆,辆,2023-06-22 至 2023-06-24,3天,3天口径,公路人员流动量,官方营业性(不含自驾),实际,较2019,3,水平值,2023-06-25,,交通运输部（央视新闻转引）,端午假期全国预计共发送旅客,2023-06-24,A,https://news.cctv.com/2023/06/24/ARTIxDJmtb3by2LxNp4F1b4s230624.shtml,日均3271.02万辆；较2019年+24.85%、较2022年+40.32%；车流量（辆）
2023,端午,交通,端午高速公路总流量,1.17,亿辆,辆,2023-06-22 至 2023-06-24,3天,3天口径,公路人员流动量,官方营业性(不含自驾),实际,较2019,3,水平值,2023-06-25,,交通运输部（央视新闻转引）,端午假期全国预计共发送旅客,2023-06-24,A,https://news.cctv.com/2023/06/24/ARTIxDJmtb3by2LxNp4F1b4s230624.shtml,日均3905.02万辆；较2019年+23.92%，较2022年+34.82%；为车流量（辆），非客运人次，不可与铁/民/水客运量相加
2023,端午,平台,去哪儿热门城市机票/酒店（较2019）,超二成/1.6倍,,倍数,2023-06-22 至 2023-06-24,3天,3天口径,平台GMV,平台自披露,实际,较2019,3,复合,2023-06-25,,去哪儿（澎湃转引）,五年最火端午收官,2023-06-25,C,https://m.thepaper.cn/detail/23603768,国内热门城市机票预订量超2019同期二成、酒店预订量超2019同期1.6倍；平台自身口径
2023,端午,平台,同程机票/酒店/景区门票/度假（较2019）,均超2019同期,,倍数,2023-06-22 至 2023-06-24,3天,3天口径,平台GMV,平台自披露,实际,较2019,3,水平值,2023-06-25,,同程旅行（澎湃转引）,五年最火端午收官,2023-06-25,C,https://m.thepaper.cn/detail/23603768,多项业务超疫前；平台自身口径
2023,端午,平台,携程国内门票订单（较2019）,100,%（翻倍）,百分比,2023-06-22 至 2023-06-24,3天,3天口径,平台GMV,平台自披露,实际,较2019,3,水平值,2023-06-25,,携程（大众日报转引）,最火端午假期收官,2023-06-25,C,https://sd.dzwww.com/sdnews/202306/t20230625_12190006.htm,部分业态超疫前；平台自身口径，非全市场
2023,端午,平台,木鸟民宿假期订单（较2019）,3.8,倍,倍数,2023-06-22 至 2023-06-24,3天,3天口径,平台GMV,平台自披露,实际,较2019,3,水平值,2023-06-25,,木鸟民宿（搜狐转引）,多家旅企端午数据出炉,2023-06-24,C,https://www.sohu.com/a/690291976_121687414,为2019年同期3.8倍；淄博假期订单与节前预测相比+700%；平台自身口径
2023,端午,平台,飞猪国内旅游服务订单（较2019）,超越2019同期,,倍数,2023-06-22 至 2023-06-24,3天,3天口径,平台GMV,平台自披露,实际,较2019,3,水平值,2023-06-25,,飞猪（大众日报转引）,最火端午假期收官,2023-06-25,C,https://sd.dzwww.com/sdnews/202306/t20230625_12190006.htm,含国内机票/酒店/周边游/中长线游；出境游较元旦+3.6倍；平台自身口径
2023,端午,平台,飞猪高铁票/租车/周边游预订（同比）,2倍/3倍/4.6倍,倍,倍数,2023-06-22 至 2023-06-24,3天,3天口径,平台GMV,平台自披露,实际,同比,3,复合,2023-06-25,,飞猪（中国政府网转引）,端午节假期出游人次破亿,2023-06-24,C,https://www.gov.cn/lianbo/bumen/202306/content_6888052.htm,高铁票预订量同比+2倍、国内租车成交额+超3倍、周边游预订量+超4.6倍；平台自身口径
2023,端午,总体,2022端午国内旅游出游人次,7961.0,万人次,人次,2022-06-03 至 2022-06-05,3天,3天口径,旅游总花费,官方总量,实际,同比,3,水平值,2023-06-25,,文化和旅游部（新华网转引）,2022年端午节假期文化和旅游市场情况,2022-06-05,A,https://www.mct.gov.cn/wlbphone/wlbydd/xxfb/jiaodianxinwen/202206/t20220605_933339.html,同比下降10.7%；按可比口径恢复至2019年同期86.8%；去年同期基准（3天口径，与2023端午同天数，per-day可直接比）
2023,端午,总体,2022端午国内旅游收入,258.2,亿元,亿元,2022-06-03 至 2022-06-05,3天,3天口径,旅游总花费,官方总量,实际,同比,3,水平值,2023-06-25,,文化和旅游部（新华网转引）,2022年端午节假期文化和旅游市场情况,2022-06-05,A,https://www.mct.gov.cn/wlbphone/wlbydd/xxfb/jiaodianxinwen/202206/t20220605_933339.html,同比下降12.2%；恢复至2019年同期65.6%；去年同期基准
2023,端午,总体,2023十一国内出游人次预测,约8.2,亿人次,人次,2023-09-29 至 2023-10-06 预估,8天,8天口径,旅游总花费,测算,预计,较节假日X,8,水平值,2023-06-25,预判待回填,AI前瞻（内部测算）,下一节假日前瞻预测台账,2023-06-25,D,https://www.gov.cn/lianbo/bumen/202306/content_6888052.htm,预测ID=2023十一-F01；中心值约8.2亿；区间7.9-8.5亿；置信度中；十一8天（非合并），绝对值低于2022八天合并属口径效应（预计项，待官方回填，不得当实测）
2023,端午,总体,2023十一国内旅游收入预测,约7500,亿人次,人次,2023-09-29 至 2023-10-06 预估,8天,8天口径,旅游总花费,测算,预计,较节假日X,8,水平值,2023-06-25,预判待回填,AI前瞻（内部测算）,下一节假日前瞻预测台账,2023-06-25,D,https://www.gov.cn/lianbo/bumen/202306/content_6888052.htm,预测ID=2023十一-F02；中心值约7500亿；区间7100-7900亿；置信度中；十一8天（非合并），日均强度高于2022合并（预计项，待官方回填，不得当实测）
2023,端午,总体,2023暑假国内出游人次预测,约18.0,亿人次,人次,2023-07 至 2023-08 预估,62天,62天口径,旅游总花费,测算,预计,较节假日X,62,水平值,2023-06-25,预判待回填,AI前瞻（内部测算）,下一节假日前瞻预测台账,2023-06-25,D,https://www.gov.cn/lianbo/bumen/202306/content_6888052.htm,预测ID=2023暑假-F01；中心值约18.0亿；区间17.0-19.0亿；置信度中；暑期62天窗口，参考五一/端午复苏斜率外推（预计项，待官方回填，不得当实测）
2023,端午,总体,2023暑假国内旅游收入预测,约1.20,亿人次,人次,2023-07 至 2023-08 预估,62天,62天口径,旅游总花费,测算,预计,较节假日X,62,水平值,2023-06-25,预判待回填,AI前瞻（内部测算）,下一节假日前瞻预测台账,2023-06-25,D,https://www.gov.cn/lianbo/bumen/202306/content_6888052.htm,预测ID=2023暑假-F02；中心值约1.20万亿；区间1.10-1.30万亿；置信度中；暑期62天窗口，人均恢复至2019约九成（预计项，待官方回填，不得当实测）
2023,端午,总体,2023端午国内旅游出游人次,1.06,亿人次,人次,2023-06-22 至 2023-06-24,3天,3天口径,旅游总花费,官方总量,实际,同比,3,水平值,2023-06-25,,文化和旅游部（新华社转引）,2023年端午节假期文化和旅游市场情况,2023-06-24,A,https://mct.gov.cn/whzx/whyw/202306/t20230624_944663.htm,同比+32.3%；按可比口径恢复至2019年同期112.8%
2023,端午,总体,2023端午国内旅游收入,373.10,亿元,亿元,2023-06-22 至 2023-06-24,3天,3天口径,旅游总花费,官方总量,实际,同比,3,水平值,2023-06-25,,文化和旅游部（新华社转引）,2023年端午节假期文化和旅游市场情况,2023-06-24,A,https://mct.gov.cn/whzx/whyw/202306/t20230624_944663.htm,同比+44.5%；按可比口径恢复至2019年同期94.9%
2023,端午,总体,参与夜间游游客比例,22.3,%,百分比,2023-06-22 至 2023-06-24,3天,3天口径,客流人次,官方重点监测,实际,较2022,3,水平值,2023-06-25,,文化和旅游部（专项调查）,2023年端午节假期文化和旅游市场情况,2023-06-24,A,https://mct.gov.cn/whzx/whyw/202306/t20230624_944663.htm,较2022年同期提高7.9个百分点
2023,端午,总体,参与文博/非遗/音乐节等活动游客占比,87.9,%,百分比,2023-06-22 至 2023-06-24,3天,3天口径,客流人次,官方重点监测,实际,无(水平值),3,水平值,2023-06-25,,文化和旅游部（专项调查）,2023年端午节假期文化和旅游市场情况,2023-06-24,A,https://mct.gov.cn/whzx/whyw/202306/t20230624_944663.htm,访问文博场馆、历史文化街区，参与各类非遗项目，参加音乐节、演唱会等文化活动游客占比
2023,端午,总体,端午人均旅游消费（测算）,351.98,元/人次,人均trip,2023-06-22 至 2023-06-24,3天,3天口径,旅游总花费,测算,推算,同比,3,水平值,2023-06-25,测算待核,测算自文旅部数据,收入÷出游人次内部测算,2023-06-24,D,https://mct.gov.cn/whzx/whyw/202306/t20230624_944663.htm,测算值=373.10亿元÷1.06亿人次；为2019年同期（约410元）的85.9%；推算项强制D级，不与实测混栏
2023,端午,新消费,2023端午档电影票房,9.10,亿元,亿元,2023-06-22 至 2023-06-24,3天,3天口径,支付清算额,行业协会计,实际,无(水平值),3,水平值,2023-06-25,,灯塔专业版（证券时报转引）,“端午经济”释放消费活力,2023-06-26,C,https://ima.qq.com/wiki/?shareId=874c4916625c2b68fc06e8d8e79b52bb2c8c9f29a667a6dc34c20d657815e059&mediaId=pdf_21029587bbfd3216117dc86f4e9abb7c_0890ea8b56a187285e5062403afdcd8b7435586163997859&action=openDetailDrawer&webFrom=10000171,影史端午档票房第二（仅次于2018年9.12亿）；观影人次2250.47万（历史同期第三）；平均票价40.4元
2023,端午,新消费,同程演唱会/音乐节周边商圈酒店订单,300,%,百分比,2023-06-22 至 2023-06-24,3天,3天口径,平台GMV,平台自披露,实际,无(水平值),3,水平值,2023-06-25,,同程旅行（搜狐转引）,OTA平台数据端午节文化游,2023-06-24,C,https://www.sohu.com/a/693028875_100106037,青岛凤凰音乐节等带动；平台自身口径
2023,端午,新消费,携程避暑消暑相关搜索热度环比,50,%,百分比,2023-06-22 至 2023-06-24,3天,3天口径,搜索量,平台自披露,实际,环比,3,水平值,2023-06-25,,携程（搜狐转引）,多家旅企端午数据出炉,2023-06-24,C,https://www.sohu.com/a/690291976_121687414,高温催热避暑；平台自身口径
2023,端午,新消费,美团/大众点评端午夜间消费同比,95,%,百分比,2023-06-22 至 2023-06-23,3天,3天口径,平台GMV,平台自披露,实际,同比,3,增长率,2023-06-25,,美团/大众点评（21世纪经济报道转引）,Vacation consumption sizzles,2023-06-27,C,https://www.21jingji.com/article/20230627/herald/fe0362dfbf687c55c4336ecf7265ace1.html,端午假期前两天夜间消费较去年假日同期+95%；平台自身口径
2023,端午,新消费,美团端午前两天生活服务消费额同比,60,%,百分比,2023-06-22 至 2023-06-23,3天,3天口径,平台GMV,平台自披露,实际,同比,3,增长率,2023-06-25,,美团/大众点评（21世纪经济报道转引）,Vacation consumption sizzles,2023-06-27,C,https://www.21jingji.com/article/20230627/herald/fe0362dfbf687c55c4336ecf7265ace1.html,跨地市游客日均消费同比+190%；住宿类与旅游景点类消费规模增速均近200%；平台自身口径
2023,端午,新消费,贵州村超榕江酒店订单,11,倍,倍数,2023-06-22 至 2023-06-24,3天,3天口径,平台GMV,平台自披露,实际,无(水平值),3,水平值,2023-06-25,,携程（搜狐转引）,OTA平台数据端午节文化游,2023-06-24,C,https://www.sohu.com/a/693028875_100106037,民俗文化乡村游；平台自身口径
2023,端午,新消费,飞猪海岛游/夜游商品预订量（同比）,56/130,%,百分比,2023-06-22 至 2023-06-24,3天,3天口径,平台GMV,平台自披露,实际,无(水平值),3,复合,2023-06-25,,飞猪（大众日报转引）,最火端午假期收官,2023-06-25,C,https://sd.dzwww.com/sdnews/202306/t20230625_12190006.htm,避暑玩法崛起；海岛游+56%、夜游+130%；平台自身口径
2023,端午,新消费,飞猪演唱会周边酒店预订量（较元旦）,15,倍,倍数,2023-06-22 至 2023-06-24,3天,3天口径,平台GMV,平台自披露,实际,无(水平值),3,水平值,2023-06-25,,飞猪（羊城晚报转引）,近五年最火端午,2023-06-21,C,https://news.ycwb.com/2023-06/21/content_52024656.htm,演出经济带动；平台自身口径
2023,端午,旅行社,携程呼伦贝尔私家团/黔东南度假/新疆租车,10倍/150%/430%,,倍数,2023-06-22 至 2023-06-24,3天,3天口径,平台GMV,平台自披露,实际,无(水平值),3,复合,2023-06-25,,携程（搜狐转引）,多家旅企端午数据出炉,2023-06-24,C,https://www.sohu.com/a/690291976_121687414,呼伦贝尔私家团同比+超10倍、黔东南度假产品+超150%、新疆租车+430%；平台自身口径
2023,端午,旅行社,途牛长线游出游人次占比,49,%,百分比,2023-06-22 至 2023-06-24,3天,3天口径,平台GMV,平台自披露,实际,无(水平值),3,水平值,2023-06-25,,途牛旅游网（搜狐转引）,多家旅企端午数据出炉,2023-06-24,C,https://www.sohu.com/a/690291976_121687414,长线目的地云南、甘青连线居前；部分平台口径
2023,端午,景区,243个国家级夜间文旅消费集聚区夜间客流,3625.3,万人次,人次,2023-06-22 至 2023-06-24,3天,3天口径,客流人次,官方总量,实际,较2022,3,水平值,2023-06-25,,文化和旅游部（数据监测）,2023年端午节假期文化和旅游市场情况,2023-06-24,A,https://mct.gov.cn/whzx/whyw/202306/t20230624_944663.htm,平均每个集聚区每夜4.97万人次；较2022年同期增长38.8%
2023,端午,景区,端午期间全国边检查验出入境人员,396.3,万人次,人次,2023-06-22 至 2023-06-24,3天,3天口径,客流人次,官方总量,实际,较2019,3,水平值,2023-06-25,,国家移民管理局（21世纪经济报道转引）,Vacation consumption sizzles during Dragon Boat Festival,2023-06-27,A,https://www.21jingji.com/article/20230627/herald/fe0362dfbf687c55c4336ecf7265ace1.html,日均132.1万人次；较2022年端午增长约2.3倍，为2019年端午的64.6%；入境204.8万/出境191.5万
2023,端午,消费宏观,上海线下消费支付金额,约180,亿元,亿元,2023-06-22 至 2023-06-24,3天,3天口径,商务部社零,官方总量,实际,无(水平值),3,水平值,2023-06-25,,上海市（央视网转引）,商旅文深度融合 假期消费市场活力释放,2023-06-25,A,https://news.cctv.com/2023/06/25/ARTIWnq1TPTbaV9J9k3OehNp230625.shtml,五五购物节；餐饮业支付27.8亿元、住宿业13.2亿元
2023,端午,消费宏观,休闲消费（美食/观影/避暑/露营）同比,18.5,%,百分比,2023-06-22 至 2023-06-24,3天,3天口径,商务部社零,官方总量,实际,同比,3,增长率,2023-06-25,,商务部（央视网转引）,商旅文深度融合 假期消费市场活力释放,2023-06-25,A,https://news.cctv.com/2023/06/25/ARTIWnq1TPTbaV9J9k3OehNp230625.shtml,品味美食、观影看展、避暑戏水、野餐露营等休闲消费
2023,端午,消费宏观,北京重点监测企业销售额,24.7,亿元,亿元,2023-06-22 至 2023-06-24,3天,3天口径,商务部社零,官方重点监测,实际,无(水平值),3,水平值,2023-06-25,,北京市商务局（央视网转引）,商旅文深度融合 假期消费市场活力释放,2023-06-25,A,https://news.cctv.com/2023/06/25/ARTIWnq1TPTbaV9J9k3OehNp230625.shtml,实体业态同比+29%；60个重点商圈客流量2068.1万人次、同比+76.8%
2023,端午,消费宏观,广东重点餐饮企业销售额,6745.61,万元,万元,2023-06-22 至 2023-06-24,3天,3天口径,商务部社零,官方总量,实际,同比,3,水平值,2023-06-25,,广东省商务厅（央视网转引）,商旅文深度融合 假期消费市场活力释放,2023-06-25,A,https://news.cctv.com/2023/06/25/ARTIWnq1TPTbaV9J9k3OehNp230625.shtml,同比+5.6%
2023,端午,消费宏观,重庆端午累计消费同比,12.2,%,百分比,2023-06-22 至 2023-06-24,3天,3天口径,商务部社零,官方总量,实际,同比,3,增长率,2023-06-25,,重庆市（央视网转引）,商旅文深度融合 假期消费市场活力释放,2023-06-25,A,https://news.cctv.com/2023/06/25/ARTIWnq1TPTbaV9J9k3OehNp230625.shtml,较2019年同期+2.6%；中心城区主要商圈重点监测企业零售额同比+18.7%
2023,端午,消费宏观,重点监测企业粽子销售额同比,64.3,%,百分比,2023-06-22 至 2023-06-24,3天,3天口径,商务部社零,官方重点监测,实际,同比,3,增长率,2023-06-25,,商务部（央视网转引）,商旅文深度融合 假期消费市场活力释放,2023-06-25,A,https://news.cctv.com/2023/06/25/ARTIWnq1TPTbaV9J9k3OehNp230625.shtml,节令民俗商品销售明显增长
2023,端午,消费宏观,金银珠宝/体育用品销售额同比,13.6/3.4,%,百分比,2023-06-22 至 2023-06-24,3天,3天口径,商务部社零,官方总量,实际,同比,3,复合,2023-06-25,,商务部（央视网转引）,商旅文深度融合 假期消费市场活力释放,2023-06-25,A,https://news.cctv.com/2023/06/25/ARTIWnq1TPTbaV9J9k3OehNp230625.shtml,升级类商品；金银珠宝+13.6%、体育用品+3.4%
2023,端午,消费宏观,陕西570家零售餐饮样本销售额,7.73,亿元,亿元,2023-06-22 至 2023-06-24,3天,3天口径,商务部社零,官方重点监测,实际,较2019,3,水平值,2023-06-25,,陕西省商务厅（央视网转引）,商旅文深度融合 假期消费市场活力释放,2023-06-25,A,https://news.cctv.com/2023/06/25/ARTIWnq1TPTbaV9J9k3OehNp230625.shtml,同比+12.3%、较2019+9.5%；餐饮收入超4300万、同比+22.0%
2023,端午,消费宏观,青海122家重点零售餐饮企业销售额,1.09,亿元,亿元,2023-06-22 至 2023-06-24,3天,3天口径,商务部社零,官方总量,实际,较2022,3,水平值,2023-06-25,,青海省商务厅（商务部转引）,青海省端午消费购销两旺,2023-06-27,A,https://cif.mofcom.gov.cn/newsite/html/qinghai/html/725324/2023/6/27/1687828242860.html,较2022年增长27.58%；重点餐饮企业营业额较2022+76.3%
2023,端午,游客画像,端午18-33岁旅客群体占比,超四成,,百分比,2023-06-22 至 2023-06-24,3天,3天口径,客流人次,平台自披露,实际,无(水平值),3,定性,2023-06-25,,去哪儿（澎湃转引）,五年最火端午收官,2023-06-25,C,https://m.thepaper.cn/detail/23603768,端午属年轻人旅游节；定性素材
2023,端午,酒店,携程热门城市酒店预订（较2019）,1.6,倍,倍数,2023-06-22 至 2023-06-24,3天,3天口径,酒店间夜,平台自披露,实际,较2019,3,水平值,2023-06-25,,去哪儿（21世纪经济报道转引）,Vacation consumption sizzles,2023-06-27,C,https://www.21jingji.com/article/20230627/herald/fe0362dfbf687c55c4336ecf7265ace1.html,国内热门城市酒店预订量超2019同期1.6倍；平台自身口径
2023,端午,酒店,杭州市酒店总体入住率,50.4,%,百分比,2023-06-22 至 2023-06-24,3天,3天口径,酒店间夜,官方总量,实际,无(水平值),3,水平值,2023-06-25,,杭州市文化广电旅游局（腾讯转引）,杭州端午接待外地游客,2023-06-25,C,https://news.qq.com/rain/a/20230625A01UYK00,假期短且梅雨，省外游客占比降至41%
2023,端午,酒店,途家端午民宿预订量（较2019）,30,%,百分比,2023-06-22 至 2023-06-24,3天,3天口径,酒店间夜,平台自披露,实际,较2019,3,水平值,2023-06-25,,途家民宿（国际商报转引）,端午消费尽显中国经济澎湃动能,2023-06-25,C,http://sass.cn/109011/72439.aspx,每晚平均支付价格497元；平台自身口径，非全市场
2023,端午,酒店,郑州市全市酒店平均出租率,52.1,%,百分比,2023-06-22 至 2023-06-24,3天,3天口径,酒店间夜,官方总量,实际,无(水平值),3,水平值,2023-06-25,,郑州市文化广电和旅游局（澎湃转引）,郑州共接待游客514.1万人次,2023-06-24,C,https://m.thepaper.cn/detail/23599622,登封市星级饭店出租率87%
2023,暑假,交通出行,2024暑期铁路发送旅客预测,8.9,亿人次,人次,2023-07-01 至 2023-08-31,7-8月合计,62天口径,铁路客运量,测算,预计,较节假日X,62,水平值,2023-09-06,预判待回填,AI前瞻,内部测算,2023-09-06,D,,"预测ID=2024暑假-F03;中心值8.9亿/区间8.6-9.2亿/置信度中;内部测算,无外部URL"
2023,暑假,交通出行,全国水路暑运发送旅客,6251.23,万人次,人次,2023-07-01 至 2023-08-31,7-8月合计,62天口径,水路客运量,官方营业性(不含自驾),实际,无,62,水平值,2023-09-06,空,交通运输部海事局,中国水运网,2023-09-01,A,https://www.zgsyb.com/news.html?aid=662708,同比+76.33%
2023,暑假,交通出行,民航7月旅客运输量,6242.8,万人次,人次,2023-07-01 至 2023-07-31,7月单月,7月单月口径,民航客运量,官方营业性(不含自驾),实际,无,62,水平值,2023-09-06,空,民航局,新华网/民航局,2023-08,A,https://www.toutiao.com/article/7276228937485713931/,较2019+5.3%创月度新高
2023,暑假,交通出行,民航7月旅客运输量较2019增幅,5.3,%,百分比,2023-07-01 至 2023-07-31,7月单月,7月单月口径,民航客运量,官方营业性(不含自驾),实际,较2019,62,增长率,2023-09-06,空,民航局,新华网/民航局,2023-08,A,https://www.toutiao.com/article/7276228937485713931/,
2023,暑假,交通出行,民航8月旅客运输量,6396.4,万人次,人次,2023-08-01 至 2023-08-31,8月单月,8月单月口径,民航客运量,官方营业性(不含自驾),实际,无,62,水平值,2023-09-06,空,民航局,新华网/民航局,2023-09,A,https://www.toutiao.com/article/7276228937485713931/,同比+98.0%;较2019+4.5%
2023,暑假,交通出行,民航8月旅客运输量较2019增幅,4.5,%,百分比,2023-08-01 至 2023-08-31,8月单月,8月单月口径,民航客运量,官方营业性(不含自驾),实际,较2019,62,增长率,2023-09-06,空,民航局,新华网/民航局,2023-09,A,https://www.toutiao.com/article/7276228937485713931/,
2023,暑假,交通出行,民航暑运(7.1-8.31)运输旅客,1.3,亿人次,人次,2023-07-01 至 2023-08-31,7-8月合计,62天口径,民航客运量,官方营业性(不含自驾),实际,无,62,水平值,2023-09-06,空,民航局,民航局数据,2023-09-02,A,https://www.caac.gov.cn/big5/www.caac.gov.cn/XWZX/MHYW/202309/t20230902_221250.html,较2019+7.4%
2023,暑假,交通出行,民航暑运较2019同期增幅,7.4,%,百分比,2023-07-01 至 2023-08-31,7-8月合计,62天口径,民航客运量,官方营业性(不含自驾),实际,较2019,62,增长率,2023-09-06,空,民航局,民航局数据,2023-09-02,A,https://www.caac.gov.cn/big5/www.caac.gov.cn/XWZX/MHYW/202309/t20230902_221250.html,
2023,暑假,交通出行,铁路暑运(7.1-8.31)发送旅客,8.3,亿人次,人次,2023-07-01 至 2023-08-31,7-8月合计,62天口径,铁路客运量,官方营业性(不含自驾),实际,无,62,水平值,2023-09-06,空,国铁集团,中国政府网/国铁集团,2023-09,A,https://big5.www.gov.cn/gate/big5/www.gov.cn/yaowen/liebiao/202309/content_6901568.htm,创历史同期新高;单日最高1569万
2023,暑假,交通出行,铁路暑运单日最高发送旅客,1569,万人次,人次,2023-07-01 至 2023-08-31,7-8月合计,62天口径,铁路客运量,官方营业性(不含自驾),实际,无,62,水平值,2023-09-06,空,国铁集团,中国政府网/国铁集团,2023-09,A,https://big5.www.gov.cn/gate/big5/www.gov.cn/yaowen/liebiao/202309/content_6901568.htm,
2023,暑假,交通出行,铁路暑运日均开行旅客列车,10269,列,列,2023-07-01 至 2023-08-31,7-8月合计,62天口径,铁路客运量,官方营业性(不含自驾),实际,无,62,水平值,2023-09-06,空,国铁集团,中国政府网/国铁集团,2023-09,A,https://big5.www.gov.cn/gate/big5/www.gov.cn/yaowen/liebiao/202309/content_6901568.htm,
2023,暑假,平台渠道,同程工厂游产品预订热度同比增幅,36,%,百分比,2023-07-01 至 2023-08-31,7-8月合计,62天口径,平台GMV,平台自披露,实际,同比,62,增长率,2023-09-06,空,同程旅行,中国旅游网/同程报告,2023,C,http://www.cntour.cn,该平台自身口径
2023,暑假,平台渠道,携程出境机票均价同比降幅,66,%,百分比,2023-07-01 至 2023-08-31,7-8月合计,62天口径,平台GMV,平台自披露,实际,同比,62,增长率,2023-09-06,空,携程,《2023年暑期出游市场报告》,2023-08-30,C,https://big5.china.com.cn/gate/big5/travel.china.com.cn/txt/2023-08/30/content_109762579.shtml,高于2019同期15%;该平台自身口径
2023,暑假,平台渠道,携程出境跟团订单环比增幅,60,%,百分比,2023-07-01 至 2023-08-31,7-8月合计,62天口径,平台GMV,平台自披露,实际,环比,62,增长率,2023-09-06,空,携程,《2023年暑期出游市场报告》,2023-08-30,C,https://big5.china.com.cn/gate/big5/travel.china.com.cn/txt/2023-08/30/content_109762579.shtml,近六成;亲子家庭占52%;该平台自身口径
2023,暑假,平台渠道,携程国内单程含税机票均价,1085,元,元,2023-07-01 至 2023-08-31,7-8月合计,62天口径,平台GMV,平台自披露,实际,无,62,水平值,2023-09-06,空,携程,《2023年暑期出游市场报告》,2023-08-30,C,https://big5.china.com.cn/gate/big5/travel.china.com.cn/txt/2023-08/30/content_109762579.shtml,该平台自身口径
2023,暑假,平台渠道,携程暑期高铁游订单环比增幅(截至8.23),51,%,百分比,2023-07-01 至 2023-08-31,7-8月合计,62天口径,平台GMV,平台自披露,实际,环比,62,增长率,2023-09-06,空,携程,《2023年暑期出游市场报告》,2023-08-30,C,https://big5.china.com.cn/gate/big5/travel.china.com.cn/txt/2023-08/30/content_109762579.shtml,该平台自身口径
2023,暑假,平台渠道,第三批出境游通知后携程出境搜索增长,超20倍,倍,倍,2023-07-01 至 2023-08-31,7-8月合计,62天口径,搜索量,平台自披露,实际,无,62,定性,2023-09-06,空,携程,文旅部第三批出境游解读(携程数据),2023-08-10,C,https://zwgk.mct.gov.cn/zfxxgkml/zcfg/zcjd/202308/t20230829_946879.html,国庆出发时段最受关注;该平台自身口径
2023,暑假,平台渠道,途牛高端出境(南北极邮轮)预订超2019同期,是,定性,,2023-07-01 至 2023-08-31,7-8月合计,62天口径,平台GMV,平台自披露,实际,无,62,定性,2023-09-06,空,途牛,南方+报道,2023-09-01,C,https://static.nfapp.southcn.com/content/202309/01/c8053575.html?enterColumnId=13707,该平台自身口径
2023,暑假,平台渠道,飞猪出境旅游商品成交额同比增幅,800,%,百分比,2023-07-01 至 2023-08-31,7-8月合计,62天口径,平台GMV,平台自披露,实际,同比,62,增长率,2023-09-06,空,飞猪,南方+/搜狐报道,2023-09-01,C,https://static.nfapp.southcn.com/content/202309/01/c8053575.html?enterColumnId=13707,翻8倍以上;该平台自身口径
2023,暑假,平台渠道,飞猪国际机票暑期预订量同比增幅,1200,%,百分比,2023-07-01 至 2023-08-31,7-8月合计,62天口径,平台GMV,平台自披露,实际,同比,62,增长率,2023-09-06,空,飞猪,南方+/搜狐报道,2023-09-01,C,https://static.nfapp.southcn.com/content/202309/01/c8053575.html?enterColumnId=13707,增长12倍;该平台自身口径
2023,暑假,总体,2024暑期国内出游人次预测,19.5,亿人次,人次,2023-07-01 至 2023-08-31,7-8月合计,62天口径,旅游总花费,测算,预计,较节假日X,62,水平值,2023-09-06,预判待回填,AI前瞻,内部测算,2023-09-06,D,,"预测ID=2024暑假-F01;中心值19.5亿/区间19.0-20.0亿/置信度中;内部测算,无外部URL"
2023,暑假,总体,2024暑期国内出游总花费预测,1.33,万亿元,万亿元,2023-07-01 至 2023-08-31,7-8月合计,62天口径,旅游总花费,测算,预计,较节假日X,62,水平值,2023-09-06,预判待回填,AI前瞻,内部测算,2023-09-06,D,,"预测ID=2024暑假-F02;中心值1.33万亿/区间1.28-1.38万亿/置信度中;内部测算,无外部URL"
2023,暑假,总体,暑期人均单次旅游消费(推算),658.0,元,元/人次,2023-07-01 至 2023-08-31,7-8月合计,62天口径,旅游总花费,测算,推算,无,62,水平值,2023-09-06,测算待核,AI推算,内部测算,2023-09-06,D,,"总花费1.21万亿÷18.39亿人次;测算待核;无公开URL,替代验证路径:总花费÷人次"
2023,暑假,总体,暑期人均每日消费(推算),106.1,元,元/人天,2023-07-01 至 2023-08-31,7-8月合计,62天口径,旅游总花费,测算,推算,无,62,水平值,2023-09-06,测算待核,AI推算,内部测算,2023-09-06,D,,"总花费÷人次÷62天;人均per-day强制D;测算待核;无公开URL,替代验证路径:总花费÷人次÷天数"
2023,暑假,总体,暑期全国自驾出行量缺项说明,缺项,定性,人次,2023-07-01 至 2023-08-31,7-8月合计,62天口径,公路人员流动量,弱溯源,实际,无,62,定性,2023-09-06,全国总量缺项,内部标注,口径声明,2023-09-06,D,,2023暑期无全域自驾流动量公开口径(交通运输部跨区域口径2024起发布);全国总量缺项;无公开URL
2023,暑假,总体,暑期出游人数占全年国内旅游比重,28.1,%,百分比,2023-07-01 至 2023-08-31,7-8月合计,62天口径,旅游总花费,官方总量,实际,无,62,水平值,2023-09-06,空,中国旅游研究院,《2023年暑期旅游市场监测报告》,2023-09-04,A,https://www.mct.gov.cn/whzx/zsdw/zglyyjy/202309/t20230904_947007.html,
2023,暑假,总体,暑期国内旅游人数(6-8月),18.39,亿人次,人次,2023-07-01 至 2023-08-31,7-8月合计,62天口径,旅游总花费,官方总量,实际,无,62,水平值,2023-09-06,空,中国旅游研究院,《2023年暑期旅游市场监测报告》,2023-09-04,A,https://www.mct.gov.cn/whzx/zsdw/zglyyjy/202309/t20230904_947007.html,监测口径为6-8月
2023,暑假,总体,暑期国内旅游收入(6-8月),1.21,万亿元,万亿元,2023-07-01 至 2023-08-31,7-8月合计,62天口径,旅游总花费,官方总量,实际,无,62,水平值,2023-09-06,空,中国旅游研究院,《2023年暑期旅游市场监测报告》,2023-09-04,A,https://www.mct.gov.cn/whzx/zsdw/zglyyjy/202309/t20230904_947007.html,官方最终口径
2023,暑假,总体,暑期旅游收入占全年国内旅游收入比重,28.7,%,百分比,2023-07-01 至 2023-08-31,7-8月合计,62天口径,旅游总花费,官方总量,实际,无,62,水平值,2023-09-06,空,中国旅游研究院,《2023年暑期旅游市场监测报告》,2023-09-04,A,https://www.mct.gov.cn/whzx/zsdw/zglyyjy/202309/t20230904_947007.html,
2023,暑假,总体,暑期景区门票均价同比涨幅,4.63,%,百分比,2023-07-01 至 2023-08-31,7-8月合计,62天口径,客流人次,官方总量,实际,同比,62,增长率,2023-09-06,空,中国旅游研究院,《2023年暑期旅游市场监测报告》,2023-09-04,A,https://www.mct.gov.cn/whzx/zsdw/zglyyjy/202309/t20230904_947007.html,
2023,暑假,总体,暑期进港机票均价同比涨幅,14.17,%,百分比,2023-07-01 至 2023-08-31,7-8月合计,62天口径,旅游总花费,官方总量,实际,同比,62,增长率,2023-09-06,空,中国旅游研究院,《2023年暑期旅游市场监测报告》,2023-09-04,A,https://www.mct.gov.cn/whzx/zsdw/zglyyjy/202309/t20230904_947007.html,
2023,暑假,总体,暑期酒店客房均价同比涨幅,46.88,%,百分比,2023-07-01 至 2023-08-31,7-8月合计,62天口径,酒店RevPAR,官方总量,实际,同比,62,增长率,2023-09-06,空,中国旅游研究院,《2023年暑期旅游市场监测报告》,2023-09-04,A,https://www.mct.gov.cn/whzx/zsdw/zglyyjy/202309/t20230904_947007.html,
2023,暑假,总体,跨省出游前六省占比,35.78,%,百分比,2023-07-01 至 2023-08-31,7-8月合计,62天口径,旅游总花费,官方总量,实际,无,62,水平值,2023-09-06,空,中国旅游研究院,《2023年暑期旅游市场监测报告》,2023-09-04,A,https://www.mct.gov.cn/whzx/zsdw/zglyyjy/202309/t20230904_947007.html,京冀豫苏鲁皖
2023,暑假,新消费,2023暑期档总票房(含预售),200,亿元,亿元,2023-07-01 至 2023-08-31,7-8月合计,62天口径,演出票房,待核,实际,无,62,水平值,2023-09-06,空,灯塔专业版,新华社/灯塔数据,2023-08-28,C,https://hebei.ifeng.com/c/8SiW5v3vWvQ,早期含预售预估;官方最终206.19亿见补充行S1
2023,暑假,新消费,周杰伦海口演唱会创造旅游收入,10,亿元,亿元,2023-07-01 至 2023-08-31,7-8月合计,62天口径,旅游总花费,平台自披露,实际,无,62,水平值,2023-09-06,空,同程/新浪,暑期旅行新潮流,2023-07,C,https://k.sina.cn/article_1653603955_628ffe7302001h7oz.html,该平台自身口径
2023,暑假,新消费,周杰伦海口演唱会吸引游客,15,万人,人次,2023-07-01 至 2023-08-31,7-8月合计,62天口径,客流人次,平台自披露,实际,无,62,水平值,2023-09-06,空,同程/新浪,暑期旅行新潮流,2023-07,C,https://k.sina.cn/article_1653603955_628ffe7302001h7oz.html,创造旅游收入近10亿;该平台自身口径
2023,暑假,新消费,抖音贵州村超相关话题数,17000,个,个,2023-07-01 至 2023-08-31,7-8月合计,62天口径,播放量,平台自披露,实际,无,62,水平值,2023-09-06,空,抖音/中国政府网,2023暑期文旅盘点,2023-09,C,https://big5.www.gov.cn/gate/big5/www.gov.cn/yaowen/liebiao/202309/content_6902336.htm,该平台自身口径
2023,暑假,新消费,抖音音乐节演唱会相关话题播放量,360.7,亿次,次,2023-07-01 至 2023-08-31,7-8月合计,62天口径,播放量,平台自披露,实际,无,62,水平值,2023-09-06,空,抖音,2023暑期文旅数据报告/新华社,2023-08-31,C,https://hebei.ifeng.com/c/8SiW5v3vWvQ,带动武汉景区订单+72%、西安+70%;该平台自身口径
2023,暑假,新消费,暑期全国演出场次,11.02,万场,场次,2023-07-01 至 2023-08-31,7-8月合计,62天口径,演出票房,行业协会计,实际,无,62,水平值,2023-09-06,空,中国演出行业协会,暑期全国演出市场监测(人民日报),2023-09-05,B,https://paper.people.com.cn/rmrb/html/2023-09/05/nw.D110000renmrb_20230905_2-13.htm,较去年+301.53%
2023,暑假,新消费,暑期全国演出票房收入,102.77,亿元,亿元,2023-07-01 至 2023-08-31,7-8月合计,62天口径,演出票房,行业协会计,实际,无,62,水平值,2023-09-06,空,中国演出行业协会,暑期全国演出市场监测(人民日报),2023-09-05,B,https://paper.people.com.cn/rmrb/html/2023-09/05/nw.D110000renmrb_20230905_2-13.htm,较去年+792.41%
2023,暑假,新消费,暑期全国观演人数,3256.19,万人次,人次,2023-07-01 至 2023-08-31,7-8月合计,62天口径,演出票房,行业协会计,实际,无,62,水平值,2023-09-06,空,中国演出行业协会,暑期全国演出市场监测(人民日报),2023-09-05,B,https://paper.people.com.cn/rmrb/html/2023-09/05/nw.D110000renmrb_20230905_2-13.htm,较去年+806.70%
2023,暑假,新消费,榕江抖音餐饮订单同比增长,327,%,百分比,2023-07-01 至 2023-08-31,7-8月合计,62天口径,平台GMV,平台自披露,实际,同比,62,增长率,2023-09-06,空,抖音/中国政府网,2023暑期文旅盘点,2023-09,C,https://big5.www.gov.cn/gate/big5/www.gov.cn/yaowen/liebiao/202309/content_6902336.htm,该平台自身口径
2023,暑假,新消费,美团夜游搜索量同比增幅,80,%,百分比,2023-07-01 至 2023-08-31,7-8月合计,62天口径,搜索量,平台自披露,实际,同比,62,增长率,2023-09-06,空,美团,中国政府网/美团文旅研究院,2023-09,C,https://big5.www.gov.cn/gate/big5/www.gov.cn/yaowen/liebiao/202309/content_6902336.htm,该平台自身口径
2023,暑假,新消费,重庆研学旅游产品订单量同比增幅,3000,%,百分比,2023-07-01 至 2023-08-31,7-8月合计,62天口径,平台GMV,平台自披露,实际,同比,62,增长率,2023-09-06,空,携程,"""重庆""""最热""""暑期档""",2023-08-21,C,https://cq.people.com.cn/BIG5/n2/2023/0821/c367668-40538696.html,超30倍;该平台自身口径
2023,暑假,景区目的地,抖音暑期旅游内容搜索量同比增幅,147,%,百分比,2023-07-01 至 2023-08-31,7-8月合计,62天口径,搜索量,平台自披露,实际,同比,62,增长率,2023-09-06,空,抖音生活服务,2023暑期文旅数据报告,2023-08-29,C,https://www.xxrb.com.cn/html/2023/lvyou_0906/33094.html,该平台自身口径
2023,暑假,景区目的地,抖音暑期旅游打卡数,4,亿次,次,2023-07-01 至 2023-08-31,7-8月合计,62天口径,播放量,平台自披露,实际,无,62,水平值,2023-09-06,空,抖音生活服务,2023暑期文旅数据报告,2023-08-29,C,https://www.xxrb.com.cn/html/2023/lvyou_0906/33094.html,引用抖音数据;该平台自身口径
2023,暑假,景区目的地,携程博物馆类景区门票预订同比增幅,200,%,百分比,2023-07-01 至 2023-08-31,7-8月合计,62天口径,平台GMV,平台自披露,实际,同比,62,增长率,2023-09-06,空,携程,《2023年暑期出游市场报告》,2023-08-30,C,https://big5.china.com.cn/gate/big5/travel.china.com.cn/txt/2023-08/30/content_109762579.shtml,该平台自身口径
2023,暑假,景区目的地,携程国内景区门票预订恢复至2019比例,315,%,百分比,2023-07-01 至 2023-08-31,7-8月合计,62天口径,平台GMV,平台自披露,实际,无,62,水平值,2023-09-06,空,携程,《2023年暑期出游市场报告》,2023-08-30,C,https://big5.china.com.cn/gate/big5/travel.china.com.cn/txt/2023-08/30/content_109762579.shtml,该平台自身口径
2023,暑假,景区目的地,暑期出入境内地居民,4119,万人次,人次,2023-07-01 至 2023-08-31,7-8月合计,62天口径,客流人次,官方总量,实际,无,62,水平值,2023-09-06,空,国家移民管理局,国家移民管理局统计,2023-08-31,A,https://www.nia.gov.cn/News/news/content.jsp?id=1728029,环比+26.24%
2023,暑假,景区目的地,暑期出入境查验人员(7.1-8.29),8241.3,万人次,人次,2023-07-01 至 2023-08-31,7-8月合计,62天口径,客流人次,官方总量,实际,无,62,水平值,2023-09-06,空,国家移民管理局,国家移民管理局统计,2023-08-31,A,https://www.nia.gov.cn/News/news/content.jsp?id=1728029,乙类乙管后首暑期;日均139.7万;环比+19.88%
2023,暑假,景区目的地,黄山市前7个月接待游客,4415.69,万人次,人次,2023-07-01 至 2023-08-31,7-8月合计,62天口径,客流人次,待核,实际,无,62,水平值,2023-09-06,空,黄山市文化和旅游局,暑期旅游热黄山还缺点啥,2023-09-06,A,https://www.xxrb.com.cn/html/2023/lvyou_0906/33094.html,超2019同期
2023,暑假,景区目的地,黄山市前7个月旅游总收入,404.11,亿元,亿元,2023-07-01 至 2023-08-31,7-8月合计,62天口径,旅游总花费,待核,实际,无,62,水平值,2023-09-06,空,黄山市文化和旅游局,暑期旅游热黄山还缺点啥,2023-09-06,A,https://www.xxrb.com.cn/html/2023/lvyou_0906/33094.html,
2023,暑假,景区目的地,黄山等3家5A景区8.1-26接待游客,121.30,万人,人次,2023-07-01 至 2023-08-31,7-8月合计,62天口径,客流人次,待核,实际,无,62,水平值,2023-09-06,空,黄山市文化和旅游局,暑期旅游热黄山还缺点啥,2023-09-06,A,https://www.xxrb.com.cn/html/2023/lvyou_0906/33094.html,
2023,暑假,景区目的地,黄山等3家5A景区8.1-26门票收入,9985.77,万元,万元,2023-07-01 至 2023-08-31,7-8月合计,62天口径,旅游总花费,待核,实际,无,62,水平值,2023-09-06,空,黄山市文化和旅游局,暑期旅游热黄山还缺点啥,2023-09-06,A,https://www.xxrb.com.cn/html/2023/lvyou_0906/33094.html,
2023,暑假,景区目的地,黄山风景区暑期(7-8月)进山游客,108,万人,人次,2023-07-01 至 2023-08-31,7-8月合计,62天口径,客流人次,待核,实际,无,62,水平值,2023-09-06,空,黄山风景区管委会,黄山风景区暑期接待量再创新高,2023-08,A,https://m.thepaper.cn/newsDetail_forward_24492419,创历史同期新高
2023,暑假,景区目的地,黄山风景区暑期游客同比增幅,82.9,%,百分比,2023-07-01 至 2023-08-31,7-8月合计,62天口径,客流人次,待核,实际,同比,62,增长率,2023-09-06,空,黄山风景区管委会,黄山风景区暑期接待量再创新高,2023-08,A,https://m.thepaper.cn/newsDetail_forward_24492419,
2023,暑假,景区目的地,黄山风景区暑期游客较2019增幅,32.4,%,百分比,2023-07-01 至 2023-08-31,7-8月合计,62天口径,客流人次,待核,实际,较2019,62,增长率,2023-09-06,空,黄山风景区管委会,黄山风景区暑期接待量再创新高,2023-08,A,https://m.thepaper.cn/newsDetail_forward_24492419,
2023,暑假,消费宏观,8月社会消费品零售总额,37933,亿元,亿元,2023-07-01 至 2023-08-31,7-8月合计,62天口径,商务部社零,官方总量,实际,无,62,水平值,2023-09-06,空,国家统计局,2023年8月份社会消费品零售总额,2023-09-15,A,https://www.stats.gov.cn/xxgk/sjfb/zxfb2020/202309/t20230915_1942857.html,"同比+4.6%;单月非假期总量,不可与旅游总花费相加"
2023,暑假,消费宏观,8月餐饮收入,4212,亿元,亿元,2023-07-01 至 2023-08-31,7-8月合计,62天口径,商务部社零,官方总量,实际,无,62,水平值,2023-09-06,空,国家统计局,2023年8月份社会消费品零售总额,2023-09-15,A,https://www.stats.gov.cn/xxgk/sjfb/zxfb2020/202309/t20230915_1942857.html,同比+12.4%
2023,暑假,消费宏观,上半年社会消费品零售总额同比增幅,8.2,%,百分比,2023-07-01 至 2023-08-31,7-8月合计,62天口径,商务部社零,官方总量,实际,同比,62,增长率,2023-09-06,空,国家发展改革委,国务院政策例行吹风会,2023-07-31,A,https://big5.cctv.com/gate/big5/news.cctv.com/2023/08/01/ARTIhQK0tXZYnj9eUmouLar8230801.shtml,
2023,暑假,消费宏观,国务院恢复和扩大消费措施条数,20,条,条,2023-07-01 至 2023-08-31,7-8月合计,62天口径,商务部社零,待核,实际,无,62,水平值,2023-09-06,空,国务院办公厅/发改委,《关于恢复和扩大消费的措施》,2023-07-31,A,https://www.news.cn/politics/2023-07/31/c_1129778224.htm,六方面20条
2023,暑假,消费宏观,文旅部2023文旅消费促进活动覆盖期,3-12月,月,月,2023-07-01 至 2023-08-31,7-8月合计,62天口径,旅游总花费,官方总量,实际,无,62,定性,2023-09-06,空,文化和旅游部,《关于组织开展2023年文化和旅游消费促进活动的通知》,2023-04-13,A,https://dzswgf.mofcom.gov.cn/news/43/2023/4/1681367395569.html,"含""暑期""""中国之夜""""消费季"""
2023,暑假,消费宏观,暑期档国产影片票房,180.57,亿元,亿元,2023-07-01 至 2023-08-31,7-8月合计,62天口径,演出票房,官方总量,实际,无,62,水平值,2023-09-06,空,国家电影局,国家电影局统计数据,2023-09-01,A,https://www.chinafilm.gov.cn/xwzx/gzdt/202309/t20230901_767205.html,市场占比87.58%
2023,暑假,消费宏观,暑期档国产影片票房占比,87.58,%,百分比,2023-07-01 至 2023-08-31,7-8月合计,62天口径,演出票房,官方总量,实际,无,62,水平值,2023-09-06,空,国家电影局,国家电影局统计数据,2023-09-01,A,https://www.chinafilm.gov.cn/xwzx/gzdt/202309/t20230901_767205.html,
2023,暑假,消费宏观,暑期档电影总票房(国家电影局最终),206.19,亿元,亿元,2023-07-01 至 2023-08-31,7-8月合计,62天口径,演出票房,官方总量,实际,无,62,水平值,2023-09-06,空,国家电影局,国家电影局统计数据,2023-09-01,A,https://www.chinafilm.gov.cn/xwzx/gzdt/202309/t20230901_767205.html,"6.1-8.31口径;官方最终值,刷新影史同期纪录"
2023,暑假,消费宏观,暑期档电影观影人次,5.05,亿人次,人次,2023-07-01 至 2023-08-31,7-8月合计,62天口径,演出票房,官方总量,实际,无,62,水平值,2023-09-06,空,国家电影局,国家电影局统计数据,2023-09-01,A,https://www.chinafilm.gov.cn/xwzx/gzdt/202309/t20230901_767205.html,
2023,暑假,消费宏观,第三批出境团队游新增目的地,78,个国家,个,2023-07-01 至 2023-08-31,7-8月合计,62天口径,旅游总花费,官方总量,实际,无,62,水平值,2023-09-06,空,文化和旅游部,关于恢复第三批出境团队游通知(解读),2023-08-10,A,https://zwgk.mct.gov.cn/zfxxgkml/zcfg/zcjd/202308/t20230829_946879.html,目的地增至138个
2023,暑假,游客画像,同程亲子搜索热度环比涨幅,162,%,百分比,2023-07-01 至 2023-08-31,7-8月合计,62天口径,搜索量,平台自披露,实际,环比,62,增长率,2023-09-06,空,同程旅行,暑期旅游趋势报告,2023-07-13,C,http://finance.chinadevelopment.com.cn/hy/wy/2023/07/1848750.shtml,该平台自身口径
2023,暑假,游客画像,同程研学搜索热度环比涨幅(7月),203,%,百分比,2023-07-01 至 2023-08-31,7-8月合计,62天口径,搜索量,平台自披露,实际,环比,62,增长率,2023-09-06,空,同程旅行,暑期旅游趋势报告,2023-07-13,C,http://finance.chinadevelopment.com.cn/hy/wy/2023/07/1848750.shtml,该平台自身口径
2023,暑假,游客画像,同程避暑目的地热度环比涨幅,200,%,百分比,2023-07-01 至 2023-08-31,7-8月合计,62天口径,搜索量,平台自披露,实际,环比,62,增长率,2023-09-06,空,同程旅行,暑期旅游趋势报告,2023-07-13,C,http://finance.chinadevelopment.com.cn/hy/wy/2023/07/1848750.shtml,该平台自身口径
2023,暑假,游客画像,同程音乐节搜索热度环比涨幅(6-7月),460,%,百分比,2023-07-01 至 2023-08-31,7-8月合计,62天口径,搜索量,平台自披露,实际,环比,62,增长率,2023-09-06,空,同程旅行,暑期旅游趋势报告,2023-07-13,C,http://finance.chinadevelopment.com.cn/hy/wy/2023/07/1848750.shtml,该平台自身口径
2023,暑假,游客画像,暑期机票订单中亲子游较2019增幅,56,%,百分比,2023-07-01 至 2023-08-31,7-8月合计,62天口径,旅游总花费,平台自披露,实际,较2019,62,增长率,2023-09-06,空,携程,《2023年暑期出游市场报告》,2023-08-30,C,https://big5.china.com.cn/gate/big5/travel.china.com.cn/txt/2023-08/30/content_109762579.shtml,该平台自身口径
2023,暑假,酒店住宿,一线市场北京暑期RevPAR涨幅,51,%,百分比,2023-07-01 至 2023-08-31,7-8月合计,62天口径,酒店RevPAR,待核,实际,无,62,水平值,2023-09-06,空,STR/新浪研究院,社会服务行业研究,2023-09,C,https://stock.finance.sina.com.cn/stock/go.php/vReport_Show/kind/search/rptid/748867315127/index.phtml,
2023,暑假,酒店住宿,北京暑期整体入住率(STR截至8.19),83,%,百分比,2023-07-01 至 2023-08-31,7-8月合计,62天口径,酒店RevPAR,待核,实际,无,62,水平值,2023-09-06,空,STR/新浪研究院,社会服务行业研究,2023-09,C,https://stock.finance.sina.com.cn/stock/go.php/vReport_Show/kind/search/rptid/748867315127/index.phtml,一线市场样本
2023,暑假,酒店住宿,北京暑期酒店均价较2019增幅,51,%,百分比,2023-07-01 至 2023-08-31,7-8月合计,62天口径,酒店RevPAR,平台自披露,实际,较2019,62,增长率,2023-09-06,空,携程,北京商报/携程数据,2023-07-09,C,https://www.toutiao.com/article/7266982163156189753/,该平台自身口径
2023,暑假,酒店住宿,华住中国Q2 RevPAR,250,元,元/间夜,2023-07-01 至 2023-08-31,7-8月合计,62天口径,酒店RevPAR,待核,实际,无,62,水平值,2023-09-06,空,华住集团,2023年半年报,2023-09,C,https://ep.ycwb.com/epaper/ycwb/html/2023-09/06/content_9_598282.htm,"Q2季度口径,非仅暑期"
2023,暑假,酒店住宿,华住中国Q2 RevPAR同比增幅,77.3,%,百分比,2023-07-01 至 2023-08-31,7-8月合计,62天口径,酒店RevPAR,待核,实际,同比,62,增长率,2023-09-06,空,华住集团,2023年半年报,2023-09,C,https://ep.ycwb.com/epaper/ycwb/html/2023-09/06/content_9_598282.htm,
2023,暑假,酒店住宿,华住中国Q2入住率,81.8,%,百分比,2023-07-01 至 2023-08-31,7-8月合计,62天口径,酒店RevPAR,待核,实际,无,62,水平值,2023-09-06,空,华住集团,2023年半年报,2023-09,C,https://ep.ycwb.com/epaper/ycwb/html/2023-09/06/content_9_598282.htm,同比+17.2个百分点
2023,暑假,酒店住宿,美团亲子游酒店预订较2019增幅,150,%,百分比,2023-07-01 至 2023-08-31,7-8月合计,62天口径,平台GMV,平台自披露,实际,较2019,62,增长率,2023-09-06,空,美团,中国政府网/美团文旅研究院,2023-09,C,https://big5.www.gov.cn/gate/big5/www.gov.cn/yaowen/liebiao/202309/content_6902336.htm,该平台自身口径
2023,暑假,酒店住宿,美团儿童餐团购订单同比增幅,400,%,百分比,2023-07-01 至 2023-08-31,7-8月合计,62天口径,平台GMV,平台自披露,实际,同比,62,增长率,2023-09-06,空,美团,中国政府网/美团文旅研究院,2023-09,C,https://big5.www.gov.cn/gate/big5/www.gov.cn/yaowen/liebiao/202309/content_6902336.htm,该平台自身口径
2023,十一,交通,全国跨区域人员流动量(8天),22.04,亿人次,全国总量,2023-09-29至2023-10-06,8天,交通运输部跨区域口径,交通运输-人员流动,官方总量,实际,无,8,水平值,2023-10-20,,交通运输部,新华社/央视网,2023-10-07,A,https://news.cctv.com/2023/10/07/ARTIBaAkBJY1j2L6nKgMZIqK231007.shtml,含营业性客运+高速/国省道非营业性小客车；与营业性客运4.58亿分列不可相加
2023,十一,交通,全国高速公路流量,4.83,亿辆次,全国总量,2023-09-29至2023-10-06,8天,交通运输部口径,交通运输-人员流动,官方总量,实际,无,8,水平值,2023-10-20,,交通运输部,新华社/央视网,2023-10-07,A,https://news.cctv.com/2023/10/07/ARTIBaAkBJY1j2L6nKgMZIqK231007.shtml,日均6043万辆次；单日最高流量创新高
2023,十一,交通,公路发送旅客,2.9,亿人次,全国总量,2023-09-29至2023-10-06,8天,交通运输部营业性口径,交通运输-客运,官方总量,实际,较2022,8,水平值,2023-10-20,,交通运输部,新华社/央视网,2023-10-07,A,https://news.cctv.com/2023/10/07/ARTIBaAkBJY1j2L6nKgMZIqK231007.shtml,日均3623.2万；较2022+28.1%
2023,十一,交通,国铁集团铁路发送旅客(12天黄金周运输9.27-10.8),1.95,亿人次,全国总量,2023-09-27至2023-10-08,12天,国铁集团12天运输口径,交通运输-客运,官方总量,实际,无,12,水平值,2023-10-20,口径差异,国铁集团,铁路国庆黄金周运输圆满收官,2023-10-12,A,http://www.china-railway.com.cn/xwzx/ywsl/202310/t20231012_130790.html,12天窗口(9.27-10.8)与8天窗口1.41亿口径不同，分列不可相加；9.29单日2009.8万创历史新高
2023,十一,交通,民航发送旅客(8天),1708.5,万人次,全国总量,2023-09-29至2023-10-06,8天,交通运输部/民航局口径,交通运输-客运,官方总量,实际,较2022,8,水平值,2023-10-20,,交通运输部/民航局,新华社/央视网,2023-10-07,A,https://news.cctv.com/2023/10/07/ARTIBaAkBJY1j2L6nKgMZIqK231007.shtml,日均213.6万；较2022+195.0%
2023,十一,交通,民航较2019国庆日均增长,12.6,%,%增长,2023-09-29至2023-10-06,8天,民航局口径,交通运输-客运,官方总量,实际,较2019,8,水平值,2023-10-20,,民航局,假日消费火爆/中新经纬,2023-10-08,A,https://www.jwview.com/jingwei/10-08/560969.shtml,较2022+194.9%
2023,十一,交通,水路发送旅客,1018.1,万人次,全国总量,2023-09-29至2023-10-06,8天,交通运输部营业性口径,交通运输-客运,官方总量,实际,较2022,8,水平值,2023-10-20,,交通运输部,新华社/央视网,2023-10-07,A,https://news.cctv.com/2023/10/07/ARTIBaAkBJY1j2L6nKgMZIqK231007.shtml,日均127.3万；较2022+106.1%
2023,十一,交通,营业性旅客运输总量,4.58,亿人次,全国总量,2023-09-29至2023-10-06,8天,交通运输部营业性口径,交通运输-客运,官方总量,实际,较2022,8,水平值,2023-10-20,,交通运输部,新华社/央视网,2023-10-07,A,https://news.cctv.com/2023/10/07/ARTIBaAkBJY1j2L6nKgMZIqK231007.shtml,日均5727.7万；较2022+57.1%
2023,十一,交通,铁路9月29日单日发送旅客(历史新高),2009.8,万人次,全国总量,2023-09-29,单日,国铁集团口径,交通运输-客运,官方总量,实际,无,8,水平值,2023-10-20,,国铁集团,铁路国庆黄金周运输圆满收官,2023-10-12,A,http://www.china-railway.com.cn/xwzx/ywsl/202310/t20231012_130790.html,历史上首次突破2000万人次
2023,十一,交通,铁路发送旅客(8天交通运输部口径),1.41,亿人次,全国总量,2023-09-29至2023-10-06,8天,交通运输部营业性口径,交通运输-客运,官方总量,实际,较2022,8,水平值,2023-10-20,,交通运输部,新华社/央视网,2023-10-07,A,https://news.cctv.com/2023/10/07/ARTIBaAkBJY1j2L6nKgMZIqK231007.shtml,日均1763.6万；较2022+158%；与国铁12天1.95亿口径不同，分列
2023,十一,平台,同程博物馆旅游热度环比,400,%,%增长,2023-09-29至2023-10-06,8天,同程平台口径,平台订单,平台自披露,实际,环比,8,水平值,2023-10-20,,同程旅行,中国网旅游,2023-10-07,C,https://travel.china.com.cn/txt/2023-10/07/content_116728198.shtml,环比+4倍；平台自身口径
2023,十一,平台,携程出境游订单同比增长,800,%,%增长,2023-09-29至2023-10-06,8天,携程平台口径,平台订单,平台自披露,实际,同比,8,水平值,2023-10-20,,携程,中秋国庆旅游总结报告,2023-10-06,C,https://www.toutiao.com/article/7286831525214323215/,超8倍；平台自身口径
2023,十一,平台,携程国内旅游订单同比增长,近200,%,%增长,2023-09-29至2023-10-06,8天,携程平台口径,平台订单,平台自披露,实际,同比,8,水平值,2023-10-20,,携程,中秋国庆旅游总结报告,2023-10-06,C,https://www.ourjiangsu.com/a/20231007/1696684029926.shtml,近2倍；平台自身口径非全市场
2023,十一,平台,携程跨省游订单占比/同比增长,51/200,%/%,复合,2023-09-29至2023-10-06,8天,携程平台口径,平台订单,平台自披露,实际,同比,8,复合值,2023-10-20,,携程,21世纪经济报道,2023-10-06,C,https://www.toutiao.com/article/7286831525214323215/,占比51%；同比+2倍多；平台自身口径
2023,十一,平台,飞猪出境游产品预订量同比增长,2000,%,%增长,2023-09-29至2023-10-06,8天,飞猪平台口径,平台订单,平台自披露,实际,同比,8,水平值,2023-10-20,,飞猪,国庆节假期出游风向标,2023-09-13,C,https://jingji.cctv.cn/2023/09/27/ARTIgoVDGX50S1NM0TeKRJMb230927.shtml,超20倍；平台自身口径
2023,十一,平台,飞猪国内游产品预订量同比增长,近600,%,%增长,2023-09-29至2023-10-06,8天,飞猪平台口径,平台订单,平台自披露,实际,同比,8,水平值,2023-10-20,,飞猪,国庆节假期出游风向标,2023-09-13,C,https://jingji.cctv.cn/2023/09/27/ARTIgoVDGX50S1NM0TeKRJMb230927.shtml,近6倍；平台自身口径
2023,十一,平台,飞猪国内租车预订量较2019,460,%,%增长,2023-09-29至2023-10-06,8天,飞猪平台口径,平台订单,平台自披露,实际,较2019,8,水平值,2023-10-20,,飞猪,21世纪经济报道,2023-10-06,C,https://www.toutiao.com/article/7286831525214323215/,超4.6倍；平台自身口径
2023,十一,总体,243个国家级夜间文旅消费集聚区夜间客流量,1.12,亿人次,全国总量,2023-09-28至2023-10-06(夜间),8天,中国联通监测口径,旅游总花费,官方总量,实际,较2022,8,水平值,2023-10-20,,中国联通(中国政府网转引),中国政府网/文旅部,2023-10-06,A,https://www.gov.cn/lianbo/bumen/202310/content_6907586.htm,每夜5.76万；较2022国庆+68.7%
2023,十一,总体,人均旅游消费支出(测算=7534.3亿/8.26亿),912,元,人均trip,2023-09-29至2023-10-06,8天,媒体测算口径,旅游总花费,媒体测算,推算,较2019,8,水平值,2023-10-20,,媒体测算(中新经纬),假日消费报道,2023-10-08,D,https://www.jwview.com/jingwei/10-08/560969.shtml,测算值；较2019国庆831元+近10%；与实测分列
2023,十一,总体,出游人数较2019增幅(可比口径),4.1,%,%增长,2023-09-29至2023-10-06,8天,文旅部8天口径,旅游总花费,官方总量,实际,较2019,8,水平值,2023-10-20,,文化和旅游部,假期文化和旅游市场情况,2023-10-06,A,https://www.mct.gov.cn/whzx/whyw/202310/t20231006_947726.htm,
2023,十一,总体,国内旅游出游人数,8.26,亿人次,全国总量,2023-09-29至2023-10-06,8天,文旅部8天口径,旅游总花费,官方总量,实际,较2019,8,水平值,2023-10-20,,文化和旅游部,假期文化和旅游市场情况,2023-10-06,A,https://www.mct.gov.cn/whzx/whyw/202310/t20231006_947726.htm,同比+71.3%/较2019+4.1%
2023,十一,总体,国内旅游收入,7534.3,亿元,全国总量,2023-09-29至2023-10-06,8天,文旅部8天口径,旅游总花费,官方总量,实际,较2019,8,水平值,2023-10-20,,文化和旅游部,假期文化和旅游市场情况,2023-10-06,A,https://www.mct.gov.cn/whzx/whyw/202310/t20231006_947726.htm,同比+129.5%/较2019+1.5%
2023,十一,总体,旅游收入较2019增幅(可比口径),1.5,%,%增长,2023-09-29至2023-10-06,8天,文旅部8天口径,旅游总花费,官方总量,实际,较2019,8,水平值,2023-10-20,,文化和旅游部,假期文化和旅游市场情况,2023-10-06,A,https://www.mct.gov.cn/whzx/whyw/202310/t20231006_947726.htm,
2023,十一,政策宏观,36个大中城市重点商圈客流量同比,164,%,%增长,2023-09-29至2023-10-06,8天,商务部口径,社零消费,官方总量,实际,同比,8,水平值,2023-10-20,,商务部,央视网,2023-10-07,A,https://news.cctv.com/2023/10/07/ARTIpXfWQ6ppmNovwC5lOXsG231007.shtml,
2023,十一,政策宏观,全国示范步行街客流量同比,94.7,%,%增长,2023-09-29至2023-10-06,8天,商务部口径,社零消费,官方总量,实际,同比,8,水平值,2023-10-20,,商务部,央视网,2023-10-07,A,https://news.cctv.com/2023/10/07/ARTIpXfWQ6ppmNovwC5lOXsG231007.shtml,
2023,十一,政策宏观,商务部假期前7天重点监测零售餐饮销售额同比,9,%,%增长,2023-09-29至2023-10-05,7天(前7天),商务部重点监测口径,社零消费,官方总量,实际,同比,8,水平值,2023-10-20,,商务部,央视网,2023-10-07,A,https://news.cctv.com/2023/10/07/ARTIpXfWQ6ppmNovwC5lOXsG231007.shtml,属社零口径，不可与旅游总花费相加
2023,十一,政策宏观,国办释放旅游消费潜力措施条数,30,条,水平(计数),2023-09-29,8天,国办口径,政策宏观,官方总量,实际,无,8,水平值,2023-10-20,,国务院办公厅,关于释放旅游消费潜力推动旅游业高质量发展的若干措施,2023-09-29,A,https://www.jwview.com/jingwei/10-08/560969.shtml,五大方面30条
2023,十一,景区目的地,上海线上线下消费支付金额,760,亿元,全国总量,2023-09-29至2023-10-06,8天,上海商务委口径,社零消费,官方总量,实际,无,8,水平值,2023-10-20,,上海市商务委员会,商务部促消费/央视网,2023-10-07,A,https://news.cctv.com/2023/10/07/ARTIpXfWQ6ppmNovwC5lOXsG231007.shtml,线下449.2亿/线上313.9亿；属社零口径，不可与旅游总花费相加
2023,十一,景区目的地,内蒙古接待国内游客,2306.01,万人次,全国总量,2023-09-29至2023-10-06,8天,内蒙古文旅厅口径,城市消费,官方总量,实际,较2019,8,水平值,2023-10-20,,内蒙古自治区文化和旅游厅,多地晒长假成绩单(中新网),2023-10-08,A,https://m.chinanews.com/wap/detail/cht/zw/10090478.shtml,较2019 1.35倍
2023,十一,景区目的地,内蒙古旅游收入,158.48,亿元,全国总量,2023-09-29至2023-10-06,8天,内蒙古文旅厅口径,城市消费,官方总量,实际,较2019,8,水平值,2023-10-20,,内蒙古自治区文化和旅游厅,多地晒长假成绩单(中新网),2023-10-08,A,https://m.chinanews.com/wap/detail/cht/zw/10090478.shtml,较2019 1.18倍
2023,十一,景区目的地,北京市属公园及园林博物馆游客量,459.12,万人次,全国总量,2023-09-29至2023-10-06,8天,北京公园管理中心口径,城市消费,官方总量,实际,无,8,水平值,2023-10-20,,北京市公园管理中心,商务部促消费/央视网,2023-10-07,A,https://news.cctv.com/2023/10/07/ARTIpXfWQ6ppmNovwC5lOXsG231007.shtml,前三:颐和园101.27万/天坛95.55万/动物园55.91万
2023,十一,景区目的地,北京接待游客,1187.9,万人次,全国总量,2023-09-29至2023-10-06,8天,北京文旅局口径,城市消费,官方总量,实际,同比,8,水平值,2023-10-20,,北京市文化和旅游局,商务部促消费/央视网,2023-10-07,A,https://news.cctv.com/2023/10/07/ARTIpXfWQ6ppmNovwC5lOXsG231007.shtml,同比+48.9%
2023,十一,景区目的地,北京旅游总收入,155.7,亿元,全国总量,2023-09-29至2023-10-06,8天,北京文旅局口径,城市消费,官方总量,实际,同比,8,水平值,2023-10-20,,北京市文化和旅游局,商务部促消费/央视网,2023-10-07,A,https://news.cctv.com/2023/10/07/ARTIpXfWQ6ppmNovwC5lOXsG231007.shtml,同比+108.2%
2023,十一,景区目的地,新疆接待游客,1511.08,万人次,全国总量,2023-09-29至2023-10-06,8天,新疆文旅厅口径,城市消费,官方总量,实际,较2019,8,水平值,2023-10-20,,新疆自治区文化和旅游厅,多地晒长假成绩单(中新网),2023-10-08,A,https://m.chinanews.com/wap/detail/cht/zw/10090478.shtml,较2019+9.61%
2023,十一,景区目的地,新疆旅游收入,209.11,亿元,全国总量,2023-09-29至2023-10-06,8天,新疆文旅厅口径,城市消费,官方总量,实际,较2019,8,水平值,2023-10-20,,新疆自治区文化和旅游厅,多地晒长假成绩单(中新网),2023-10-08,A,https://m.chinanews.com/wap/detail/cht/zw/10090478.shtml,较2019+7.86%
2023,十一,景区目的地,浙江全省接待游客,4372.4,万人次,全国总量,2023-09-29至2023-10-06,8天,浙江文旅厅口径,城市消费,官方总量,实际,无,8,水平值,2023-10-20,,浙江省文化和旅游厅,多地晒长假成绩单(中新网),2023-10-08,A,https://m.chinanews.com/wap/detail/cht/zw/10090478.shtml,创历史同期新高；收入486.4亿
2023,十一,景区目的地,浙江全省旅游收入,486.4,亿元,全国总量,2023-09-29至2023-10-06,8天,浙江文旅厅口径,城市消费,官方总量,实际,无,8,水平值,2023-10-20,,浙江省文化和旅游厅,多地晒长假成绩单(中新网),2023-10-08,A,https://m.chinanews.com/wap/detail/cht/zw/10090478.shtml,人均消费1113元
2023,十一,游客画像,90后占出境游订单比例,约30,%,%占比,2023-09-29至2023-10-06,8天,携程平台口径,平台订单,平台自披露,实际,无,8,水平值,2023-10-20,,携程,十一游武汉/总结报告,2023-10-08,C,https://district.ce.cn/newarea/roll/202310/08/t20231008_38739730.shtml,90后占比近三成；平台自身口径非全市场
2023,十一,游客画像,乡村旅游人群中90后占比,30,%,%占比,2023-09-29至2023-10-06,8天,携程平台口径,平台订单,平台自披露,实际,无,8,水平值,2023-10-20,,携程,十一游武汉/总结报告,2023-10-08,C,https://district.ce.cn/newarea/roll/202310/08/t20231008_38739730.shtml,增长最快人群；平台自身口径
2023,十一,游客画像,国内游订单年龄主力(长线游为主),24-33,岁,水平(区间),2023-09-29至2023-10-06,8天,证券时报口径,平台订单,待核,实际,无,8,水平值,2023-10-20,,证券时报,8天超长假期来了,2023-09,C,https://stcn.com/article/detail/983244.html,上班白领群体；平台抽样口径
2023,十一,热门新消费,2023国庆档电影票房,27.34,亿元,全国总量,2023-09-29至2023-10-06,8天,国家电影局口径,电影,官方总量,实际,无,8,水平值,2023-10-20,,国家电影局,央视网,2023-10-09,A,https://big5.cctv.com/gate/big5/news.cctv.cn/2023/10/09/ARTIZbBHNKbOzhQ6i2V1cwx9231009.shtml,观影6510万人次
2023,十一,热门新消费,全国营业性演出场次(假期),44237,场,全国总量,2023-09-29至2023-10-06,8天,中国演出行业协会口径,演出,行业协会计,实际,较2019,8,水平值,2023-10-20,,中国演出行业协会,中消协双节消费维权报告,2023-10-20,C,https://www.cnr.cn/food/jdt/20231020/t20231020_526458079.shtml,较2019+48.95%
2023,十一,热门新消费,全国营业性演出票房收入,20.05,亿元,全国总量,2023-09-29至2023-10-06,8天,中国演出行业协会口径,演出,行业协会计,实际,较2019,8,水平值,2023-10-20,,中国演出行业协会,中消协双节消费维权报告,2023-10-20,C,https://www.cnr.cn/food/jdt/20231020/t20231020_526458079.shtml,较2019+82.60%
2023,十一,热门新消费,全国营业性演出观众人数,1180.35,万人次,全国总量,2023-09-29至2023-10-06,8天,中国演出行业协会口径,演出,行业协会计,实际,较2019,8,水平值,2023-10-20,,中国演出行业协会,中消协双节消费维权报告,2023-10-20,C,https://www.cnr.cn/food/jdt/20231020/t20231020_526458079.shtml,较2019+61.06%
2023,十一,热门新消费,国庆假期全国音乐节场次,60,场,水平(计数),2023-09-29至2023-10-06,8天,业内统计口径(中国网旅游),演出,待核,实际,无,8,水平值,2023-10-20,,业内统计(中国网旅游),双节成绩单,2023-10-07,C,https://travel.china.com.cn/txt/2023-10/07/content_116728198.shtml,不完全统计60多场
2023,十一,热门新消费,携程City walk搜索量同比增长,700,%,%增长,2023-09-29至2023-10-06,8天,携程平台口径,平台订单,平台自披露,实际,同比,8,水平值,2023-10-20,,携程,多地晒长假成绩单(中新网),2023-10-08,C,https://news.hubeidaily.net/pc/c_1853757.html,City walk入选；平台自身口径
2023,十一,热门新消费,杭州因亚运旅游订单同比增长,279,%,%增长,2023-09-29至2023-10-06,8天,杭州文旅局口径(中消协转引),平台订单,官方总量,实际,同比,8,水平值,2023-10-20,,杭州市文化广电旅游局(中消协转引),中消协双节消费维权报告,2023-10-20,C,https://www.cnr.cn/food/jdt/20231020/t20231020_526458079.shtml,亚运经济入选
2023,十一,跨年可比,2022国庆7天国内旅游出游人数,4.22,亿人次,全国总量,2022-10-01至2022-10-07,7天,文旅部7天口径,旅游总花费,官方总量,实际,较2019,7,水平值,2023-10-20,,文化和旅游部,2022年国庆节假期文化和旅游市场情况,2022-10-07,A,https://mct.gov.cn/whzx/whyw/202210/t20221007_936291.htm,同比-18.2%/恢复至2019的60.7%
2023,十一,跨年可比,2022国庆7天国内旅游收入,2872.1,亿元,全国总量,2022-10-01至2022-10-07,7天,文旅部7天口径,旅游总花费,官方总量,实际,较2019,7,水平值,2023-10-20,,文化和旅游部,2022年国庆节假期文化和旅游市场情况,2022-10-07,A,https://mct.gov.cn/whzx/whyw/202210/t20221007_936291.htm,同比-26.2%/恢复44.2%
2023,十一,跨年可比,2022国庆日均出游人次(推算=4.22/7),0.603,亿人次/天,日均量,2022-10-01至2022-10-07,7天,推算口径,旅游总花费,测算,推算,无,7,水平值,2023-10-20,,推算(基于文旅部数据),2022年国庆节假期文化和旅游市场情况,2022-10-07,D,https://mct.gov.cn/whzx/whyw/202210/t20221007_936291.htm,
2023,十一,跨年可比,2022国庆日均旅游收入(推算=2872.1/7),410.30,亿元/天,日均量,2022-10-01至2022-10-07,7天,推算口径,旅游总花费,测算,推算,无,7,水平值,2023-10-20,,推算(基于文旅部数据),2022年国庆节假期文化和旅游市场情况,2022-10-07,D,https://mct.gov.cn/whzx/whyw/202210/t20221007_936291.htm,
2023,十一,跨年可比,2023五一5天国内旅游出游人数,2.74,亿人次,全国总量,2023-04-29至2023-05-03,5天,文旅部5天口径,旅游总花费,官方总量,实际,较2019,5,水平值,2023-10-20,,文化和旅游部,2023年五一假期文化和旅游市场情况,2023-05-03,A,https://mct.gov.cn/whzx/whyw/202305/t20230503_943504.htm,同比+70.83%/恢复119.09%
2023,十一,跨年可比,2023五一5天国内旅游收入,1480.56,亿元,全国总量,2023-04-29至2023-05-03,5天,文旅部5天口径,旅游总花费,官方总量,实际,较2019,5,水平值,2023-10-20,,文化和旅游部,2023年五一假期文化和旅游市场情况,2023-05-03,A,https://mct.gov.cn/whzx/whyw/202305/t20230503_943504.htm,同比+128.90%/恢复100.66%
2023,十一,跨年可比,2023十一vs2022国庆 per-day出游增速(推算),71.2,%,%增长,2023vs2022,8天vs7天,推算口径,旅游总花费,测算,推算,较2022,8,水平值,2023-10-20,,推算(基于文旅部数据),假期文化和旅游市场情况,2023-10-06,D,https://www.mct.gov.cn/whzx/whyw/202310/t20231006_947726.htm,与文旅部可比口径+71.3%一致
2023,十一,跨年可比,2023十一vs2022国庆 per-day收入增速(推算),129.5,%,%增长,2023vs2022,8天vs7天,推算口径,旅游总花费,测算,推算,较2022,8,水平值,2023-10-20,,推算(基于文旅部数据),假期文化和旅游市场情况,2023-10-06,D,https://www.mct.gov.cn/whzx/whyw/202310/t20231006_947726.htm,与文旅部可比口径+129.5%一致
2023,十一,跨年可比,2023十一日均出游人次(推算=8.26/8),1.0325,亿人次/天,日均量,2023-09-29至2023-10-06,8天,推算口径,旅游总花费,测算,推算,无,8,水平值,2023-10-20,,推算(基于文旅部数据),假期文化和旅游市场情况,2023-10-06,D,https://www.mct.gov.cn/whzx/whyw/202310/t20231006_947726.htm,跨年对比须用per-day折算
2023,十一,跨年可比,2023十一日均旅游收入(推算=7534.3/8),941.79,亿元/天,日均量,2023-09-29至2023-10-06,8天,推算口径,旅游总花费,测算,推算,无,8,水平值,2023-10-20,,推算(基于文旅部数据),假期文化和旅游市场情况,2023-10-06,D,https://www.mct.gov.cn/whzx/whyw/202310/t20231006_947726.htm,
2023,十一,跨年可比,2023端午3天国内旅游出游人数,1.06,亿人次,全国总量,2023-06-22至2023-06-24,3天,文旅部3天口径,旅游总花费,官方总量,实际,较2019,3,水平值,2023-10-20,,文化和旅游部,2023年端午节假期文化和旅游市场情况,2023-06-24,A,https://www.gov.cn/lianbo/bumen/202306/content_6888420.htm,同比+32.3%/恢复112.8%
2023,十一,跨年可比,2023端午3天国内旅游收入,373.10,亿元,全国总量,2023-06-22至2023-06-24,3天,文旅部3天口径,旅游总花费,官方总量,实际,较2019,3,水平值,2023-10-20,,文化和旅游部,2023年端午节假期文化和旅游市场情况,2023-06-24,A,https://www.gov.cn/lianbo/bumen/202306/content_6888420.htm,同比+44.5%/恢复94.9%
2023,十一,酒店,中档和经济型酒店国庆RevPAR累计指数(较2019),112,指数,指数(2019=100),2023-01至2023-06(累计),上半年累计,时代财经口径,酒店经营,券商研究,实际,较2019,8,水平值,2023-10-20,,时代财经,2023酒店回暖报告,2023-10,C,https://www.tfcaijing.com/article/page/45566c4a795779416a367537777749734161355459513d3d,回升幅度领先其他级别
2023,十一,酒店,中金研究双节周度RevPAR同比,70.5,%,%增长,2023-10-01至2023-10-07,周,中金研究口径,酒店经营,券商研究,实际,同比,8,水平值,2023-10-20,,中金研究(格隆汇转引),三季度经济动能环比改善,2023-10,C,https://gelonghui.com/p/653809,RevPAR428元/ADR环比+21%/OCC环比+8.3ppt
2023,十一,酒店,内地酒店ADR峰值(10.2),1073.13,元,元(单价),2023-10-02,单日,STR口径(Hotel-Online),酒店经营,券商研究,实际,无,8,水平值,2023-10-20,,STR(经Hotel-Online发布),China Hotel Performance...,2023-10,C,https://www.hotel-online.com/press_releases/release/china-hotel-performance-jumped-during-eight-day-long-golden-week/,休闲驱动市场峰值
2023,十一,酒店,内地酒店ADR较2019同期,42.6,%,%增长,2023-09-29至2023-10-06,8天,STR口径(Hotel-Online),酒店经营,券商研究,实际,较2019,8,水平值,2023-10-20,,STR(经Hotel-Online发布),China Hotel Performance...,2023-10,C,https://www.hotel-online.com/press_releases/release/china-hotel-performance-jumped-during-eight-day-long-golden-week/,
2023,十一,酒店,"内地酒店RevPAR(全国,休闲市场10.2)",682.52,元,元(单房收益),2023-10-02,单日,STR口径(Hotel-Online),酒店经营,券商研究,实际,无,8,水平值,2023-10-20,,STR(经Hotel-Online发布),China Hotel Performance...,2023-10,C,https://www.hotel-online.com/press_releases/release/china-hotel-performance-jumped-during-eight-day-long-golden-week/,全国RevPAR已超2019
2023,十一,酒店,内地酒店RevPAR较2019同期,12.3,%,%增长,2023-09-29至2023-10-06,8天,STR口径(Hotel-Online),酒店经营,券商研究,实际,较2019,8,水平值,2023-10-20,,STR(经Hotel-Online发布),China Hotel Performance...,2023-10,C,https://www.hotel-online.com/press_releases/release/china-hotel-performance-jumped-during-eight-day-long-golden-week/,
2023,十一,酒店,内地酒店入住率同比(较2022),35.0,%,%增长,2023-09-29至2023-10-06,8天,STR口径(Hotel-Online),酒店经营,券商研究,实际,同比2022,8,水平值,2023-10-20,,STR(经Hotel-Online发布),China Hotel Performance...,2023-10,C,https://www.hotel-online.com/press_releases/release/china-hotel-performance-jumped-during-eight-day-long-golden-week/,2022为疫情管控年，低基数
2023,十一,酒店,内地酒店入住率峰值(10.2),83.1,%,%占比,2023-10-02,单日,STR口径(Hotel-Online),酒店经营,券商研究,实际,无,8,水平值,2023-10-20,,STR(经Hotel-Online发布),China Hotel Performance...,2023-10,C,https://www.hotel-online.com/press_releases/release/china-hotel-performance-jumped-during-eight-day-long-golden-week/,
2023,十一,酒店,内地酒店平均入住率(8天),65.1,%,%占比,2023-09-29至2023-10-06,8天,STR口径(Hotel-Online),酒店经营,券商研究,实际,无,8,水平值,2023-10-20,,STR(经Hotel-Online发布),China Hotel Performance Jumped During Eight-Day-Long Golden Week,2023-10,C,https://www.hotel-online.com/press_releases/release/china-hotel-performance-jumped-during-eight-day-long-golden-week/,峰值83.1%(10.2)；第三方研究口径
2023,十一,酒店,北京酒店预订量同比增长,540,%,%增长,2023-09-29至2023-10-06,8天,携程/证券时报口径,酒店经营,平台自披露,实际,同比,8,水平值,2023-10-20,,携程/证券时报,8天超长假期来了,2023-09,C,https://stcn.com/article/detail/983244.html,北京+5.4倍；平台自身口径
2023,十一,酒店,国内热门城市酒店预订量较2019同期增长,514,%,%增长,2023-09-29至2023-10-06,8天,去哪儿/证券时报口径,酒店经营,平台自披露,实际,较2019,8,水平值,2023-10-20,,去哪儿/证券时报,8天超长假期来了,2023-09,C,https://stcn.com/article/detail/983244.html,截至9.15 同比2019+514%；平台自身口径
2023,十一,酒店,国庆假期国内机票人均客单价,1293,元,元(单价),2023-09-29至2023-10-06,8天,携程平台口径,平台订单,平台自披露,实际,无,8,水平值,2023-10-20,,携程,车票抢光酒店猛涨,2023-09,C,https://www.toutiao.com/article/7278698804420444727/,较暑期+两成；平台自身口径
2023,十一,酒店,旅智科技酒店平均入住率,58.4,%,%占比,2023-09-29至2023-10-06,8天,旅智科技口径,酒店经营,行业协会计,实际,无,8,水平值,2023-10-20,无公开URL,旅智科技,2023国庆超级黄金周中国住宿业经营报告,2023-10-13,D,无公开URL(替代验证路径：旅智科技官方报告/行业媒体转引),平均房价266.8元/单房收益155.8元/较去年+155%
2023,十一,酒店,旅智科技酒店平均单房收益,155.8,元,元(单房收益),2023-09-29至2023-10-06,8天,旅智科技口径,酒店经营,行业协会计,实际,无,8,水平值,2023-10-20,无公开URL,旅智科技,2023国庆超级黄金周中国住宿业经营报告,2023-10-13,D,无公开URL(替代验证路径：旅智科技官方报告/行业媒体转引),
2023,十一,酒店,旅智科技酒店平均房价,266.8,元,元(单价),2023-09-29至2023-10-06,8天,旅智科技口径,酒店经营,行业协会计,实际,无,8,水平值,2023-10-20,无公开URL,旅智科技,2023国庆超级黄金周中国住宿业经营报告,2023-10-13,D,无公开URL(替代验证路径：旅智科技官方报告/行业媒体转引),民宿平均入住率66.3%/房价489.5/单房收益324.5，较去年+150%
2023,十一,酒店,时代财经国庆内地酒店RevPAR指数(较2019),112,指数,指数(2019=100),2023-09-29至2023-10-06,8天,时代财经口径,酒店经营,券商研究,实际,较2019,8,水平值,2023-10-20,,时代财经,2023酒店回暖报告,2023-10,C,https://www.tfcaijing.com/article/page/45566c4a795779416a367537777749734161355459513d3d,
2023,十一,酒店,时代财经国庆内地酒店入住率指数(较2019),97,指数,指数(2019=100),2023-09-29至2023-10-06,8天,时代财经口径,酒店经营,券商研究,实际,较2019,8,水平值,2023-10-20,,时代财经,2023酒店回暖报告,2023-10,C,https://www.tfcaijing.com/article/page/45566c4a795779416a367537777749734161355459513d3d,入住率仍低于2019
2023,十一,酒店,时代财经国庆内地酒店平均房价指数(较2019),116,指数,指数(2019=100),2023-09-29至2023-10-06,8天,时代财经口径,酒店经营,券商研究,实际,较2019,8,水平值,2023-10-20,,时代财经,2023酒店回暖报告,2023-10,C,https://www.tfcaijing.com/article/page/45566c4a795779416a367537777749734161355459513d3d,房价指数超2019
2023,十一,酒店,杭州酒店预订量同比增长(9.23-10.8),480,%,%增长,2023-09-29至2023-10-06,8天,携程/证券时报口径,酒店经营,平台自披露,实际,同比,8,水平值,2023-10-20,,携程/证券时报,8天超长假期来了,2023-09,C,https://stcn.com/article/detail/983244.html,杭州+4.8倍；平台自身口径
2023,十一,酒店,杭州酒店预订量同比增长(携程口径),800,%,%增长,2023-09-29至2023-10-06,8天,携程平台口径,酒店经营,平台自披露,实际,同比,8,水平值,2023-10-20,,携程,加长版黄金周/央视,2023-09-27,C,https://jingji.cctv.cn/2023/09/27/ARTIgoVDGX50S1NM0TeKRJMb230927.shtml,同比+8倍；平台自身口径
2023,十一,酒店,首旅双节不含轻管理RevPAR恢复至2019同期,119,%,指数(2019=100),2023-09-29至2023-10-06,8天,中金研究口径,酒店经营,券商研究,实际,较2019,8,水平值,2023-10-20,,中金研究(格隆汇转引),三季度经济动能环比改善,2023-10,C,https://gelonghui.com/p/653809,亚朵/华住恢复至19年国庆7天120-125%
2023,十一,预测台账,2024元旦假期国内旅游出游人次(预测),1.35,亿人次,全国总量,2023-12-30至2024-01-01(预测),3天(预测),预测口径,旅游总花费,测算,预计,无,3,水平值,2023-10-20,预判待回填,本期前瞻预测,纵向延续与前瞻模块,2023-10-20,D,,"预测ID=2024元旦-F03；中心值1.35亿，区间[1.20,1.50]亿，置信度中低；2023元旦3天出游0.52亿为低基数；待实测回填"
2023,十一,预测台账,2024春节国内旅游出游人次(预测),4.80,亿人次,全国总量,2024-02-10至2024-02-17(预测),8天(预测),预测口径,旅游总花费,测算,预计,无,8,水平值,2023-10-20,预判待回填,本期前瞻预测,纵向延续与前瞻模块,2023-10-20,D,,"预测ID=2024春节-F01；中心值4.80亿，区间[4.50,5.10]亿，置信度中；口径效应：2024春节为8天(2.10-2.17)，与2023十一8天可比；待2024春节实测回填"
2023,十一,预测台账,2024春节国内旅游收入(预测),3800,亿元,全国总量,2024-02-10至2024-02-17(预测),8天(预测),预测口径,旅游总花费,测算,预计,无,8,水平值,2023-10-20,预判待回填,本期前瞻预测,纵向延续与前瞻模块,2023-10-20,D,,"预测ID=2024春节-F02；中心值3800亿，区间[3500,4100]亿，置信度中；待2024春节实测回填"
2024,春节,交通出行,2023春节7天铁路公路水路民航发送旅客,2.26,亿人次,水平值,2023-01-21~2023-01-27,7天,春运工作专班口径,官方营业性(不含自驾),官方营业性(不含自驾),实际,无(水平值),7,水平值,2026-08-21,历史基线,春运工作专班(中国政府网),春节假期发送旅客,2023-01-28,A,https://big5.www.gov.cn/gate/big5/www.gov.cn/xinwen/2023-01/28/content_5738970.htm,铁路5017.4万/公路1.62亿/水路486.8万/民航900.6万
2024,春节,交通出行,全社会跨区域人员流动量,22.93,亿人次,水平值,2024-02-10~2024-02-17,8天,2024综合运输春运工作专班口径,官方跨区域(含自驾),官方跨区域(含自驾),实际,无(水平值),8,水平值,2026-08-21,,2024年综合运输春运工作专班(交通运输部),春节假期全社会跨区域人员流动量累计达22.93亿人次,2024-02-18,A,https://www.gov.cn/yaowen/liebiao/202402/content_6931744.htm,含自驾;与铁/民/水营业性客运量口径不同不可加总
2024,春节,交通出行,公路人员流动量,216655,万人次,水平值,2024-02-10~2024-02-17,8天,2024综合运输春运工作专班口径,官方跨区域(含自驾),官方跨区域(含自驾),实际,无(水平值),8,水平值,2026-08-21,,2024年综合运输春运工作专班,春节假期全社会跨区域人员流动量累计达22.93亿人次,2024-02-18,A,https://www.gov.cn/yaowen/liebiao/202402/content_6931744.htm,其中小客车出行198029万(占91%)+公路营业性客运18626万
2024,春节,交通出行,哈尔滨局铁路旅客发送量,277.6,万人次,水平值,2024-02-09~2024-02-17,9天,国铁哈尔滨局口径,官方营业性(不含自驾),官方营业性(不含自驾),实际,同比,9,增长率,2026-08-21,,中国铁路哈尔滨局(中新网),春节期间哈尔滨接待游客1009.3万人次,2024-02-18,B,https://m.chinanews.com/wap/detail/chs/zw/10165336.shtml,除夕至初八9天;同比+49.4%
2024,春节,交通出行,哈尔滨机场旅客吞吐量,67.6,万人次,水平值,2024-02-10~2024-02-17,8天,哈尔滨太平机场口径,官方营业性(不含自驾),官方营业性(不含自驾),实际,同比,8,增长率,2026-08-21,,哈尔滨太平国际机场(人民网),哈尔滨冰雪游再创新高,2024-02-19,B,https://society.people.com.cn/n1/2024/0219/c1008-40179168.html,航班起降4107架次同比+21%;旅客+31.5%;东北四大机场之首
2024,春节,交通出行,春节假期单日流动量峰值,30828,万人次/日,日度,2024-02-17,单日,春运专班单日口径,官方跨区域(含自驾),官方跨区域(含自驾),实际,同比,8,水平值,2026-08-21,,2024年综合运输春运工作专班,春节假期全社会跨区域人员流动量累计达22.93亿人次,2024-02-18,A,https://www.gov.cn/yaowen/liebiao/202402/content_6931744.htm,2月17日(初八)达30828万，较2023同期+52.4%，较2019+47.5%
2024,春节,交通出行,春运40天全社会跨区域人员流动量,84,亿人次,水平值,2024-01-26~2024-03-05,40天,交通运输部春运口径,官方跨区域(含自驾),官方跨区域(含自驾),预计,无(水平值),40,水平值,2026-08-21,预判待回填,交通运输部,2024年春运全社会跨区域人员流动量预计超84亿人次,2024-03-05,A,https://www.gov.cn/lianbo/bumen/202403/content_6936769.htm,预计超84亿;其中铁路预计4.8亿
2024,春节,交通出行,春运40天公路人员流动量,78.3,亿人次,水平值,2024-01-26~2024-03-05,40天,交通运输部春运口径,官方跨区域(含自驾),官方跨区域(含自驾),预计,无(水平值),40,水平值,2026-08-21,预判待回填,交通运输部,2024年春运全社会跨区域人员流动量预计超84亿人次,2024-03-05,A,https://www.gov.cn/lianbo/bumen/202403/content_6936769.htm,其中小客车67.2亿占80%;营业性11.1亿
2024,春节,交通出行,春运40天民航客运量(实际),8345,万人次,水平值,2024-01-26~2024-03-05,40天,中国民航局口径,官方营业性(不含自驾),官方营业性(不含自驾),实际,同比,40,增长率,2026-08-21,,中国民航局(环球时报转引),春运收官 流动的中国释放哪些信号,2024-03-06,A,https://www.huanqiu.com/article/4GsK7Yv8Ejn,较2023+51.1%;较2019+14.5%;创历史新高
2024,春节,交通出行,春运40天水路客运量,2900,万人次,水平值,2024-01-26~2024-03-05,40天,交通运输部春运口径,官方营业性(不含自驾),官方营业性(不含自驾),预计,无(水平值),40,水平值,2026-08-21,预判待回填,交通运输部,2024年春运全社会跨区域人员流动量预计超84亿人次,2024-03-05,A,https://www.gov.cn/lianbo/bumen/202403/content_6936769.htm,
2024,春节,交通出行,春运40天铁路客运量(实际),4.84,亿人次,水平值,2024-01-26~2024-03-05,40天,国铁集团口径,官方营业性(不含自驾),官方营业性(不含自驾),实际,同比,40,增长率,2026-08-21,,国铁集团(环球时报转引),春运收官 流动的中国释放哪些信号,2024-03-06,A,https://www.huanqiu.com/article/4GsK7Yv8Ejn,同比+39%;较2019+18.8%;已超2019
2024,春节,交通出行,查验跨境交通运输工具,45.9,万架(艘/列/辆),水平值,2024-02-10~2024-02-17,8天,国家移民管理局边检口径,官方边检,官方边检,实际,较2023,8,增长率,2026-08-21,,国家移民管理局,春节假期1351.7万人次出入境,2024-02-18,A,https://nia.gov.cn/n897453/c1631883/content.html,较2023+1.6倍;粤港澳陆路口岸占总量73.1%
2024,春节,交通出行,民航保障航班,13.7,万班,水平值,2024-02-10~2024-02-17,8天,中国民航局口径,官方营业性(不含自驾),官方营业性(不含自驾),实际,同比,8,增长率,2026-08-21,,中国民航局,2024年春节假期民航市场平稳有序运行,2024-02-19,A,https://www.mot.gov.cn/zhuanti/2024chunyun/qingmanlvtu/202402/t20240219_4016547.html,日均17117班;较2023+33.2%，较2019+4.9%
2024,春节,交通出行,民航客运量,1799,万人次,水平值,2024-02-10~2024-02-17,8天,中国民航局口径,官方营业性(不含自驾),官方营业性(不含自驾),实际,无(水平值),8,水平值,2026-08-21,,中国民航局,2024年春节假期民航市场平稳有序运行,2024-02-19,A,https://www.mot.gov.cn/zhuanti/2024chunyun/qingmanlvtu/202402/t20240219_4016547.html,累计1799.2万人次;日均224.9万，创历史新高
2024,春节,交通出行,民航航班正常率,92.7,%,水平值,2024-02-10~2024-02-17,8天,中国民航局口径,官方营业性(不含自驾),官方营业性(不含自驾),实际,较2019,8,水平值,2026-08-21,,中国民航局,2024年春节假期民航市场平稳有序运行,2024-02-19,A,https://www.mot.gov.cn/zhuanti/2024chunyun/qingmanlvtu/202402/t20240219_4016547.html,较2019提高9.2pct;机场放行正常率93.5%
2024,春节,交通出行,水路客运量,941,万人次,水平值,2024-02-10~2024-02-17,8天,2024综合运输春运工作专班口径,官方营业性(不含自驾),官方营业性(不含自驾),实际,无(水平值),8,水平值,2026-08-21,,2024年综合运输春运工作专班,春节假期全社会跨区域人员流动量累计达22.93亿人次,2024-02-18,A,https://www.gov.cn/yaowen/liebiao/202402/content_6931744.htm,
2024,春节,交通出行,边检出入境人员,1351.7,万人次,水平值,2024-02-10~2024-02-17,8天,国家移民管理局边检口径,官方边检,官方边检,实际,较2023,8,增长率,2026-08-21,,国家移民管理局,春节假期1351.7万人次出入境,2024-02-18,A,https://nia.gov.cn/n897453/c1631883/content.html,日均169万;较2023同期+2.8倍;恢复2019同期近九成
2024,春节,交通出行,边检单日最高出入境(初三),185.7,万人次/日,日度,2024-02-12,单日,国家移民管理局边检口径,官方边检,官方边检,实际,无(水平值),8,水平值,2026-08-21,,国家移民管理局,春节假期1351.7万人次出入境,2024-02-18,A,https://nia.gov.cn/n897453/c1631883/content.html,2月12日(初三)
2024,春节,交通出行,铁路客运量,9946,万人次,水平值,2024-02-10~2024-02-17,8天,国铁集团口径,官方营业性(不含自驾),官方营业性(不含自驾),实际,无(水平值),8,水平值,2026-08-21,,中国国家铁路集团有限公司(中国政府网),春节假期全社会跨区域人员流动量累计达22.93亿人次,2024-02-18,A,https://www.gov.cn/yaowen/liebiao/202402/content_6931744.htm,2月17日单日1606.7万人次，连续4天刷新春运单日新高
2024,春节,平台,中长线游订单同比,300,%,增长率,2024-02-10~2024-02-17,8天,飞猪自披露口径,平台自披露,平台自披露,实际,同比,8,增长率,2026-08-21,,飞猪,2024春节假期出游快报,2024-02-17,C,https://k.sina.cn/article_5044281310_12ca99fde020023gng.html,大增超3倍;国内游预订量大幅超2019同期
2024,春节,平台,亲子/温泉/电竞/影音主题房订单同比,60/55/96/104,%,复合,2024-02-10~2024-02-17,8天,携程自披露口径,平台自披露,平台自披露,实际,同比,8,复合值,2026-08-21,,携程(人民政协网转引),春节国内国外游超疫前同期,2024-02-18,C,https://www.rmzxb.com.cn/c/2024-02-18/3492932.shtml,亲子酒店+60%/温泉+55%/电竞主题房+96%/影音+104%
2024,春节,平台,休闲玩乐订单同比,190,%,增长率,2024-02-10~2024-02-17,8天,美团自披露口径,平台自披露,平台自披露,实际,同比,8,增长率,2026-08-21,,美团(央视网转引),春节消费市场热辣滚烫,2024-02-20,C,https://big5.cctv.com/gate/big5/news.cctv.com/2024/02/20/ARTIDZpZfsusSaFff746vWIJ240220.shtml,洗浴中心/养生按摩+210%
2024,春节,平台,入境游订单较2019,48,%,增长率,2024-02-10~2024-02-17,8天,携程自披露口径,平台自披露,平台自披露,实际,较2019,8,增长率,2026-08-21,,携程,2024龙年春节旅行报告,2024-02-17,C,https://news.ifeng.com/c/8XFVhU2g74K,该平台自身口径，非全市场;入境游景区门票较2019+10倍
2024,春节,平台,冰雪游订单同比(抖音),39,%,增长率,2024-02-09~2024-02-15,7天,抖音自披露口径,平台自披露,弱溯源,实际,同比,7,增长率,2026-08-21,弱溯源,抖音(腾讯IMA百科转引),2024年春节消费数据报告,2024-02,D,https://ima.qq.com/wiki/?shareId=cbadae32c4e2c392d53710839df6127d848a93bce0a84653e0d1a3c74fb536d2&mediaId=pdf_21029587bbfd3216117dc86f4e9abb7c_33d7d947dadadd2549cfaa8913debdc97435586323380958&action=openDetailDrawer&webFrom=10000171,抖音监测期2.9-2.15;弱溯源URL，降级D档参考
2024,春节,平台,出境游预订量同比,1000,%,增长率,2024-02-10~2024-02-17,8天,飞猪自披露口径,平台自披露,平台自披露,实际,同比,8,增长率,2026-08-21,,飞猪,2024春节假期出游快报,2024-02-17,C,https://k.sina.cn/article_5044281310_12ca99fde020023gng.html,大增近10倍;创近4年峰值;前30海外目的地过半超2019
2024,春节,平台,国内单程含税机票均价,1200,元,水平值,2024-02-10~2024-02-17,8天,携程自披露口径,平台自披露,平台自披露,实际,同比,8,增长率,2026-08-21,,携程,2024龙年春节旅行报告,2024-02-17,C,"https://news.cnstock.com/news,bwkx-202402-5190266.htm",同比上涨近2成;该平台自身口径
2024,春节,平台,旅游住宿/休闲娱乐订单同比,130/119,%,复合,2024-02-09~2024-02-15,7天,抖音自披露口径,平台自披露,弱溯源,实际,同比,7,复合值,2026-08-21,弱溯源,抖音(腾讯IMA百科转引),2024年春节消费数据报告,2024-02,D,https://ima.qq.com/wiki/?shareId=cbadae32c4e2c392d53710839df6127d848a93bce0a84653e0d1a3c74fb536d2&mediaId=pdf_21029587bbfd3216117dc86f4e9abb7c_33d7d947dadadd2549cfaa8913debdc97435586323380958&action=openDetailDrawer&webFrom=10000171,抖音监测期2.9-2.15;弱溯源URL，降级D档参考
2024,春节,平台,热门城市机酒火预订同比,30,%,增长率,2024-02-10~2024-02-17,8天,同程自披露口径,平台自披露,平台自披露,实际,同比,8,增长率,2026-08-21,,同程旅行,2024春节假期旅行消费报告,2024-02-17,C,http://finance.chinadevelopment.com.cn/hy/wy/2024/02/1882422.shtml,机票/火车票/酒店预订同比涨幅均超3成;该平台自身口径
2024,春节,平台,美团哈尔滨文旅在线消费规模日均同比,130.2,%,增长率,2024-02-10~2024-02-17,8天,美团自披露口径,平台自披露,平台自披露,实际,同比,8,增长率,2026-08-21,,美团(央广网转引),哈尔滨冰雪游再创新高,2024-02-19,C,https://www.cnr.cn/hlj/hljyw/20240219/t20240219_526598818.shtml,哈尔滨文旅在线消费规模东北第一
2024,春节,平台,邮轮游预订量同比,445,%,增长率,2024-02-10~2024-02-17,8天,飞猪自披露口径,平台自披露,平台自披露,实际,同比,8,增长率,2026-08-21,,飞猪(新浪看点转引),2024春节假期出游快报,2024-02-17,C,https://k.sina.cn/article_5044281310_12ca99fde020023gng.html,含国内/国际邮轮
2024,春节,总体,2023国内旅游出游人次,3.08,亿人次,水平值,2023-01-21~2023-01-27,7天,春节7天口径v1.0,官方总量,官方总量,实际,无(水平值),7,水平值,2026-08-21,历史基线,文化和旅游部(新华社转引),2023年春节假期文化和旅游市场情况,2023-01-27,A,https://www.gov.cn/xinwen/2023-01/27/content_5738861.htm,同比+23.1%;恢复至2019同期88.6%
2024,春节,总体,2023国内游客出游总花费,3758.43,亿元,水平值,2023-01-21~2023-01-27,7天,春节7天口径v1.0,官方总量,官方总量,实际,无(水平值),7,水平值,2026-08-21,历史基线,文化和旅游部,2023年春节假期文化和旅游市场情况,2023-01-27,A,https://www.mct.gov.cn/whzx/whyw/202301/t20230127_938781.htm,同比+30%;恢复至2019同期73.1%
2024,春节,总体,2024五一国内出游人次(预测),2.9,亿人次,水平值,2024-05-01~2024-05-05,5天,预测口径,测算,测算,预计,无(水平值),5,区间,2026-08-21,预判待回填,本报告预测(基于2023五一2.74亿+春节恢复外推),预测台账,2024-02-20,D,https://www.mct.gov.cn:10443/whzx/whyw/202402/t20240218_951325.htm,预测ID=2024春节-F01;中心值2.9亿，区间2.8-3.0亿，置信度中;口径效应提示:5天vs2023同期5天
2024,春节,总体,2024全年出境游人次恢复度(预测),90,%,水平值,2024-01-01~2024-12-31,全年,预测口径,测算,测算,预计,较2019,365,区间,2026-08-21,预判待回填,本报告预测(基于春节边检恢复近九成),预测台账,2024-02-20,D,https://nia.gov.cn/n897453/c1631883/content.html,预测ID=2024春节-F03;中心值恢复至2019的90%，区间85-95%，置信度中;免签扩容是上行动力
2024,春节,总体,2024全年国内旅游人次(预测),60,亿人次,水平值,2024-01-01~2024-12-31,全年,预测口径,测算,测算,预计,无(水平值),365,区间,2026-08-21,预判待回填,本报告预测(基于春节恢复率外推),预测台账,2024-02-20,D,https://www.mct.gov.cn:10443/whzx/whyw/202402/t20240218_951325.htm,预测ID=2024春节-F02;中心值60亿，区间58-62亿，置信度中低;2023全年48.9亿为参照
2024,春节,总体,人均出游花费(测算),1335,元,人均trip,2024-02-10~2024-02-17,8天,春节8天口径v1.0,测算,测算,推算,无(水平值),8,水平值,2026-08-21,推算,中信证券(据文旅部数据测算),春节假期旅游市场消费火热 高景气度持续验证,2024-02-19,D,https://finance.sina.com.cn/stock/hkstock/ggscyd/2024-02-19/doc-inaiprfr2827141.shtml,测算值=总花费6326.87亿/出游4.74亿;D级推算，与实测分栏
2024,春节,总体,人均出游花费同比(测算),9.4,%,增长率,2024-02-10~2024-02-17,8天,春节8天口径v1.0,测算,测算,推算,同比,8,水平值,2026-08-21,推算,测算值(=1335/1220-1),本报告推算,2026-08-21,D,https://www.mct.gov.cn:10443/whzx/whyw/202402/t20240218_951325.htm,2023人均约1220元;2024约1335元;D级推算
2024,春节,总体,入出境旅游人数,683,万人次,水平值,2024-02-10~2024-02-17,8天,春节8天口径v1.0,官方总量,官方总量,实际,无(水平值),8,水平值,2026-08-21,,文化和旅游部,春节假期文化和旅游市场安全繁荣有序,2024-02-18,A,https://www.mct.gov.cn:10443/whzx/whyw/202402/t20240218_951325.htm,出境约360万;入境约323万;与边检1351.7万口径不同
2024,春节,总体,出游人次日均(测算),0.59,亿人次/天,日度,2024-02-10~2024-02-17,8天,春节8天口径v1.0,测算,测算,推算,无(水平值),8,水平值,2026-08-21,推算,测算值(由文旅部数据派生),本报告推算,2026-08-21,D,https://www.mct.gov.cn:10443/whzx/whyw/202402/t20240218_951325.htm,=4.74/8天;D级推算;2023年7天日均0.44亿/天
2024,春节,总体,出游人次日均(测算·2023),0.44,亿人次/天,日度,2023-01-21~2023-01-27,7天,春节7天口径v1.0,测算,测算,推算,无(水平值),7,水平值,2026-08-21,推算,测算值(2023文旅部数据派生),本报告推算,2026-08-21,D,https://www.gov.cn/xinwen/2023-01/27/content_5738861.htm,=3.08/7;D级推算
2024,春节,总体,出游人次日均(测算·2024),0.59,亿人次/天,日度,2024-02-10~2024-02-17,8天,春节8天口径v1.0,测算,测算,推算,无(水平值),8,水平值,2026-08-21,推算,测算值(文旅部数据派生),本报告推算,2026-08-21,D,https://www.mct.gov.cn:10443/whzx/whyw/202402/t20240218_951325.htm,=4.74/8;D级推算
2024,春节,总体,出游人次日均同比(测算),34.7,%,增长率,2024-02-10~2024-02-17,8天,春节8天口径v1.0,测算,测算,推算,同比,8,水平值,2026-08-21,推算,测算值(跨年per-day折算),本报告推算,2026-08-21,D,https://www.mct.gov.cn:10443/whzx/whyw/202402/t20240218_951325.htm,=(0.59-0.44)/0.44;D级推算;与官方同比+34.3%基本一致
2024,春节,总体,出游总花费日均(测算),790.86,亿元/天,日度,2024-02-10~2024-02-17,8天,春节8天口径v1.0,测算,测算,推算,无(水平值),8,水平值,2026-08-21,推算,测算值(由文旅部数据派生),本报告推算,2026-08-21,D,https://www.mct.gov.cn:10443/whzx/whyw/202402/t20240218_951325.htm,=6326.87/8天;D级推算;2023年7天日均536.9亿/天
2024,春节,总体,出游总花费日均同比(测算),47.3,%,增长率,2024-02-10~2024-02-17,8天,春节8天口径v1.0,测算,测算,推算,同比,8,水平值,2026-08-21,推算,测算值(跨年per-day折算),本报告推算,2026-08-21,D,https://www.mct.gov.cn:10443/whzx/whyw/202402/t20240218_951325.htm,=(790.9-536.9)/536.9;D级推算;与官方一致
2024,春节,总体,国内旅游出游人次,4.74,亿人次,水平值,2024-02-10~2024-02-17,8天,春节8天口径v1.0,官方总量,官方总量,实际,同比,8,水平值,2026-08-21,,文化和旅游部数据中心,春节假期文化和旅游市场安全繁荣有序,2024-02-18,A,https://www.mct.gov.cn:10443/whzx/whyw/202402/t20240218_951325.htm,同比+34.3%为官方已折算口径(2023年7天→8天);较2019按可比口径+19.0%
2024,春节,总体,国内游客出游总花费,6326.87,亿元,水平值,2024-02-10~2024-02-17,8天,春节8天口径v1.0,官方总量,官方总量,实际,同比,8,水平值,2026-08-21,,文化和旅游部数据中心,春节假期文化和旅游市场安全繁荣有序,2024-02-18,A,https://www.mct.gov.cn:10443/whzx/whyw/202402/t20240218_951325.htm,同比+47.3%;按可比口径较2019同期+7.7%;与社零口径分列不可相加
2024,春节,政策宏观,2023春节档电影票房,67.58,亿元,水平值,2023-01-21~2023-01-27,7天,国家电影局口径,官方总量,官方总量,实际,无(水平值),7,水平值,2026-08-21,历史基线,国家电影局(央视网转引),新春消费旺,2023-01-28,B,https://news.cctv.com/2023/01/28/ARTIiRwRmntHZM4IUPue2tZh230128.shtml,影史第二
2024,春节,政策宏观,2024全年入境旅游人次(预测),1.3,亿人次,水平值,2024-01-01~2024-12-31,全年,预测口径,测算,测算,预计,无(水平值),365,区间,2026-08-21,预判待回填,本报告预测(免签扩容+China Travel热度),预测台账,2024-02-20,D,https://big5.www.gov.cn/gate/big5/www.gov.cn/yaowen/liebiao/202402/content_6931850.htm,预测ID=2024春节-F06;中心值1.3亿，区间1.2-1.4亿，置信度中低;2023入境游客约8200万为参照
2024,春节,政策宏观,上海外来消费金额,155.5,亿元,水平值,2024-02-09~2024-02-16,8天,上海市商务委口径,官方总量,官方总量,实际,同比,8,增长率,2026-08-21,,上海市商务委(央视网),春节假日旅游市场热度强劲攀升,2024-02-18,B,https://big5.cctv.com/gate/big5/news.cctv.cn/2024/02/18/ARTIkKYNdcUN8FOrfmhdb3VF240218.shtml,外来消费1445.8万人次;较去年+21.6%(额)/+41.8%(次)
2024,春节,政策宏观,上海春节线上线下消费金额,569,亿元,水平值,2024-02-09~2024-02-16,8天,上海市商务委口径,官方总量,官方总量,实际,无(水平值),8,水平值,2026-08-21,,上海市商务委(央视网),春节假日旅游市场热度强劲攀升,2024-02-18,B,https://big5.cctv.com/gate/big5/news.cctv.cn/2024/02/18/ARTIkKYNdcUN8FOrfmhdb3VF240218.shtml,除夕到初七8天
2024,春节,政策宏观,互免签证国家数量,23,个,水平值,2024-02-10~2024-02-17,8天,外交部口径,官方总量,官方总量,实际,无(水平值),8,水平值,2026-08-21,,中国政府网(引述),中外游客带旺出入境流量,2024-02-18,A,https://big5.www.gov.cn/gate/big5/www.gov.cn/yaowen/liebiao/202402/content_6931850.htm,与中国全面互免签证国家增至23个
2024,春节,政策宏观,全国服务消费相关行业日均销售收入同比,52.3,%,增长率,2024-02-10~2024-02-17,8天,国家税务总局增值税发票口径,官方总量,官方总量,实际,同比,8,水平值,2026-08-21,,国家税务总局(央视网),春节消费市场热辣滚烫,2024-02-20,A,https://big5.cctv.com/gate/big5/news.cctv.com/2024/02/20/ARTIDZpZfsusSaFff746vWIJ240220.shtml,初一至初八;旅游/住宿/餐饮服务消费快速增长
2024,春节,政策宏观,全国示范步行街客流量/营业额同比,32.9/36.1,%,复合,2024-02-10~2024-02-17,8天,商务部商务大数据监测,官方总量,官方总量,实际,同比,8,复合值,2026-08-21,,商务部,消费市场实现良好开局,2024-02-22,A,https://cif.mofcom.gov.cn/newsite/html/shanxi/html/6004/2024/2/23/1708675100991.html,全国示范步行街
2024,春节,政策宏观,全国重点零售和餐饮企业销售额同比,8.5,%,增长率,2024-02-10~2024-02-17,8天,商务部商务大数据监测口径,官方重点监测,官方重点监测,实际,同比,8,水平值,2026-08-21,,商务部,消费市场实现良好开局(例行发布会),2024-02-22,A,https://cif.mofcom.gov.cn/newsite/html/shanxi/html/6004/2024/2/23/1708675100991.html,按可比口径;与旅游总花费口径不同不可相加
2024,春节,政策宏观,农村网络零售额同比,16.1,%,增长率,2024-02-10~2024-02-17,8天,商务部商务大数据监测,官方重点监测,官方重点监测,实际,同比,8,水平值,2026-08-21,,商务部,消费市场实现良好开局,2024-02-22,A,https://cif.mofcom.gov.cn/newsite/html/shanxi/html/6004/2024/2/23/1708675100991.html,农村餐饮/旅游/农产品消费升温
2024,春节,政策宏观,天津重点监测商贸企业销售额,20.9,亿元,水平值,2024-02-10~2024-02-17,8天,天津市商务局监测口径,官方总量,官方总量,实际,同比,8,增长率,2026-08-21,,天津市商务局(央视网),春节消费市场热辣滚烫,2024-02-20,B,https://big5.cctv.com/gate/big5/news.cctv.com/2024/02/20/ARTIDZpZfsusSaFff746vWIJ240220.shtml,473家商贸流通企业;同比+11.2%
2024,春节,政策宏观,春节档单片票房前四,27.18/23.98/13.89/13.4,亿元,复合,2024-02-10~2024-02-17,8天,国家电影局口径,官方总量,官方总量,实际,无(水平值),8,复合值,2026-08-21,,国家电影局(人民网/中国电影报),2024春节档电影成绩单,2024-02-18,A,https://ent-app.people.cn/n1/2024/0218/c1012-40178733.html,热辣滚烫27.18/飞驰人生2为23.98/熊出没逆转时空13.89/第二十条13.4
2024,春节,政策宏观,春节档电影票房,80.16,亿元,水平值,2024-02-10~2024-02-17,8天,国家电影局口径,官方总量,官方总量,实际,无(水平值),8,水平值,2026-08-21,,国家电影局(人民网),春节档电影票房超80亿元,2024-02-18,A,https://paper.people.com.cn/rmrbwap/html/2024-02/19/nw.D110000renmrb_20240219_3-01.htm,较2023春节档+18.47%;观影人次1.63亿(+26.36%);创同档期新纪录
2024,春节,政策宏观,春节档电影票房,80.16,亿元,水平值,2024-02-10~2024-02-17,8天,国家电影局口径,官方总量,官方总量,实际,同比,8,水平值,2026-08-21,,国家电影局(人民网),春节档电影票房超80亿元,2024-02-18,A,https://paper.people.com.cn/rmrbwap/html/2024-02/19/nw.D110000renmrb_20240219_3-01.htm,较2023+18.47%;观影1.63亿;创历史新高
2024,春节,政策宏观,春节档观影人次,1.63,亿人次,水平值,2024-02-10~2024-02-17,8天,国家电影局口径,官方总量,官方总量,实际,同比,8,增长率,2026-08-21,,国家电影局(人民网),春节档电影票房超80亿元,2024-02-18,A,https://paper.people.com.cn/rmrbwap/html/2024-02/19/nw.D110000renmrb_20240219_3-01.htm,较2023+26.36%
2024,春节,政策宏观,海南离岛免税购物金额,24.89,亿元,水平值,2024-02-10~2024-02-17,8天,海口海关口径,官方总量,官方总量,实际,无(水平值),8,水平值,2026-08-21,,海口海关(央视/央广网转引),海南春节假期离岛免税购物金额,2024-02-19,B,https://news.cnr.cn/native/gd/20240219/t20240219_526599054.shtml,购物29.77万人次;人均消费8358元
2024,春节,政策宏观,网上年货节网络零售额,11860.2,亿元,水平值,2024-01-17~2024-02-17,一个月,商务部重点电商平台监测口径,官方重点监测,官方重点监测,实际,无(水平值),8,水平值,2026-08-21,,商务部(央视/央广网转引),2024全国网上年货节收官,2024-02-19,A,https://news.cnr.cn/native/gd/20240219/t20240219_526599054.shtml,活动期间全国网络零售额约1.2万亿，较去年日均+9%
2024,春节,政策宏观,重点监测电商平台即时零售销售额同比,32.2,%,增长率,2024-02-10~2024-02-17,8天,商务部商务大数据监测口径,官方重点监测,官方重点监测,实际,同比,8,水平值,2026-08-21,,商务部,消费市场实现良好开局,2024-02-22,A,https://cif.mofcom.gov.cn/newsite/html/shanxi/html/6004/2024/2/23/1708675100991.html,部分大型连锁超市绿色有机食品+近20%
2024,春节,政策宏观,重点监测餐饮企业销售额同比,17,%,增长率,2024-02-10~2024-02-17,8天,商务部商务大数据监测口径,官方重点监测,官方重点监测,实际,同比,8,水平值,2026-08-21,,商务部,消费市场实现良好开局,2024-02-22,A,https://cif.mofcom.gov.cn/newsite/html/shanxi/html/6004/2024/2/23/1708675100991.html,约+17%
2024,春节,政策宏观,金银珠宝/体育娱乐用品/通讯器材销售额同比,23.8/15.6/10.4,%,复合,2024-02-10~2024-02-17,8天,商务部商务大数据监测口径,官方重点监测,官方重点监测,实际,同比,8,复合值,2026-08-21,,商务部,消费市场实现良好开局,2024-02-22,A,https://cif.mofcom.gov.cn/newsite/html/shanxi/html/6004/2024/2/23/1708675100991.html,重点监测零售企业分品类
2024,春节,政策宏观,除夕至初八日均网络支付交易金额,1.25,万亿元/天,日度,2024-02-09~2024-02-17,9天,中国人民银行网联/银联口径,官方总量,官方总量,实际,同比,9,增长率,2026-08-21,,中国人民银行(中国政府网),春节期间我国日均网络支付交易1.25万亿元,2024-02-18,A,https://www.gov.cn/lianbo/bumen/202402/content_6931753.htm,日均26.3亿笔;较去年春节日均+18.6%(笔)/+8.0%(额)
2024,春节,新消费,冰雪游产品订单同比,1000,%,增长率,2024-02-10~2024-02-17,8天,携程自披露口径,平台自披露,平台自披露,实际,同比,8,增长率,2026-08-21,,携程(同花顺转引),携程春节旅行报告,2024-02-19,C,https://wap.stockstar.com/detail/SS2024021900017770,超10倍;哈尔滨/长春/北京/沈阳热门，客源主要来自南方城市
2024,春节,新消费,出境游总花费,本期暂无权威公开数据,,定性,2024-02-10~2024-02-17,8天,缺口径,弱溯源,弱溯源,定性,无(水平值),8,定性,2026-08-21,无公开来源,无,无,2024,D,无,出境游总花费无权威披露;仅订单/人次代理指标;留缺口
2024,春节,新消费,县域智能家居(洗地机/洗碗机)销量同比,60,%,增长率,2024-02-10~2024-02-17,8天,央视转引商务部监测,官方重点监测,官方总量,实际,同比,8,水平值,2026-08-21,,商务部(央视转引),新闻联播春节消费报道,2024-02-18,B,https://news.cnr.cn/native/gd/20240219/t20240219_526599054.shtml,县域市场国产洗地机/洗碗机等智能家居销量+六成以上
2024,春节,新消费,数字人民币观影消费补贴,3000,万元,水平值,2024-02-10~2024-02-17,8天,中宣部电影局/人行口径,官方总量,官方总量,实际,无(水平值),8,水平值,2026-08-21,,中宣部电影局(人民网),看电影过大年数字人民币优惠活动,2024-02-18,A,https://paper.people.com.cn/rmrbwap/html/2024-02/19/nw.D110000renmrb_20240219_3-01.htm,11家金融机构;满减/领券/数字红包
2024,春节,新消费,龙元素饰品/新中式服装鞋帽销量,翻倍增长,定性,定性,2024-02-10~2024-02-17,8天,央视转引商务部监测,官方重点监测,官方总量,实际,无(水平值),8,定性,2026-08-21,,商务部(央视/央广网转引),春节消费扩容提质升级明显,2024-02-19,B,https://news.cnr.cn/native/gd/20240219/t20240219_526599054.shtml,国潮/国韵/国货大放异彩;消费升级与平替并存
2024,春节,旅行社,定制游人均价格同比,20,%,增长率,2024-02-10~2024-02-17,8天,携程自披露口径,平台自披露,平台自披露,实际,同比,8,增长率,2026-08-21,,携程,2024龙年春节旅行报告,2024-02-17,C,"https://news.cnstock.com/news,bwkx-202402-5190266.htm",旅游消费升级;门票玩乐订单均价400元以上较去年翻倍
2024,春节,旅行社,定制游订单同比,500,%,增长率,2024-02-10~2024-02-17,8天,携程自披露口径,平台自披露,平台自披露,实际,同比,8,增长率,2026-08-21,,携程(凤凰网转引),2024龙年春节旅行报告,2024-02-17,C,https://news.ifeng.com/c/8XFVhU2g74K,超5倍;西安/丽江/阆中年味主题定制线路+超10倍
2024,春节,旅行社,家庭出游成为主流,是,定性,定性,2024-02-10~2024-02-17,8天,途牛自披露口径,平台自披露,平台自披露,实际,无(水平值),8,定性,2026-08-21,,途牛(腾讯新闻转引),2024年春节旅游消费盘点,2024-02-18,C,https://news.qq.com/rain/a/20240218A04VEL00,国内文化游/冰雪游/主题乐园游/避寒游/海岛游度假类消费火爆
2024,春节,旅行社,旅行社行业整体订单量,本期暂无权威公开数据,,定性,2024-02-10~2024-02-17,8天,缺口径,弱溯源,弱溯源,定性,无(水平值),8,定性,2026-08-21,无公开来源,无,无,2024,D,无,全国旅行社订单总量无权威公开数据;仅平台侧结构数据(C级)可用
2024,春节,景区目的地,三亚接待游客,248.14,万人次,水平值,2024-02-09~2024-02-16,8天,三亚市统计口径,官方总量,官方总量,实际,同比,8,增长率,2026-08-21,,三亚市政府(央广网),哈尔滨三亚等网红城市晒出春节旅游成绩单,2024-02-22,B,https://www.cnr.cn/lvyou/dsywzl/20240222/t20240222_526603501.shtml,同比增长34.62%(2.9-2.16)
2024,春节,景区目的地,三亚旅游总收入,74.94,亿元,水平值,2024-02-09~2024-02-16,8天,三亚市统计口径,官方总量,官方总量,实际,同比,8,增长率,2026-08-21,,三亚市政府(央广网),哈尔滨三亚等网红城市晒出春节旅游成绩单,2024-02-22,B,https://www.cnr.cn/lvyou/dsywzl/20240222/t20240222_526603501.shtml,同比增长34.67%
2024,春节,景区目的地,上海接待游客,1675.95,万人次,水平值,2024-02-10~2024-02-17,8天,上海旅游大数据监测口径,官方总量,官方总量,实际,同比,8,增长率,2026-08-21,,上海旅游大数据监测(人民网转引),春节消费市场实现良好开局,2024-02-23,B,https://finance.people.com.cn/BIG5/n1/2024/0223/c1004-40181670.html,同比约+50%
2024,春节,景区目的地,全国A级景区二消结构占比,本期暂无权威公开数据,,定性,2024-02-10~2024-02-17,8天,缺口径,弱溯源,弱溯源,定性,无(水平值),8,定性,2026-08-21,无公开来源,无,无,2024,D,无,餐饮/住宿/文创/游乐二消拆解未见权威披露;留缺口
2024,春节,景区目的地,北京接待游客,1749.5,万人次,水平值,2024-02-10~2024-02-17,8天,北京旅游大数据综合监测口径,官方总量,官方总量,实际,同比,8,水平值,2026-08-21,,北京市文化和旅游局(央广网),龙年春节北京假日旅游市场持续火爆,2024-02-17,B,https://www.cnr.cn/bj/oiue/20240217/t20240217_526596502.shtml,按可比口径同比+37.4%;较2019同期+25.7%
2024,春节,景区目的地,北京旅游收入,286.5,亿元,水平值,2024-02-10~2024-02-17,8天,北京旅游大数据综合监测口径,官方总量,官方总量,实际,同比,8,水平值,2026-08-21,,北京市文化和旅游局(央广网),龙年春节北京假日旅游市场持续火爆,2024-02-17,B,https://www.cnr.cn/bj/oiue/20240217/t20240217_526596502.shtml,同比+40.6%;较2019同期+27.4%
2024,春节,景区目的地,哈尔滨冰雪游热度2024-25雪季(预测),回落至常态,定性,定性,2024-11-01~2025-03-31,跨雪季,预测口径,测算,测算,预计,无(水平值),365,定性,2026-08-21,预判待回填,本报告预测(现象级热度可持续性判断),预测台账,2024-02-20,D,https://society.people.com.cn/n1/2024/0219/c1008-40179168.html,预测ID=2024春节-F05;拐点判据=客流增速转负/搜索热度同比下滑;置信度中
2024,春节,景区目的地,哈尔滨接待游客,1009.3,万人次,水平值,2024-02-10~2024-02-17,8天,大数据测算口径,官方总量,官方总量,实际,同比,8,增长率,2026-08-21,,哈尔滨市文化广电和旅游局(新华社/人民网),哈尔滨冰雪游再创新高,2024-02-19,B,https://society.people.com.cn/n1/2024/0219/c1008-40179168.html,日均同比+81.7%;游客接待量创历史新高
2024,春节,景区目的地,哈尔滨旅游总收入,164.2,亿元,水平值,2024-02-10~2024-02-17,8天,大数据测算口径,官方总量,官方总量,实际,同比,8,增长率,2026-08-21,,哈尔滨市文化广电和旅游局(新华社/人民网),哈尔滨冰雪游再创新高,2024-02-19,B,https://society.people.com.cn/n1/2024/0219/c1008-40179168.html,按可比口径同比+235.4%;创历史新高
2024,春节,景区目的地,宋城演艺千古情演出场次,506,场,水平值,2024-02-10~2024-02-17,8天,宋城演艺自披露,平台自披露,待核,实际,无(水平值),8,水平值,2026-08-21,,宋城演艺(中信证券研报转引),春节假期旅游市场消费火热,2024-02-19,C,https://finance.sina.com.cn/stock/hkstock/ggscyd/2024-02-19/doc-inaiprfr2827141.shtml,为2019同期251%;接待272万人次为207%
2024,春节,景区目的地,宋城演艺接待游客,272,万人次,水平值,2024-02-10~2024-02-17,8天,宋城演艺自披露,平台自披露,待核,实际,无(水平值),8,水平值,2026-08-21,,宋城演艺(中信证券研报转引),春节假期旅游市场消费火热,2024-02-19,C,https://finance.sina.com.cn/stock/hkstock/ggscyd/2024-02-19/doc-inaiprfr2827141.shtml,为2019同期207%;总营收2.2亿为2019的189%
2024,春节,景区目的地,橘子洲接待游客,63.2,万人次,水平值,2024-02-10~2024-02-17,8天,文旅部通报口径,官方总量,官方总量,实际,同比,8,增长率,2026-08-21,,文化和旅游部,春节假期文化和旅游市场安全繁荣有序,2024-02-18,A,https://www.mct.gov.cn:10443/whzx/whyw/202402/t20240218_951325.htm,湖南橘子洲旅游区;同比+44.63%
2024,春节,景区目的地,江苏接待游客,5548.18,万人次,水平值,2024-02-10~2024-02-17,8天,省文旅统计口径,官方总量,官方总量,实际,同比,8,水平值,2026-08-21,,江苏省文旅部门(央视网),春节假日旅游市场热度强劲攀升,2024-02-18,B,https://news.cctv.cn/2024/02/18/ARTIkKYNdcUN8FOrfmhdb3VF240218.shtml,按可比口径较2023+47.8%;较2019+42.4%
2024,春节,景区目的地,江西5A及重点4A景区接待游客,476,万人次,水平值,2024-02-10~2024-02-17,8天,省文旅统计口径,官方总量,官方总量,实际,同比,8,增长率,2026-08-21,,江西省文旅部门(央视网),春节假日旅游市场热度强劲攀升,2024-02-18,B,https://news.cctv.cn/2024/02/18/ARTIkKYNdcUN8FOrfmhdb3VF240218.shtml,较2023+98.49%;较2019+225.8%
2024,春节,景区目的地,群众文化活动场次,15,万场,水平值,2024-02-10~2024-02-17,8天,春节8天口径v1.0,官方总量,官方总量,实际,无(水平值),8,水平值,2026-08-21,,文化和旅游部,春节假期文化和旅游市场安全繁荣有序,2024-02-18,A,https://www.mct.gov.cn:10443/whzx/whyw/202402/t20240218_951325.htm,村晚/戏曲进乡村/新年画/图书馆过大年;线上线下约6.69亿人次参与
2024,春节,景区目的地,营业性演出场次,1.63,万场,水平值,2024-02-10~2024-02-17,8天,春节8天口径v1.0,官方总量,官方总量,实际,同比,8,水平值,2026-08-21,,文化和旅游部,春节假期文化和旅游市场安全繁荣有序,2024-02-18,A,https://www.mct.gov.cn:10443/whzx/whyw/202402/t20240218_951325.htm,同比+52.10%
2024,春节,景区目的地,营业性演出票房收入,7.78,亿元,水平值,2024-02-10~2024-02-17,8天,春节8天口径v1.0,官方总量,官方总量,实际,同比,8,水平值,2026-08-21,,文化和旅游部,春节假期文化和旅游市场安全繁荣有序,2024-02-18,A,https://www.mct.gov.cn:10443/whzx/whyw/202402/t20240218_951325.htm,同比+80.09%;观演657.65万人次(+77.71%)
2024,春节,景区目的地,营业性演出观演人数,657.65,万人次,水平值,2024-02-10~2024-02-17,8天,春节8天口径v1.0,官方总量,官方总量,实际,同比,8,水平值,2026-08-21,,文化和旅游部,春节假期文化和旅游市场安全繁荣有序,2024-02-18,A,https://www.mct.gov.cn:10443/whzx/whyw/202402/t20240218_951325.htm,同比+77.71%
2024,春节,游客画像,亲子游订单占比,45,%,水平值,2024-02-10~2024-02-17,8天,携程自披露口径,平台自披露,平台自披露,实际,同比,8,水平值,2026-08-21,,携程,2024龙年春节旅行报告,2024-02-17,C,"https://news.cnstock.com/news,bwkx-202402-5190266.htm",亲子+父母同行订单占比16%;机票订单中亲子占42%同比+80%
2024,春节,游客画像,亲子游订单占比,45,%,水平值,2024-02-10~2024-02-17,8天,携程自披露口径,平台自披露,平台自披露,实际,无(水平值),8,水平值,2026-08-21,,携程,2024龙年春节旅行报告,2024-02-17,C,"https://news.cnstock.com/news,bwkx-202402-5190266.htm",父母同行16%;家庭出游主流
2024,春节,游客画像,全国游客平均出游距离,本期暂无权威公开数据,,定性,2024-02-10~2024-02-17,8天,缺口径,弱溯源,弱溯源,定性,无(水平值),8,定性,2026-08-21,无公开来源,无,无,2024,D,无,2023版曾披露206.9公里;2024版未见公开;留缺口不臆造
2024,春节,游客画像,多段出游订单占比,20,%,水平值,2024-02-10~2024-02-17,8天,携程自披露口径,平台自披露,平台自披露,实际,同比,8,水平值,2026-08-21,,携程,2024龙年春节旅行报告,2024-02-17,C,https://difang.gmw.cn/sh/2024-02/19/content_37153262.htm,2个及以上城市;同比提升3个百分点
2024,春节,游客画像,本地游订单占比,24,%,水平值,2024-02-10~2024-02-17,8天,携程自披露口径,平台自披露,平台自披露,实际,无(水平值),8,水平值,2026-08-21,,携程,2024龙年春节旅行报告,2024-02-17,C,https://news.ifeng.com/c/8XFVhU2g74K,带动老家景区/公园/商圈/民俗人气
2024,春节,游客画像,机票订单中亲子占比,42,%,水平值,2024-02-10~2024-02-17,8天,携程自披露口径,平台自披露,平台自披露,实际,同比,8,增长率,2026-08-21,,携程,2024龙年春节旅行报告,2024-02-17,C,"https://news.cnstock.com/news,bwkx-202402-5190266.htm",同比+80%
2024,春节,游客画像,跨省游订单占比,57,%,水平值,2024-02-10~2024-02-17,8天,携程自披露口径,平台自披露,平台自披露,实际,同比,8,水平值,2026-08-21,,携程,2024龙年春节旅行报告,2024-02-17,C,"https://news.cnstock.com/news,bwkx-202402-5190266.htm",同比去年翻番增长;该平台自身口径，非全市场
2024,春节,酒店,2024全年酒店行业RevPAR同比(预测),5,%,增长率,2024-01-01~2024-12-31,全年,预测口径,测算,测算,预计,同比,365,区间,2026-08-21,预判待回填,本报告预测(春节ADR+9.5%但Occ受压),预测台账,2024-02-20,D,https://finance.sina.com.cn/stock/hkstock/ggscyd/2024-02-19/doc-inaiprfr2827141.shtml,预测ID=2024春节-F04;中心值+5%，区间0~+10%，置信度中低;供给增加压制Occ
2024,春节,酒店,三亚旅游饭店平均入住率,90.86,%,水平值,2024-02-09~2024-02-16,8天,三亚市抽样调查口径,官方总量,官方总量,实际,同比,8,水平值,2026-08-21,,三亚市政府(央广网),哈尔滨三亚等网红城市晒出春节旅游成绩单,2024-02-22,B,https://www.cnr.cn/lvyou/dsywzl/20240222/t20240222_526603501.shtml,同比+3.92pct;亚龙湾93.45%/海棠湾95.41%
2024,春节,酒店,全国主要县城酒店预订同比,120,%,增长率,2024-02-10~2024-02-17,8天,同程自披露口径,平台自披露,平台自披露,实际,同比,8,增长率,2026-08-21,,同程旅行(腾讯新闻/文旅中国转引),回家过年住酒店成新选择,2024-02-19,C,https://new.qq.com/rain/a/20240219A06MS900,同程平台数据;该平台自身口径
2024,春节,酒店,全国酒店行业平均ADR,277.5,元,水平值,2024-02-10~2024-02-17,8天,酒店之家平台口径,平台自披露,平台自披露,实际,同比,8,增长率,2026-08-21,,酒店之家(中信证券研报转引),春节假期旅游市场消费火热,2024-02-19,C,https://finance.sina.com.cn/stock/hkstock/ggscyd/2024-02-19/doc-inaiprfr2827141.shtml,ADR同比2023农历日均+9.5%
2024,春节,酒店,全国酒店行业平均OCC,53.4,%,水平值,2024-02-10~2024-02-17,8天,酒店之家平台口径,平台自披露,平台自披露,实际,无(水平值),8,水平值,2026-08-21,,酒店之家(中信证券研报转引),春节假期旅游市场消费火热,2024-02-19,C,https://finance.sina.com.cn/stock/hkstock/ggscyd/2024-02-19/doc-inaiprfr2827141.shtml,第三方平台数据，非官方;ADR 277.5元;RevPAR 148.1元
2024,春节,酒店,全国酒店行业平均Occ,53.4,%,水平值,2024-02-10~2024-02-17,8天,酒店之家平台口径,平台自披露,平台自披露,实际,无(水平值),8,水平值,2026-08-21,,酒店之家(中信证券研报转引),春节假期旅游市场消费火热,2024-02-19,C,https://finance.sina.com.cn/stock/hkstock/ggscyd/2024-02-19/doc-inaiprfr2827141.shtml,Occ同比负增长，主因供给增加(OTA住宿设施同比+37%)
2024,春节,酒店,全国酒店行业平均RevPAR,148.1,元,水平值,2024-02-10~2024-02-17,8天,酒店之家平台口径,平台自披露,平台自披露,实际,同比,8,增长率,2026-08-21,,酒店之家(中信证券研报转引),春节假期旅游市场消费火热,2024-02-19,C,https://finance.sina.com.cn/stock/hkstock/ggscyd/2024-02-19/doc-inaiprfr2827141.shtml,RevPAR同比2023农历当周+4.1%
2024,春节,酒店,华住三线城市酒店入住率,82,%,水平值,2024-02-10~2024-02-17,8天,华住集团自披露,平台自披露,待核,实际,无(水平值),8,水平值,2026-08-21,,21世纪经济报道,2024年春节假日酒旅市场分析报告,2024-03-22,C,https://m.21jingji.com/article/20240322/herald/3bfafc33bb0e0fd66d045776e836ed0d.html,四线城市近80%
2024,春节,酒店,华住泉州/海口/福州/重庆/哈尔滨酒店入住率,93,%,水平值,2024-02-10~2024-02-17,8天,华住集团自披露,平台自披露,待核,实际,无(水平值),8,水平值,2026-08-21,,21世纪经济报道,2024年春节假日酒旅市场分析报告,2024-03-22,C,https://m.21jingji.com/article/20240322/herald/3bfafc33bb0e0fd66d045776e836ed0d.html,五城入住率均超93%
2024,春节,酒店,华住集团春节接待人次,735,万人次,水平值,2024-02-10~2024-02-17,8天,华住集团自披露,平台自披露,待核,实际,无(水平值),8,增长率,2026-08-21,,华住集团(21世纪经济报道),酒店企业春节成绩单,2024-02-26,C,https://www.21jingji.com/article/20240226/herald/d2c183747374a4fa12b81bf60d5cc132.html,为去年同期2.3倍
2024,春节,酒店,县城酒店订单同比,60,%,增长率,2024-02-10~2024-02-17,8天,携程自披露口径,平台自披露,平台自披露,实际,同比,8,增长率,2026-08-21,,携程,2024龙年春节旅行报告,2024-02-17,C,https://news.ifeng.com/c/8XFVhU2g74K,浮梁/浑源/五常/闽侯/凭祥+超2倍;回家过年住酒店
2024,春节,酒店,经济型酒店平均房价较2019,23,%,增长率,2024-02-10~2024-02-17,8天,STR数据(21世纪经济报道转引),待核,待核,实际,较2019,8,增长率,2026-08-21,,STR(21世纪经济报道转引),2024年春节假日酒旅市场分析报告,2024-03-22,C,https://m.21jingji.com/article/20240322/herald/3bfafc33bb0e0fd66d045776e836ed0d.html,经济型涨幅最明显;奢华酒店价格净值增长最突出
2024,春节,酒店,酒店行业渠道结构(OTA/直营/会员),本期暂无权威公开数据,,定性,2024-02-10~2024-02-17,8天,缺口径,弱溯源,弱溯源,定性,无(水平值),8,定性,2026-08-21,无公开来源,无,无,2024,D,无,OTA/直营/会员渠道占比及佣金率侵蚀未见权威披露;留缺口
2024,春节,酒店,锦江(中国区)综合RevPAR同比,45,%,水平值,2024-02-10~2024-02-17,8天,锦江集团自披露,平台自披露,待核,实际,同比,8,增长率,2026-08-21,,锦江酒店(21世纪经济报道),酒店企业春节成绩单,2024-02-26,C,https://www.21jingji.com/article/20240226/herald/d2c183747374a4fa12b81bf60d5cc132.html,OCC同比+33%
2024,春节,酒店,锦江西双版纳RevPAR同比,91,%,增长率,2024-02-10~2024-02-17,8天,锦江集团自披露,平台自披露,待核,实际,同比,8,增长率,2026-08-21,,21世纪经济报道,2024年春节假日酒旅市场分析报告,2024-03-22,C,https://m.21jingji.com/article/20240322/herald/3bfafc33bb0e0fd66d045776e836ed0d.html,旅游城市酒店经营优异
2024,五一,交通出行,中老铁路发送旅客,38,万人次,人次,2024-05-01 至 2024-05-05,5天,五一5天口径v3.0,铁路客运量,官方总量,实际,无(水平值),5,水平值,2026-08-21,,新华社,五一假期看中国经济回升向好,2024-05-07,A,https://www.news.cn/politics/20240507/f7e6bef1ae9744caa51e16b6cfa87845/c.html,现象:中老铁路跨境游;国际列车上座率约八成
2024,五一,交通出行,全社会跨区域人员流动量,135846.27,万人次,人次,2024-05-01 至 2024-05-05,5天,五一5天口径v1.0,官方跨区域(含自驾),官方跨区域(含自驾),实际,较2019,5,水平值,2026-08-21,,交通运输部,"2024年""五一""假期全社会跨区域人员流动量",2024-05-06,A,https://www.gov.cn/lianbo/bumen/202405/content_6949380.htm,日均27169.3万;同比+2.1%;较2019同期+23.7%;含自驾口径
2024,五一,交通出行,全社会跨区域人员流动量(下一期预测),62000,万人次,人次,2024-06-08 至 06-10未发生,3天,端午3天口径预测,官方跨区域(含自驾),测算,预计,同比,5,水平值,2026-08-21,预判待回填,本报告预测(据交通运输部历史+3天口径),前瞻台账2024五一,2026-08-21,D,https://www.gov.cn/lianbo/bumen/202405/content_6949380.htm,预测ID=2024五一-F03;中心值6.2亿人次;区间5.9-6.6亿;置信度低;参照2023端午跨区域流动约5.87亿人次(3天)口径推算;当实测不得混栏
2024,五一,交通出行,全社会跨区域人员流动量日均,27169.3,万人次/日,日度,2024-05-01 至 2024-05-05,5天,五一5天口径v2.0,官方跨区域(含自驾),官方跨区域(含自驾),实际,同比,5,水平值,2026-08-21,,交通运输部,"2024年""五一""假期全社会跨区域人员流动量",2024-05-06,A,https://www.gov.cn/lianbo/bumen/202405/content_6949380.htm,官方发布日均值
2024,五一,交通出行,公路跨区域人员流动量,124977,万人次,人次,2024-05-01 至 2024-05-05,5天,五一5天口径v4.0,公路人员流动量,官方跨区域(含自驾),实际,同比,5,水平值,2026-08-21,,交通运输部,"2024年""五一""假期全社会跨区域人员流动量",2024-05-06,A,https://www.gov.cn/lianbo/bumen/202405/content_6949380.htm,日均24995.4万;同比+2.1%;含自驾小客车≠公共客运量;2024免通5天(2023为4天)
2024,五一,交通出行,公路跨区域人员流动量日均,24995.4,万人次/日,日度,2024-05-01 至 2024-05-05,5天,五一5天口径v2.0,公路人员流动量,官方跨区域(含自驾),实际,同比,5,水平值,2026-08-21,,交通运输部,"2024年""五一""假期全社会跨区域人员流动量",2024-05-06,A,https://www.gov.cn/lianbo/bumen/202405/content_6949380.htm,官方发布日均值;同比+2.1%
2024,五一,交通出行,民航客运量,997.1,万人次,人次,2024-05-01 至 2024-05-05,5天,五一5天口径v1.0,民航客运量,官方营业性(不含自驾),实际,较2019,5,水平值,2026-08-21,,交通运输部,"2024年""五一""假期全社会跨区域人员流动量",2024-05-06,A,https://www.gov.cn/lianbo/bumen/202405/content_6949380.htm,日均199.4万;同比+8.1%;较2019+11.1%;公共客运量
2024,五一,交通出行,民航客运量日均,199.4,万人次/日,日度,2024-05-01 至 2024-05-05,5天,五一5天口径v2.0,民航客运量,官方营业性(不含自驾),实际,同比,5,水平值,2026-08-21,,交通运输部,"2024年""五一""假期全社会跨区域人员流动量",2024-05-06,A,https://www.gov.cn/lianbo/bumen/202405/content_6949380.htm,官方发布日均值;同比+8.1%
2024,五一,交通出行,水路客运量,695.67,万人次,人次,2024-05-01 至 2024-05-05,5天,五一5天口径v1.0,水路客运量,官方营业性(不含自驾),实际,同比,5,水平值,2026-08-21,,交通运输部,"2024年""五一""假期全社会跨区域人员流动量",2024-05-06,A,https://www.gov.cn/lianbo/bumen/202405/content_6949380.htm,日均139.1万;同比+6.0%
2024,五一,交通出行,铁路单日发送旅客峰值,2069.3,万人次,日度,2024-05-01,单日,单日口径,铁路客运量,官方营业性(不含自驾),实际,无(水平值),5,水平值,2026-08-21,,国铁集团(中国政府网转引),5月1日全国铁路旅客发送量创单日历史新高,2024-05-02,A,https://www.gov.cn/yaowen/liebiao/202405/content_6948887.htm,5月1日单日创历史新高
2024,五一,交通出行,铁路客运量,9176.5,万人次,人次,2024-05-01 至 2024-05-05,5天,五一5天口径v1.0,铁路客运量,官方营业性(不含自驾),实际,较2019,5,水平值,2026-08-21,,交通运输部,"2024年""五一""假期全社会跨区域人员流动量",2024-05-06,A,https://www.gov.cn/lianbo/bumen/202405/content_6949380.htm,日均1835.3万;同比+1.4%;较2019+23.3%;公共客运量
2024,五一,交通出行,铁路客运量日均,1835.3,万人次/日,日度,2024-05-01 至 2024-05-05,5天,五一5天口径v2.0,铁路客运量,官方营业性(不含自驾),实际,同比,5,水平值,2026-08-21,,交通运输部,"2024年""五一""假期全社会跨区域人员流动量",2024-05-06,A,https://www.gov.cn/lianbo/bumen/202405/content_6949380.htm,官方发布日均值;同比+1.4%
2024,五一,平台渠道,三线及以下城市酒店预订量同比,100,%,增长率,2024-05-01 至 2024-05-05,5天,同程自披露口径,平台GMV,平台自披露,实际,同比,5,增长率,2026-08-21,,同程旅行(新浪财经转引),"同程""五一""假期盘点",2024-05-05,C,https://finance.sina.cn/stock/estate/2024-05-05/detail-inauexpp2962055.d.html,预订量翻倍;阿坝/延边/伊犁等酒店热度增超1倍;该平台自身口径
2024,五一,平台渠道,中国旅客出境覆盖城市,1035,个城市,水平值,2024-05-01,单日,去哪儿自披露口径,平台GMV,平台自披露,实际,无(水平值),5,水平值,2026-08-21,,去哪儿(证券时报转引),五一假期首日国际机票预订,2024-05-02,C,https://www.stcn.com/article/detail/1195035.html,5月1日国际机票预订量创同期新高;该平台自身口径
2024,五一,平台渠道,县域市场酒店预订量同比,68,%,增长率,2024-05-01 至 2024-05-05,5天,同程自披露口径,平台GMV,平台自披露,实际,同比,5,增长率,2026-08-21,,同程旅行(头条转引),"2024""五一""假期旅游消费报告",2024-05-07,C,https://www.toutiao.com/article/7366058048906871305/,该平台自身口径
2024,五一,平台渠道,携程入境游订单同比,105,%,增长率,2024-05-01 至 2024-05-05,5天,携程自披露口径,平台GMV,平台自披露,实际,同比,5,增长率,2026-08-21,,携程(新浪财经转引),携程发布五一数据报告,2024-05-05,C,https://finance.sina.cn/china/gncj/2024-05-05/detail-inauehrz2502070.d.html,入出境游增速高于国内游;该平台自身口径
2024,五一,平台渠道,景区门票订单同比,151,%,增长率,2024-05-01 至 2024-05-05,5天,同程自披露口径,平台GMV,平台自披露,实际,同比,5,增长率,2026-08-21,,同程旅行(头条转引),"2024""五一""假期旅游消费报告",2024-05-07,C,https://www.toutiao.com/article/7366058048906871305/,该平台自身口径
2024,五一,平台渠道,游轮预订量同比,1500,%,增长率,2024-05-01 至 2024-05-05,5天,飞猪自披露口径,平台GMV,平台自披露,实际,同比,5,增长率,2026-08-21,,飞猪(新浪财经转引),飞猪发布五一报告,2024-05-05,C,https://finance.sina.com.cn/tech/2024-05-05/doc-inauehrx4176728.shtml,增超15倍;现象:游轮预订爆发;该平台自身口径
2024,五一,平台渠道,热门县域旅游订单平均增长,36,%,增长率,2024-05-01 至 2024-05-05,5天,携程自披露口径,平台GMV,平台自披露,实际,同比,5,增长率,2026-08-21,,携程(光明网转引),"2024""五一""假期旅行总结",2024-05-06,C,https://difang.gmw.cn/sh/2024-05/06/content_37305881.htm,安吉/桐庐/都江堰等;下沉市场增速高于一二线;该平台自身口径
2024,五一,平台渠道,美团本地生活服务消费同比,25,%,增长率,2024-05-01 至 2024-05-05,5天,美团自披露口径,平台GMV,平台自披露,实际,同比,5,增长率,2026-08-21,,美团(新京报转引),美团五一假期消费数据,2024-05-04,C,https://www.bjnews.com.cn/detail/1714826854169677.html,"本地""吃喝玩乐""消费;现象:小城美食出圈/成都第一;该平台自身口径"
2024,五一,平台渠道,美团餐饮堂食订单量同比,73,%,增长率,2024-05-01 至 2024-05-03,3天,前三天口径,平台GMV,平台自披露,实际,同比,5,增长率,2026-08-21,,美团(新浪财经转引),美团五一前三天数据,2024-05-03,C,http://cj.sina.com.cn/articles/view/6033314970/1679d149a020016emm,前三天口径
2024,五一,平台渠道,飞猪出境游预订量同比,100,%,增长率,2024-05-01 至 2024-05-05,5天,飞猪自披露口径,平台GMV,平台自披露,实际,同比,5,增长率,2026-08-21,,飞猪(凤凰网转引),"2024""五一""假期出游快报",2024-05-05,C,https://i.ifeng.com/c/8ZN3TpqPtzn,接近翻倍;该平台自身口径
2024,五一,平台渠道,高星酒店预订同比,20,%,增长率,2024-05-01 至 2024-05-05,5天,飞猪自披露口径,平台GMV,平台自披露,实际,同比,5,增长率,2026-08-21,,飞猪(凤凰网转引),"2024""五一""假期出游快报",2024-05-05,C,https://i.ifeng.com/c/8ZN3TpqPtzn,约+20%;该平台自身口径
2024,五一,总体,人均出游花费(测算),565.7,元,人均trip,2024-05-01 至 2024-05-05,5天,五一5天口径v5.0,测算,测算,推算,同比,5,水平值,2026-08-21,测算待核,本报告推算(据文旅部数据),内部测算,2026-08-21,D,https://www.gov.cn/lianbo/bumen/202405/content_6949567.htm,"per-trip人均=1668.9亿/2.95亿人次;D级推算;不与per-day混称""人均"""
2024,五一,总体,人均每日消费(测算),111.3,元,人均day,2024-05-01 至 2024-05-05,5天,五一5天口径v5.0,测算,测算,推算,同比,5,水平值,2026-08-21,测算待核,本报告推算(据文旅部数据),内部测算,2026-08-21,D,https://www.gov.cn/lianbo/bumen/202405/content_6949567.htm,per-day人均=1668.9/2.95/5天;永久标推算+D级;与per-trip分栏
2024,五一,总体,入出境游客,367.2,万人次,人次,2024-05-01 至 2024-05-05,5天,五一5天口径v2.0,官方总量,官方总量,实际,无(水平值),5,水平值,2026-08-21,,文化和旅游部,"2024年""五一""假期文化和旅游市场情况",2024-05-06,A,https://www.gov.cn/lianbo/bumen/202405/content_6949567.htm,文旅部旅游目的口径;与边检出入境口径不同
2024,五一,总体,入境游客,177.5,万人次,人次,2024-05-01 至 2024-05-05,5天,五一5天口径v2.0,官方总量,官方总量,实际,无(水平值),5,水平值,2026-08-21,,文化和旅游部,"2024年""五一""假期文化和旅游市场情况",2024-05-06,A,https://www.gov.cn/lianbo/bumen/202405/content_6949567.htm,文旅部细分口径
2024,五一,总体,出境游客,189.7,万人次,人次,2024-05-01 至 2024-05-05,5天,五一5天口径v2.0,官方总量,官方总量,实际,无(水平值),5,水平值,2026-08-21,,文化和旅游部,"2024年""五一""假期文化和旅游市场情况",2024-05-06,A,https://www.gov.cn/lianbo/bumen/202405/content_6949567.htm,文旅部细分口径
2024,五一,总体,出游人次日均(测算),0.59,亿人次/天,日度,2024-05-01 至 2024-05-05,5天,五一5天口径v5.0,测算,测算,推算,同比,5,水平值,2026-08-21,测算待核,本报告推算(据文旅部数据),内部测算,2026-08-21,D,https://www.gov.cn/lianbo/bumen/202405/content_6949567.htm,=2.95/5天;per-day折算;2023五一日均0.548亿/天;D级推算
2024,五一,总体,出游总花费日均(测算),333.78,亿元/天,日度,2024-05-01 至 2024-05-05,5天,五一5天口径v5.0,测算,测算,推算,同比,5,水平值,2026-08-21,测算待核,本报告推算(据文旅部数据),内部测算,2026-08-21,D,https://www.gov.cn/lianbo/bumen/202405/content_6949567.htm,=1668.9/5天;per-day折算;2023五一日均296.11亿/天;D级推算
2024,五一,总体,国内旅游出游人次,2.95,亿人次,人次,2024-05-01 至 2024-05-05,5天,五一5天口径v1.0,官方总量,官方总量,实际,同比,5,水平值,2026-08-21,,文化和旅游部,"2024年""五一""假期文化和旅游市场情况",2024-05-06,A,https://www.gov.cn/lianbo/bumen/202405/content_6949567.htm,同比+7.6%;按可比口径较2019同期+28.2%;2023五一5天为2.74亿人次(基期)
2024,五一,总体,国内旅游出游人次(下一期预测),1.1,亿人次,人次,2024-06-08 至 06-10未发生,3天,端午3天口径预测,测算,测算,预计,同比,5,水平值,2026-08-21,预判待回填,本报告预测(据文旅部历史+3天口径),前瞻台账2024五一,2026-08-21,D,https://www.gov.cn/lianbo/2023-05/03/content_5754040.htm,预测ID=2024五一-F01;中心值1.1亿人次;区间1.03-1.18亿;置信度中;参照2023端午1.06亿人次与五一恢复斜率;当实测不得混栏
2024,五一,总体,国内旅游出游人次同比,7.6,%,增长率,2024-05-01 至 2024-05-05,5天,五一5天口径v2.0,官方总量,官方总量,实际,同比,5,增长率,2026-08-21,,文化和旅游部,"2024年""五一""假期文化和旅游市场情况",2024-05-06,A,https://www.gov.cn/lianbo/bumen/202405/content_6949567.htm,官方发布同比增速;基期2023五一2.74亿人次
2024,五一,总体,国内旅游出游人次较2019,28.2,%,增长率,2024-05-01 至 2024-05-05,5天,可比口径(2019为4天),官方总量,官方总量,实际,较2019,5,增长率,2026-08-21,,文化和旅游部,"2024年""五一""假期文化和旅游市场情况",2024-05-06,A,https://www.gov.cn/lianbo/bumen/202405/content_6949567.htm,按可比口径折算(2019五一4天)
2024,五一,总体,国内游客出游总花费,1668.9,亿元,亿元,2024-05-01 至 2024-05-05,5天,五一5天口径v1.0,旅游总花费,官方总量,实际,同比,5,水平值,2026-08-21,,文化和旅游部,"2024年""五一""假期文化和旅游市场情况",2024-05-06,A,https://www.gov.cn/lianbo/bumen/202405/content_6949567.htm,同比+12.7%;按可比口径较2019同期+13.5%;2023五一为1480.56亿元(基期);与商务部社零口径分列不可相加
2024,五一,总体,国内游客出游总花费(下一期预测),400,亿元,亿元,2024-06-08 至 06-10未发生,3天,端午3天口径预测,旅游总花费,测算,预计,同比,5,水平值,2026-08-21,预判待回填,本报告预测(据文旅部历史+3天口径),前瞻台账2024五一,2026-08-21,D,https://www.gov.cn/lianbo/2023-05/03/content_5754040.htm,预测ID=2024五一-F02;中心值400亿元;区间370-430亿元;置信度中;参照2023端午373.10亿元(3天)与人均提升斜率;当实测不得混栏
2024,五一,总体,国内游客出游总花费同比,12.7,%,增长率,2024-05-01 至 2024-05-05,5天,五一5天口径v2.0,旅游总花费,官方总量,实际,同比,5,增长率,2026-08-21,,文化和旅游部,"2024年""五一""假期文化和旅游市场情况",2024-05-06,A,https://www.gov.cn/lianbo/bumen/202405/content_6949567.htm,官方发布同比增速;基期2023五一1480.56亿元
2024,五一,总体,国内游客出游总花费较2019,13.5,%,增长率,2024-05-01 至 2024-05-05,5天,可比口径(2019为4天),旅游总花费,官方总量,实际,较2019,5,增长率,2026-08-21,,文化和旅游部,"2024年""五一""假期文化和旅游市场情况",2024-05-06,A,https://www.gov.cn/lianbo/bumen/202405/content_6949567.htm,按可比口径折算(2019五一4天)
2024,五一,总体,国家级夜间文旅消费集聚区夜间客流量,7257.58,万人次,人次,2024-05-01 至 2024-05-05,5天,五一5天口径v3.0,客流人次,官方重点监测,实际,同比,5,增长率,2026-08-21,,文化和旅游部,"2024年""五一""假期文化和旅游市场情况",2024-05-06,A,https://www.gov.cn/lianbo/bumen/202405/content_6949567.htm,较2023同期+6.9%;现象:夜间经济活跃/成都夜间玩乐第一
2024,五一,政策宏观,36个大中城市重点商圈客流量同比,15.1,%,增长率,2024-05-01 至 2024-05-05,5天,商务部商务大数据监测口径,客流人次,官方重点监测,实际,同比,5,水平值,2026-08-21,,商务部(中国政府网转引),五一假期全国重点零售和餐饮企业销售额同比增长6.8%,2024-05-06,A,https://www.gov.cn/lianbo/bumen/202405/content_6949425.htm,商务部商务大数据监测
2024,五一,政策宏观,五一档电影票房,15.27,亿元,亿元,2024-05-01 至 2024-05-05,5天,国家电影局口径,官方总量,官方总量,实际,无(水平值),5,水平值,2026-08-21,,国家电影局,2024年五一档电影票房达15.27亿元,2024-05-06,A,https://www.chinafilm.gov.cn/xwzx/gzdt/202405/t20240506_846000.html,刷新五一档场次纪录
2024,五一,政策宏观,全国实物商品网上零售额同比,15.8,%,增长率,2024-05-01 至 2024-05-05,5天,商务部商务大数据监测口径,商务部社零,官方重点监测,实际,同比,5,水平值,2026-08-21,,商务部(中国政府网转引),五一假期全国重点零售和餐饮企业销售额同比增长6.8%,2024-05-06,A,https://www.gov.cn/lianbo/bumen/202405/content_6949425.htm,电商平台住宿销售额+6%
2024,五一,政策宏观,全国重点零售和餐饮企业销售额同比,6.8,%,增长率,2024-05-01 至 2024-05-05,5天,商务部商务大数据监测口径,商务部社零,官方重点监测,实际,同比,5,水平值,2026-08-21,,商务部(中国政府网转引),五一假期全国重点零售和餐饮企业销售额同比增长6.8%,2024-05-06,A,https://www.gov.cn/lianbo/bumen/202405/content_6949425.htm,与文旅部旅游总花费口径不同
2024,五一,政策宏观,重点监测零售企业汽车/家电/家具销售额同比,4.8/7.9/4.6,%,复合,2024-05-01 至 2024-05-05,5天,商务部商务大数据监测口径,商务部社零,官方重点监测,实际,同比,5,复合,2026-08-21,,商务部(中国政府网转引),五一假期全国重点零售和餐饮企业销售额同比增长6.8%,2024-05-06,A,https://www.gov.cn/lianbo/bumen/202405/content_6949425.htm,复合值:汽车/家电/家具;以旧换新带动
2024,五一,政策宏观,重点监测餐饮企业销售额同比,7.1,%,增长率,2024-05-01 至 2024-05-05,5天,商务部商务大数据监测口径,商务部社零,官方重点监测,实际,同比,5,水平值,2026-08-21,,商务部(中国政府网转引),五一假期全国重点零售和餐饮企业销售额同比增长6.8%,2024-05-06,A,https://www.gov.cn/lianbo/bumen/202405/content_6949425.htm,
2024,五一,政策宏观,高速小客车免费通行天数,5,天,水平值,2024-05-01 至 2024-05-05,5天,交通运输部政策口径,官方总量,官方总量,实际,无(水平值),5,水平值,2026-08-21,,交通运输部(中国政府网),五一假期小客车上高速继续免费,2024-04-29,A,https://www.gov.cn/lianbo/bumen/202404/content_6948202.htm,免费时段5月1日0时至5月5日24时;2023年五一免通4天
2024,五一,新消费,免签政策拉动入境游(携程),2.5,倍,倍数,2024-05-01 至 2024-05-05,5天,携程自披露口径,平台GMV,平台自披露,实际,较2019,5,增长率,2026-08-21,,携程(中宏网转引),五一假期出入境游分析,2024-05-05,C,https://www.zhonghongwang.com/show-94-330432-1.html,免签12国+新马累计入境约+2.5倍;现象:免签朋友圈扩容;入境订单+105%;该平台自身口径
2024,五一,新消费,县域旅游订单(双源互链),36,%,增长率,2024-05-01 至 2024-05-05,5天,携程+同程自披露口径,平台GMV,平台自披露,实际,同比,5,增长率,2026-08-21,,携程/同程旅行,"2024""五一""假期旅行总结/旅游消费报告",2024-05-05/07,C,https://difang.gmw.cn/sh/2024-05/06/content_37305881.htm,探索性主题硬圈定:县域/奔县游;≥2独立机构交叉印证(携程订单+36%
2024,五一,新消费,租车自驾游预订量同比,40,%,增长率,2024-05-01 至 2024-05-05,5天,同程自披露口径,平台GMV,平台自披露,实际,同比,5,增长率,2026-08-21,,同程旅行(头条转引),"2024""五一""假期旅游消费报告",2024-05-07,C,https://www.toutiao.com/article/7366058048906871305/,新消费圈定:自驾;自驾出行比例超八成;该平台自身口径
2024,五一,旅行社,出境游预订人次同比增长,200,%,增长率,2024-04-15 至 2024-04-28,预订期,途牛预订口径,平台GMV,平台自披露,实际,同比,5,增长率,2026-08-21,,途牛(网易转引),五一假期旅游预订,2024-04-28,C,https://www.163.com/dy/article/IVJ66DVJ055284JB.html,节前预订期口径;现象:请3休9拼假;该平台自身口径
2024,五一,景区目的地,上海接待游客,1623.94,万人次,人次,2024-05-01 至 2024-05-05,5天,上海旅游大数据监测口径,官方总量,官方总量,实际,同比,5,增长率,2026-08-21,,上海市文化和旅游局(证券日报转引),五一假期多地迎客流高峰,2024-05-07,B,https://www.ce.cn/culture/gd/202405/07/t20240507_38993489.shtml,同比+3.77%;现象:上海口岸出入境预计51万(节前预测)
2024,五一,景区目的地,九寨沟接待游客,109438,人次,人次,2024-05-01 至 2024-05-05,5天,九寨沟景区统计口径,客流人次,待核,实际,同比,5,增长率,2026-08-21,,九寨沟景区(证券日报转引),五一假期多地迎客流高峰,2024-05-07,C,https://www.ce.cn/culture/gd/202405/07/t20240507_38993489.shtml,同比+24.45%;待核口径
2024,五一,景区目的地,全国营业性演出票房收入,20.84,亿元,亿元,2024-05-01 至 2024-05-05,5天,中国演出行业协会口径,官方总量,行业协会计,实际,同比,5,增长率,2026-08-21,,中国演出行业协会(中新网转引),五一全国营业性演出票房收入20.84亿元,2024-05-07,B,https://www.chinanews.com/cj/2024/05-07/10212649.shtml,同比+37.17%;现象:演出市场强劲;行业机构口径
2024,五一,景区目的地,北京接待游客,1696.6,万人次,人次,2024-05-01 至 2024-05-05,5天,北京市旅游大数据监测口径,官方总量,官方总量,实际,同比,5,增长率,2026-08-21,,北京市文化和旅游局(证券日报转引),五一假期多地迎客流高峰,2024-05-07,B,https://www.ce.cn/culture/gd/202405/07/t20240507_38993489.shtml,同比+9.4%;旅游收入196.2亿元同比+10.2%
2024,五一,景区目的地,北京旅游收入,196.2,亿元,亿元,2024-05-01 至 2024-05-05,5天,北京市旅游大数据监测口径,旅游总花费,官方总量,实际,同比,5,增长率,2026-08-21,,北京市文化和旅游局(证券日报转引),五一假期多地迎客流高峰,2024-05-07,B,https://www.ce.cn/culture/gd/202405/07/t20240507_38993489.shtml,同比+10.2%;城市口径
2024,五一,景区目的地,国内主要博物馆门票订单同比,10,%,增长率,2024-05-01 至 2024-05-05,5天,携程自披露口径,平台GMV,平台自披露,实际,同比,5,增长率,2026-08-21,,携程(经济日报转引),"2024""五一""假期旅行总结",2024-05-06,C,https://www.163.com/dy/article/J1GDLE6Q0519AKBM.html,博物馆游学/非遗活动热;该平台自身口径
2024,五一,景区目的地,湖北A级景区接待游客,1424.76,万人次,人次,2024-05-01 至 2024-05-05,5天,湖北省文旅厅统计口径,官方重点监测,官方重点监测,实际,较2019,5,增长率,2026-08-21,,湖北省文化和旅游厅(证券日报转引),五一假期多地迎客流高峰,2024-05-07,B,https://www.ce.cn/culture/gd/202405/07/t20240507_38993489.shtml,较2023+13.53%;较2019+25.93%
2024,五一,景区目的地,黄山接待游客,13,万人次,人次,2024-05-01 至 2024-05-05,5天,黄山景区统计口径,客流人次,待核,实际,同比,5,增长率,2026-08-21,,黄山景区(证券日报转引),五一假期多地迎客流高峰,2024-05-07,C,https://www.ce.cn/culture/gd/202405/07/t20240507_38993489.shtml,同比+9.7%;待核口径
2024,五一,游客画像,人均消费金额同比,19,%,增长率,2024-05-01 至 2024-05-05,5天,飞猪自披露口径,平台GMV,平台自披露,实际,同比,5,增长率,2026-08-21,,飞猪(凤凰网转引),"2024""五一""假期出游快报",2024-05-05,C,https://i.ifeng.com/c/8ZN3TpqPtzn,人均预订量同比+12%;该平台自身口径
2024,五一,游客画像,人均预订量同比,12,%,增长率,2024-05-01 至 2024-05-05,5天,飞猪自披露口径,平台GMV,平台自披露,实际,同比,5,增长率,2026-08-21,,飞猪(凤凰网转引),"2024""五一""假期出游快报",2024-05-05,C,https://i.ifeng.com/c/8ZN3TpqPtzn,该平台自身口径
2024,五一,游客画像,出境游自由行占比,80,%,百分比,2024-05-01 至 2024-05-05,5天,飞猪自披露口径,平台GMV,平台自披露,实际,无(水平值),5,水平值,2026-08-21,,飞猪(凤凰网转引),"2024""五一""假期出游快报",2024-05-05,C,https://i.ifeng.com/c/8ZN3TpqPtzn,该平台自身口径
2024,五一,游客画像,国内长途旅游订单占比,50,%,百分比,2024-05-01 至 2024-05-05,5天,去哪儿自披露口径,平台GMV,平台自披露,实际,无(水平值),5,水平值,2026-08-21,,去哪儿(证券日报转引),五一假期多地迎客流高峰,2024-05-07,C,https://www.ce.cn/culture/gd/202405/07/t20240507_38993489.shtml,中长线成主角占比超一半;该平台自身口径
2024,五一,酒店住宿,全国酒店Occ/ADR/RevPAR(酒店之家),64.2/259.05/165.91,%/元/元,复合,2024-05-01 至 2024-05-05,5天,酒店之家口径,酒店RevPAR,平台自披露,实际,同比,5,复合,2026-08-21,,酒店之家(新浪财经转引),五一酒店行业数据盘点,2024-05-07,C,https://finance.sina.com.cn/jjxw/2024-05-07/doc-inaumrzv1313896.shtml,双口径并列:与旅智科技口径不同(旅智RevPAR同比+2.0%);酒店之家RevPAR同比-18.8%
2024,五一,酒店住宿,全国酒店平均ADR(旅智科技),293.9,元,元/间夜,2024-05-01 至 2024-05-05,5天,旅智科技口径,酒店间夜,平台自披露,实际,无(水平值),5,水平值,2026-08-21,,旅智科技,2024五一中国住宿业经营报告,2024-05-10,C,http://hub.traveldaily.cn/report/451,第三方住宿业数据平台口径
2024,五一,酒店住宿,全国酒店平均Occ(旅智科技),55,%,百分比,2024-05-01 至 2024-05-05,5天,旅智科技口径,酒店间夜,平台自披露,实际,无(水平值),5,水平值,2026-08-21,,旅智科技,2024五一中国住宿业经营报告,2024-05-10,C,http://hub.traveldaily.cn/report/451,第三方住宿业数据平台口径
2024,五一,酒店住宿,全国酒店平均RevPAR(旅智科技),161.6,元,元/间夜,2024-05-01 至 2024-05-05,5天,旅智科技口径,酒店RevPAR,平台自披露,实际,同比,5,增长率,2026-08-21,,旅智科技,2024五一中国住宿业经营报告,2024-05-10,C,http://hub.traveldaily.cn/report/451,RevPAR同比+2.0%;第三方住宿业数据平台口径
2024,五一,酒店住宿,民宿平均Occ/ADR/RevPAR,64.1/414.1/265.4,%/元/元,复合,2024-05-01 至 2024-05-05,5天,旅智科技口径,酒店RevPAR,平台自披露,实际,同比,5,复合,2026-08-21,,旅智科技,2024五一中国住宿业经营报告,2024-05-10,C,http://hub.traveldaily.cn/report/451,复合值:Occ/ADR/RevPAR;RevPAR同比-19.1%
2024,五一,酒店住宿,锦江(中国区)高峰期平均入住率,97,%,百分比,2024-05-01 至 2024-05-05,5天,锦江集团自披露口径,酒店间夜,平台自披露,实际,无(水平值),5,水平值,2026-08-21,,锦江酒店(荆楚网转引),五一出游热带动酒店预订升温,2024-05-09,C,https://m.cnhubei.com/content/2024-05/09/content_17862965.html,陕西/山西/四川/重庆等区域;三线及以下城市入住率超大盘
2024,端午,交通出行,全社会跨区域人员流动量,63761.6,万人次,人次,2024-06-08~2024-06-10,3天,3天口径v1.0,公路人员流动量,官方跨区域(含自驾),实际,较2019,3,水平值,2026-08-21,,交通运输部(央广网转引),端午假期出行数据,2024-06-11,A,https://news.cnr.cn/dj/20240611/t20240611_526740083.shtml,日均21253.9万;较2019+16.6%;较2023+9.4%;含自驾小客车
2024,端午,交通出行,公路人员流动量(分项),本期暂无公开数据,定性,定性,2024-06-08~2024-06-10,3天,3天口径v1.0,公路人员流动量,待核,实际,无(水平值),3,定性,2026-08-21,全国总量缺项,交通运输部,端午假期出行数据(未披露分项),2024-06-11,D,,2024端午交通运输部分项(公路/水路)未检索到权威披露
2024,端午,交通出行,国际客运航班量恢复率(较2019),75,%,百分比,2024-06-08~2024-06-10,3天,3天口径v1.0,民航客运量,行业协会计,实际,较2019,3,水平值,2026-08-21,,机构(中国网转引),机构:端午假期国际客运航班量约恢复至2019年的75%,2024-06-03,C,https://travel.china.com.cn/txt/2024-06/03/content_117230381.shtml,约恢复至2019的75%;机构测算
2024,端午,交通出行,民航保障旅客(机构预计),540,万人次,人次,2024-06-08~2024-06-10,3天,3天口径v1.0,民航客运量,行业协会计,预计,无(水平值),3,水平值,2026-08-21,预判待回填,"机构(航班管家等,中国网转引)",机构:端午全民航预计保障旅客超540万人次,2024-06-03,C,https://travel.china.com.cn/txt/2024-06/03/content_117230381.shtml,机构预计超540万;非实测;与官方口径并列
2024,端午,交通出行,民航日均发送旅客(官方预计),200,万人次/天,日度,2024-06-08~2024-06-10,3天,3天口径v1.0,民航客运量,官方总量,预计,无(水平值),3,水平值,2026-08-21,预判待回填,中国民航局(网易转引),端午假期全民航预计日均发送旅客超200万人次,2024-06-07,B,https://www.163.com/dy/article/J3I7ILHF053469LG.html,官方预计日均超200万
2024,端午,交通出行,水路发送旅客(分项),本期暂无公开数据,定性,定性,2024-06-08~2024-06-10,3天,3天口径v1.0,水路客运量,待核,实际,无(水平值),3,定性,2026-08-21,全国总量缺项,交通运输部,端午假期出行数据(未披露分项),2024-06-11,D,,同上;2023端午水路253万(历史基线)供参照
2024,端午,交通出行,边检口岸日均出入境人员(官方预计),175,万人次/天,日度,2024-06-08~2024-06-10,3天,3天口径v1.0,官方边检,官方总量,预计,无(水平值),3,水平值,2026-08-21,预判待回填,国家移民管理局(36氪转引),端午假期全国口岸日均出入境人员将达175万人次,2024-06-06,A,https://www.36kr.com/newsflashes/2807635228030598,"官方预计""将达175万人次"";免签扩容驱动;非实测"
2024,端午,交通出行,铁路发送旅客,4604.7,万人次,人次,2024-06-08~2024-06-10,3天,3天口径v1.0,铁路客运量,官方营业性(不含自驾),实际,较2019,3,水平值,2026-08-21,,交通运输部(央广网转引),端午假期出行数据,2024-06-11,A,https://news.cnr.cn/dj/20240611/t20240611_526740083.shtml,日均1534.9万;较2019+18.6%;较2023+5.1%;营业性口径不含自驾
2024,端午,平台渠道,入境游预订量同比,115,%,百分比,2024-06-08~2024-06-10,3天,3天口径v1.0,平台GMV,平台自披露,实际,同比,3,水平值,2026-08-21,,平台综合(搜狐/上观转引),端午特辑 新中式旅游风行 入境游预订量同比增长115%,2024-06-10,C,https://www.sohu.com/a/785039796_121255906,转述性概括;平台自身口径
2024,端午,平台渠道,兰州预订单量同比,79,%,百分比,2024-06-08~2024-06-10,3天,3天口径v1.0,平台GMV,平台自披露,实际,同比,3,水平值,2026-08-21,,携程(腾讯新闻转引),携程发布2024年端午假期出游趋势,2024-05-28,C,https://news.qq.com/rain/a/20240528A068I800,该平台自身口径
2024,端午,平台渠道,同程港澳飞往内地机票预订热度同比,100,%,百分比,2024-06-08~2024-06-10,3天,3天口径v1.0,平台GMV,平台自披露,实际,同比,3,水平值,2026-08-21,,同程旅行(中国民航网转引),同程旅行端午数据,2024-06-11,C,http://www.caacnews.com.cn/1/6/202406/t20240611_1378890.html,涨超1倍;入境目的地选择更多元;该平台自身口径
2024,端午,平台渠道,携程国内周边游预订量同比,20,%,百分比,2024-06-08~2024-06-10,3天,3天口径v1.0,平台GMV,平台自披露,实际,同比,3,水平值,2026-08-21,,携程(央广网转引),携程2024端午出游报告,2024-05-28,C,https://tech.cnr.cn/techph/20240528/t20240528_526721744.shtml,该平台自身口径
2024,端午,平台渠道,甘肃周边游订单同比,122,%,百分比,2024-06-08~2024-06-10,3天,3天口径v1.0,平台GMV,平台自披露,实际,同比,3,水平值,2026-08-21,,携程(腾讯新闻转引),携程发布2024年端午假期出游趋势,2024-05-28,C,https://news.qq.com/rain/a/20240528A068I800,该平台自身口径;大西北热度
2024,端午,平台渠道,飞猪出境游邮轮/包车旅游商品预订量同比,100,%,百分比,2024-06-08~2024-06-10,3天,3天口径v1.0,平台GMV,平台自披露,实际,同比,3,水平值,2026-08-21,,飞猪(新浪财经转引),端午假期出境游热度高涨,2024-06-04,C,https://finance.sina.com.cn/jjxw/2024-06-04/doc-inaxpvrc6876324.shtml,邮轮、包车旅游等商品预订量同比翻倍;该平台自身口径
2024,端午,总体,2024中秋国内出游人次(预测),1.0,亿人次,人次,2024-09-15~2024-09-17,3天,预测口径,测算,测算,预计,无(水平值),3,区间,2026-08-21,预判待回填,本报告预测,预测台账,2024-06-10,D,https://www.mct.gov.cn/whzx/whyw/202406/t20240610_953396.htm,预测ID=2024端午-F01;区间0.9-1.1亿置信度中;3天口径与端午同天数可直接可比
2024,端午,总体,2024五一假期国内出游人次(本年上期参照),2.95,亿人次,人次,2024-05-01~2024-05-05,5天,5天口径v1.0,旅游总花费,官方总量,实际,较节假日X,5,水平值,2026-08-21,,文化和旅游部(中国政府网),2024年五一假期文化和旅游市场情况,2024-05-06,A,https://www.gov.cn/yaowen/liebiao/202405/content_6949789.htm,本年上期参照行;同比+7.6%;五一日均0.59亿/天
2024,端午,总体,2024五一假期国内游客出游总花费(本年上期参照),1668.9,亿元,亿元,2024-05-01~2024-05-05,5天,5天口径v1.0,旅游总花费,官方总量,实际,较节假日X,5,水平值,2026-08-21,,文化和旅游部(中国政府网),2024年五一假期文化和旅游市场情况,2024-05-06,A,https://www.gov.cn/yaowen/liebiao/202405/content_6949789.htm,本年上期参照行;同比+12.7%;五一日均333.8亿/天
2024,端午,总体,2024十一国内出游人次(预测),7.2,亿人次,人次,2024-10-01~2024-10-07,7天,预测口径,测算,测算,预计,无(水平值),7,区间,2026-08-21,预判待回填,本报告预测,预测台账,2024-06-10,D,https://www.mct.gov.cn/whzx/whyw/202406/t20240610_953396.htm,预测ID=2024端午-F02;区间7.0-7.4亿置信度中;7天口径须per-day折算后与端午比
2024,端午,总体,2024十一国内出游总花费(预测),6800,亿元,亿元,2024-10-01~2024-10-07,7天,预测口径,测算,测算,预计,无(水平值),7,区间,2026-08-21,预判待回填,本报告预测,预测台账,2024-06-10,D,https://www.mct.gov.cn/whzx/whyw/202406/t20240610_953396.htm,"预测ID=2024端午-F03;区间6600-7000亿置信度中;旅游总花费口径,与社零分列"
2024,端午,总体,人均出游花费(测算),366.8,元,人均trip,2024-06-08~2024-06-10,3天,3天口径v1.0,旅游总花费,测算,推算,无(水平值),3,水平值,2026-08-21,测算待核,测算值(由文旅部数据派生),人均消费=403.5亿/1.1亿,2026-08-21,D,https://www.mct.gov.cn/whzx/whyw/202406/t20240610_953396.htm,per-trip口径;D级推算
2024,端午,总体,人均出游花费(测算),366.8,元,人均trip,2024-06-08~2024-06-10,3天,3天口径v1.0,旅游总花费,测算,推算,同比,3,水平值,2026-08-21,测算待核,测算值(由文旅部数据派生),人均消费=403.5亿/1.1亿,2026-08-21,D,https://www.mct.gov.cn/whzx/whyw/202406/t20240610_953396.htm,per-trip口径;D级推算;2023端午人均351.98元(同比+4.2%)
2024,端午,总体,人均每日出游花费(测算),122.3,元/人天,人均day,2024-06-08~2024-06-10,3天,3天口径v1.0,旅游总花费,测算,推算,无(水平值),3,水平值,2026-08-21,测算待核,测算值(由文旅部数据派生),本报告推算,2026-08-21,D,https://www.mct.gov.cn/whzx/whyw/202406/t20240610_953396.htm,per-day口径=人均消费366.8/3天;强制D级;与人均消费(per-trip)分列
2024,端午,总体,出游人次日均(测算),0.37,亿人次/天,日度,2024-06-08~2024-06-10,3天,3天口径v1.0,旅游总花费,测算,推算,无(水平值),3,水平值,2026-08-21,测算待核,测算值(由文旅部数据派生),本报告推算,2026-08-21,D,https://www.mct.gov.cn/whzx/whyw/202406/t20240610_953396.htm,=1.1/3天;D级推算;2023端午日均0.353亿/天
2024,端午,总体,出游人次日均(测算),0.37,亿人次/天,日度,2024-06-08~2024-06-10,3天,3天口径v1.0,旅游总花费,测算,推算,同比,3,水平值,2026-08-21,测算待核,测算值(由文旅部数据派生),本报告推算,2026-08-21,D,https://www.mct.gov.cn/whzx/whyw/202406/t20240610_953396.htm,=1.1/3天;D级;2023端午日均0.353亿/天(约+3.8%
2024,端午,总体,出游总花费日均(测算),134.5,亿元/天,日度,2024-06-08~2024-06-10,3天,3天口径v1.0,旅游总花费,测算,推算,无(水平值),3,水平值,2026-08-21,测算待核,测算值(由文旅部数据派生),本报告推算,2026-08-21,D,https://www.mct.gov.cn/whzx/whyw/202406/t20240610_953396.htm,=403.5/3天;D级推算;2023端午日均124.4亿/天
2024,端午,总体,出游总花费日均(测算),134.5,亿元/天,日度,2024-06-08~2024-06-10,3天,3天口径v1.0,旅游总花费,测算,推算,同比,3,水平值,2026-08-21,测算待核,测算值(由文旅部数据派生),本报告推算,2026-08-21,D,https://www.mct.gov.cn/whzx/whyw/202406/t20240610_953396.htm,=403.5/3天;D级;2023端午日均124.4亿/天(+8.1%)
2024,端午,总体,国内旅游出游人次,1.1,亿人次,人次,2024-06-08~2024-06-10,3天,3天口径v1.0,旅游总花费,官方总量,实际,同比,3,水平值,2026-08-21,,文化和旅游部数据中心,2024年端午节假期文化和旅游市场情况,2024-06-10,A,https://www.mct.gov.cn/whzx/whyw/202406/t20240610_953396.htm,同比+6.3%;按可比口径测算
2024,端午,总体,国内游客出游总花费,403.5,亿元,亿元,2024-06-08~2024-06-10,3天,3天口径v1.0,旅游总花费,官方总量,实际,同比,3,水平值,2026-08-21,,文化和旅游部数据中心,2024年端午节假期文化和旅游市场情况,2024-06-10,A,https://www.mct.gov.cn/whzx/whyw/202406/t20240610_953396.htm,同比+8.1%;与商务部社零口径分列不可相加
2024,端午,政策宏观,2024全年入境旅游人次(预测),1.5,亿人次,人次,2024-01-01~2024-12-31,全年,预测口径,测算,测算,预计,无(水平值),365,区间,2026-08-21,预判待回填,本报告预测,预测台账,2024-06-10,D,https://www.gov.cn/lianbo/bumen/202406/content_6956584.htm,预测ID=2024端午-F05;区间1.4-1.6亿置信度中低;免签扩容+China Travel热度为上行驱动
2024,端午,政策宏观,2024全年国内旅游人次(预测),58,亿人次,人次,2024-01-01~2024-12-31,全年,预测口径,测算,测算,预计,无(水平值),365,区间,2026-08-21,预判待回填,本报告预测,预测台账,2024-06-10,D,https://www.mct.gov.cn/whzx/whyw/202406/t20240610_953396.htm,"预测ID=2024端午-F04;区间55-61亿置信度中低;2023全年48.9亿为参照,端午恢复率外推"
2024,端午,新消费,古镇日均搜索热度(较平时),200,%,百分比,2024-06-08~2024-06-10,3天,3天口径v1.0,平台GMV,平台自披露,实际,无(水平值),3,水平值,2026-08-21,,携程(券商转引),旅游行业端午数据总结,2024-06-10,C,https://fxbaogao.com/detail/4342008,新中式民俗体验;该平台自身口径
2024,端午,新消费,携程租车订单(乌鲁木齐/伊宁),100/140,%,百分比,2024-06-08~2024-06-10,3天,3天口径v1.0,平台GMV,平台自披露,实际,同比,3,复合,2026-08-21,,携程(中国政府网转引),端午假期文旅市场情况,2024-06-10,C,https://www.gov.cn/lianbo/bumen/202406/content_6956584.htm,复合值:乌鲁木齐翻番(+100%)/伊宁+140%;《我的阿勒泰》带动;该平台自身口径
2024,端午,新消费,新疆端午假期文旅预订单量同比,40,%,百分比,2024-06-08~2024-06-10,3天,3天口径v1.0,平台GMV,平台自披露,实际,同比,3,水平值,2026-08-21,,同程旅行(央广网转引),新疆端午假期文旅预订单量同比增长超40%,2024-06-06,C,http://news.cnr.cn/native/gd/20240606/t20240606_526731735.shtml,该平台自身口径
2024,端午,新消费,避暑自驾热门省份,云南/青海/甘肃/内蒙古/贵州,省,定性,2024-06-08~2024-06-10,3天,3天口径v1.0,旅游总花费,官方总量,实际,无(水平值),3,复合,2026-08-21,,文化和旅游部,端午假期文旅市场情况,2024-06-10,A,https://www.mct.gov.cn/whzx/whyw/202406/t20240610_953396.htm,年轻人避暑自驾热门省份;定性列举
2024,端午,新消费,阿勒泰民宿预订热度,已订至7月底,定性,定性,2024-06-08~2024-06-10,3天,3天口径v1.0,平台GMV,弱溯源,实际,无(水平值),3,定性,2026-08-21,,澎湃/央广网,端午国内旅游出游1.1亿人次:阿勒泰民宿已订到七月底,2024-06-11,B,https://m.thepaper.cn/newsDetail_forward_27689993,《我的阿勒泰》热播;现象级素材
2024,端午,新消费,阿勒泰热度2024下半年延续性(预测),回落至常态,定性,定性,2024-07-01~2024-12-31,下半年,预测口径,测算,测算,预计,无(水平值),183,定性,2026-08-21,预判待回填,本报告预测,预测台账,2024-06-10,D,https://www.thepaper.cn/newsDetail_forward_27689993,预测ID=2024端午-F06;拐点判据=取景地订单增速同比转负;置信度中;现象级热度可持续性判断
2024,端午,新消费,高考后暑假出游预订,显著增长,定性,定性,2024-06-08~2024-06-10,3天,3天口径v1.0,平台GMV,弱溯源,实际,无(水平值),3,定性,2026-08-21,,央广网/同程,端午假期出行数据,2024-06-11,C,https://news.cnr.cn/dj/20240611/t20240611_526740083.shtml,高考后暑期预订进入高峰;定性素材
2024,端午,新消费,龙舟民俗带动旅游订单(佛山/岳阳/宣城),250/52/32,%,百分比,2024-06-08~2024-06-10,3天,3天口径v1.0,平台GMV,平台自披露,实际,同比,3,复合,2026-08-21,,携程(中国政府网转引),端午假期文旅市场情况,2024-06-10,C,https://www.gov.cn/lianbo/bumen/202406/content_6956584.htm,复合值:佛山租车+250%/岳阳订单+52%/宣城+32%;该平台自身口径
2024,端午,旅行社,跟团游/定制游订单结构,本期暂无公开数据,定性,定性,2024-06-08~2024-06-10,3天,3天口径v1.0,平台GMV,待核,实际,无(水平值),3,定性,2026-08-21,全国总量缺项,缺(未检索到权威披露),本期无公开数据,2026-08-21,D,,跟团/小团/定制结构无权威披露
2024,端午,旅行社,途牛本地游+周边游占比,49,%,百分比,2024-06-08~2024-06-10,3天,3天口径v1.0,平台GMV,平台自披露,实际,无(水平值),3,水平值,2026-08-21,,途牛(中国网/央广网转引),途牛2024端午出游消费盘点,2024-06-12,C,https://m.sohu.com/a/785113204_386686/,1-2天短途为主;新中式成旅游新潮流;该平台自身口径
2024,端午,景区目的地,上海接待游客,761.52,万人次,人次,2024-06-08~2024-06-10,3天,3天口径v1.0,客流人次,官方总量,实际,同比,3,水平值,2026-08-21,,上海市文化和旅游局,端午假日三天本市共接待游客761.52万人次,2024-06-11,A,https://whlyj.sh.gov.cn/wlyw/20240611/b72c10f6e61642d68f1de0277f66db87.html,同比+13.24%;观文博/看美展/赏好剧
2024,端午,景区目的地,北京接待游客,779.2,万人次,人次,2024-06-08~2024-06-10,3天,3天口径v1.0,客流人次,官方总量,实际,无(水平值),3,水平值,2026-08-21,,北京市文化和旅游局(央广网转引),端午假期旅游成绩单,2024-06-12,B,https://www.cnr.cn/lvyou/hydt/20240614/t20240614_526744915.shtml,旅游消费100.9亿元
2024,端午,景区目的地,北京旅游消费,100.9,亿元,亿元,2024-06-08~2024-06-10,3天,3天口径v1.0,旅游总花费,官方总量,实际,无(水平值),3,水平值,2026-08-21,,北京市文化和旅游局(央广网转引),端午假期旅游成绩单,2024-06-12,B,https://www.cnr.cn/lvyou/hydt/20240614/t20240614_526744915.shtml,
2024,端午,景区目的地,安徽接待游客,1937.6,万人次,人次,2024-06-08~2024-06-10,3天,3天口径v1.0,客流人次,官方总量,实际,同比,3,水平值,2026-08-21,,安徽省文化和旅游厅(央广网转引),端午假期旅游成绩单,2024-06-12,B,https://www.cnr.cn/lvyou/hydt/20240614/t20240614_526744915.shtml,同比+5.7%;旅游收入101.9亿+13.9%
2024,端午,景区目的地,安徽旅游收入,101.9,亿元,亿元,2024-06-08~2024-06-10,3天,3天口径v1.0,旅游总花费,官方总量,实际,同比,3,水平值,2026-08-21,,安徽省文化和旅游厅(央广网转引),端午假期旅游成绩单,2024-06-12,B,https://www.cnr.cn/lvyou/hydt/20240614/t20240614_526744915.shtml,同比+13.9%
2024,端午,景区目的地,广东接待游客,1924.5,万人次,人次,2024-06-08~2024-06-10,3天,3天口径v1.0,客流人次,官方总量,实际,无(水平值),3,水平值,2026-08-21,,广东省文化和旅游厅(人民网转引),端午假期广东累计接待游客1924.5万人次,2024-06-10,B,https://gd.people.com.cn/n2/2024/0610/c123932-40874265.html,旅游收入91.1亿元;龙舟赛带动
2024,端午,景区目的地,广东旅游收入,91.1,亿元,亿元,2024-06-08~2024-06-10,3天,3天口径v1.0,旅游总花费,官方总量,实际,无(水平值),3,水平值,2026-08-21,,广东省文化和旅游厅(人民网转引),端午假期广东累计接待游客1924.5万人次,2024-06-10,B,https://gd.people.com.cn/n2/2024/0610/c123932-40874265.html,龙舟赛带动
2024,端午,景区目的地,浙江全域旅游人数,1440.9,万人次,人次,2024-06-08~2024-06-10,3天,3天口径v1.0,客流人次,官方总量,实际,无(水平值),3,水平值,2026-08-21,,浙江省文化和旅游厅(央广网转引),端午假期旅游成绩单,2024-06-12,B,https://www.cnr.cn/lvyou/hydt/20240614/t20240614_526744915.shtml,旅游收入123亿元
2024,端午,景区目的地,浙江旅游收入,123,亿元,亿元,2024-06-08~2024-06-10,3天,3天口径v1.0,旅游总花费,官方总量,实际,无(水平值),3,水平值,2026-08-21,,浙江省文化和旅游厅(央广网转引),端午假期旅游成绩单,2024-06-12,B,https://www.cnr.cn/lvyou/hydt/20240614/t20240614_526744915.shtml,
2024,端午,景区目的地,辽宁接待游客,1026.5,万人次,人次,2024-06-08~2024-06-10,3天,3天口径v1.0,客流人次,官方总量,实际,同比,3,水平值,2026-08-21,,辽宁省文化和旅游厅(央广网转引),端午假期旅游成绩单,2024-06-12,B,https://www.cnr.cn/lvyou/hydt/20240614/t20240614_526744915.shtml,同比+40.4%;旅游收入77.6亿+51.7%
2024,端午,景区目的地,辽宁旅游收入,77.6,亿元,亿元,2024-06-08~2024-06-10,3天,3天口径v1.0,旅游总花费,官方总量,实际,同比,3,水平值,2026-08-21,,辽宁省文化和旅游厅(央广网转引),端午假期旅游成绩单,2024-06-12,B,https://www.cnr.cn/lvyou/hydt/20240614/t20240614_526744915.shtml,同比+51.7%
2024,端午,景区目的地,阿勒泰地区端午旅游收入,7.42,亿元,亿元,2024-06-08~2024-06-10,3天,3天口径v1.0,旅游总花费,官方总量,实际,同比,3,水平值,2026-08-21,,阿勒泰地区文旅部门(网易转引),三天收入7.42亿 我的阿勒泰开启人从众模式,2024-06-11,B,https://www.163.com/dy/article/J4E2SKVN05148SSP.html,《我的阿勒泰》热播带动;区域口径
2024,端午,景区目的地,阿勒泰游客量同比,80,%,百分比,2024-06-08~2024-06-10,3天,3天口径v1.0,客流人次,官方总量,实际,同比,3,水平值,2026-08-21,,阿勒泰地区文旅部门(网易转引),端午消费 阿勒泰游客量同比增八成,2024-06-11,B,https://www.163.com/dy/article/J417MCUS0519DDQ2.html,约+80%
2024,端午,消费宏观,全国示范步行街客流同比,11.7,%,百分比,2024-06-08~2024-06-10,3天,3天口径v1.0,商务部社零,官方重点监测,实际,同比,3,水平值,2026-08-21,,商务部(央视网转引),新场景新业态激活假日消费,2024-06-11,A,https://news.cctv.com/2024/06/11/ARTIb9IEUGUScDfNyvwzYv95240611.shtml,步行街客流+11.7%;营业额+9.2%
2024,端午,消费宏观,全国示范步行街营业额同比,9.2,%,百分比,2024-06-08~2024-06-10,3天,3天口径v1.0,商务部社零,官方重点监测,实际,同比,3,水平值,2026-08-21,,商务部(央视网转引),新场景新业态激活假日消费,2024-06-11,A,https://news.cctv.com/2024/06/11/ARTIb9IEUGUScDfNyvwzYv95240611.shtml,营业额+9.2%
2024,端午,消费宏观,全国重点零售和餐饮企业销售额同比,9.8,%,百分比,2024-06-08~2024-06-10,3天,3天口径v1.0,商务部社零,官方重点监测,实际,同比,3,水平值,2026-08-21,,商务部(新华社快报),同比增长9.8% 端午假期消费市场亮点纷呈,2024-06-11,A,https://app.xinhuanet.com/news/article.html?articleId=718a6b6842777b582a429147e546f1a8,按可比口径;与旅游总花费403.5亿口径不同不可相加
2024,端午,消费宏观,内蒙古重点监测331家商贸企业销售额同比,10.8,%,百分比,2024-06-08~2024-06-10,3天,3天口径v1.0,商务部社零,官方重点监测,实际,较2019,3,增长率,2026-08-21,,内蒙古商务厅,内蒙古端午市场运行,2024-06-13,A,https://cif.mofcom.gov.cn/site/html/neimenggu/html/1349859/2024/6/13/1718251781584.html,较2019同期+12.8%
2024,端午,消费宏观,北京60商圈消费额,65.7,亿元,亿元,2024-06-08~2024-06-10,3天,3天口径v1.0,商务部社零,官方重点监测,实际,无(水平值),3,水平值,2026-08-21,,北京市商务局,端午假期北京商圈数据,2024-06-10,A,https://dzswgf.mofcom.gov.cn/news/43/2024/6/1718170285765.html,60商圈客流2280.2万人次(+10.3%)
2024,端午,消费宏观,北京重点监测企业销售额,28.6,亿元,亿元,2024-06-08~2024-06-10,3天,3天口径v1.0,商务部社零,官方重点监测,实际,无(水平值),3,水平值,2026-08-21,,北京市商务局,端午假期北京商圈数据,2024-06-10,A,https://dzswgf.mofcom.gov.cn/news/43/2024/6/1718170285765.html,60商圈消费65.7亿;企业销售额+8.7%;商圈客流2280.2万+10.3%
2024,端午,消费宏观,北京重点监测企业销售额,28.6,亿元,亿元,2024-06-08~2024-06-10,3天,3天口径v1.0,商务部社零,官方重点监测,实际,同比,3,水平值,2026-08-21,,北京市商务局,端午假期北京商圈数据,2024-06-10,A,https://dzswgf.mofcom.gov.cn/news/43/2024/6/1718170285765.html,企业销售额+8.7%
2024,端午,消费宏观,端午假期国内机票均价同比,-25,%,百分比,2024-06-08~2024-06-10,3天,3天口径v1.0,平台GMV,平台自披露,实际,同比,3,增长率,2026-08-21,,携程(新京报转引),端午出游不贵不挤:国内机票均价降25%,2024-05-28,C,https://www.bjnews.com.cn/detail/1716948821169088.html,该平台自身口径
2024,端午,消费宏观,端午档放映场次,138.2,万场,场次,2024-06-08~2024-06-10,3天,3天口径v1.0,官方总量,官方总量,实际,无(水平值),3,水平值,2026-08-21,,猫眼专业版(中国网转引),2024端午档票房,2024-06-12,B,https://cul.china.com.cn/2024-06/12/content_42824413.htm,场次138.2万创影史端午档纪录;与票房下降形成背离
2024,端午,消费宏观,端午档电影票房,3.78,亿元,亿元,2024-06-08~2024-06-10,3天,3天口径v1.0,官方总量,官方总量,实际,同比,3,水平值,2026-08-21,,猫眼专业版(光明网/澎湃转引),2024端午档总票房3.78亿元,2024-06-11,B,https://m.gmw.cn/2024-06/11/content_1303759515.htm,同比约-14%;无爆款影片
2024,端午,消费宏观,重点监测企业分品类销售额同比(家电/家具/通讯器材),11.7/17.7/35.5,%,百分比,2024-06-08~2024-06-10,3天,3天口径v1.0,商务部社零,官方重点监测,实际,同比,3,复合,2026-08-21,,商务部(央视网转引),新场景新业态激活假日消费,2024-06-11,A,https://news.cctv.com/2024/06/11/ARTIb9IEUGUScDfNyvwzYv95240611.shtml,复合值:家电11.7/家具17.7/通讯器材35.5;实物网上零售+30%以上
2024,端午,消费宏观,重点监测实物网上零售同比,30,%,百分比,2024-06-08~2024-06-10,3天,3天口径v1.0,商务部社零,官方重点监测,实际,同比,3,水平值,2026-08-21,,商务部(央视网转引),新场景新业态激活假日消费,2024-06-11,A,https://news.cctv.com/2024/06/11/ARTIb9IEUGUScDfNyvwzYv95240611.shtml,实物网上零售同比增长30%以上
2024,端午,游客画像,周边游出游人次占比,50,%(近),百分比,2024-06-08~2024-06-10,3天,3天口径v1.0,客流人次,弱溯源,实际,无(水平值),3,水平值,2026-08-21,,平台综合(澎湃转引),端午小长假好玩不贵:周边游出游人次占比近50%,2024-06-11,C,https://www.thepaper.cn/newsDetail_forward_30919829,近50%;主题乐园最受欢迎;转述性概括
2024,端午,游客画像,携程00后出游人次同比,30,%,百分比,2024-06-08~2024-06-10,3天,3天口径v1.0,平台GMV,平台自披露,实际,同比,3,水平值,2026-08-21,,携程(券商转引),旅游行业端午数据总结,2024-06-10,C,https://fxbaogao.com/detail/4342008,同比增长超30%;年轻化趋势;该平台自身口径
2024,端午,游客画像,携程本地游/周边游订单占比,38/29,%,百分比,2024-06-08~2024-06-10,3天,3天口径v1.0,平台GMV,平台自披露,实际,无(水平值),3,复合,2026-08-21,,携程(券商转引),2024端午旅行报告,2024-06-10,C,https://fxbaogao.com/detail/4342008,复合值:本地游38/周边游29;该平台自身口径
2024,端午,游客画像,携程租车90后订单占比/00后订单同比,40/150,%/%,百分比,2024-06-08~2024-06-10,3天,3天口径v1.0,平台GMV,平台自披露,实际,同比,3,复合,2026-08-21,,携程租车(券商转引),旅游行业端午数据总结,2024-06-10,C,https://fxbaogao.com/detail/4342008,复合值:90后占比40%/00后同比+150%;该平台自身口径
2024,端午,酒店住宿,全国酒店行业Occ/ADR/RevPAR,本期暂无权威来源,定性,定性,2024-06-08~2024-06-10,3天,3天口径v1.0,酒店RevPAR,待核,实际,无(水平值),3,定性,2026-08-21,全国总量缺项,缺(未检索到权威披露),本期无公开数据,2026-08-21,D,,酒店三件套本期无权威来源;不编造
2024,端午,酒店住宿,同程热门三四线城市旅游预订热度同比,100,%,百分比,2024-06-08~2024-06-10,3天,3天口径v1.0,平台GMV,平台自披露,实际,同比,3,水平值,2026-08-21,,同程旅行(新浪财经转引),同程旅行端午假期旅行消费报告,2024-06-10,C,https://finance.sina.com.cn/tech/2024-06-10/doc-inayhfkz9046913.shtml,同比增长超100%;该平台自身口径;黄山/阿坝/阿勒泰等黑马
2024,端午,酒店住宿,宠物友好型民宿点击量同比,83,%,百分比,2024-06-08~2024-06-10,3天,3天口径v1.0,平台GMV,平台自披露,实际,同比,3,水平值,2026-08-21,,木鸟民宿(新京报转引),携宠出游成端午假期新趋势,2024-05-28,C,https://www.bjnews.com.cn/detail/1716774482168250.html,携宠自驾周边游新趋势;该平台自身口径
2024,端午,酒店住宿,木鸟民宿乡村民宿订单同比,116,%,百分比,2024-06-08~2024-06-10,3天,3天口径v1.0,平台GMV,平台自披露,实际,同比,3,水平值,2026-08-21,,木鸟民宿(新浪财经转引),端午假期民宿预订趋势报告,2024-05-25,C,https://finance.sina.com.cn/jjxw/2024-05-25/doc-inawmvhq9225601.shtml,该平台自身口径
2024,端午,酒店住宿,木鸟民宿平台端午订单同比,76,%,百分比,2024-06-08~2024-06-10,3天,3天口径v1.0,平台GMV,平台自披露,实际,同比,3,水平值,2026-08-21,,木鸟民宿(新浪财经转引),端午假期民宿预订趋势报告,2024-05-25,C,https://finance.sina.com.cn/jjxw/2024-05-25/doc-inawmvhq9225601.shtml,该平台自身口径
2024,端午,酒店住宿,济南/苏州等城市酒店预订量同比,50,%(超),百分比,2024-06-08~2024-06-10,3天,3天口径v1.0,平台GMV,行业协会计,实际,同比,3,水平值,2026-08-21,,机构(ZAKER/迈点转引),端午假期济南、苏州等城市酒店预订量同比增长超五成,2024-06-10,C,https://www.meadin.com/jd/267936.html,超五成;机构口径
2024,端午,酒店住宿,阿勒泰酒店预订热度同比,186,%,百分比,2024-06-08~2024-06-10,3天,3天口径v1.0,平台GMV,平台自披露,实际,同比,3,水平值,2026-08-21,,同程旅行(迈点转引),端午阿勒泰酒店预订同比增186%,2024-06-10,C,https://www.meadin.com/mdzb/268596.html,影视《我的阿勒泰》带动;该平台自身口径
2024,暑假,交通出行,全社会跨区域人员流动量,109.17,亿人次,水平值,2024-07-01~2024-08-31,7-8月合计,暑假62天口径v1.0,公路人员流动量,官方跨区域(含自驾),实际,同比,62,水平值,2026-08-21,,交通运输部,暑运期间全社会跨区域人员流动量超109亿人次,2024-09-01,A,https://www.gov.cn/yaowen/shipin/202409/content_6971757.htm,日均1.76亿;同比+3.8%;含自驾
2024,暑假,交通出行,全社会跨区域人员流动量日均(测算),1.76,亿人次/天,日度,2024-07-01~2024-08-31,7-8月合计,暑假62天口径v1.0,公路人员流动量,测算,推算,无(水平值),62,水平值,2026-08-21,推算,测算值(交通运输部数据派生),本报告推算,2026-08-21,D,https://www.gov.cn/yaowen/shipin/202409/content_6971757.htm,=109.17/62天;D级推算;2023暑运同期日均约1.70亿
2024,暑假,交通出行,公路人员流动量,98.19,亿人次,水平值,2024-07-01~2024-08-31,7-8月合计,暑假62天口径v1.0,公路人员流动量,官方跨区域(含自驾),实际,同比,62,水平值,2026-08-21,,交通运输部,公路暑运人员流动量达98.19亿人次,2024-09-01,A,https://www.gov.cn/lianbo/bumen/202409/content_6971781.htm,同比+3.77%;日均1.58亿;其中小客车自驾占比近八成
2024,暑假,交通出行,小客车自驾出行占比,80,%,水平值,2024-07-01~2024-08-31,7-8月合计,暑假62天口径v1.0,公路人员流动量,官方跨区域(含自驾),实际,无(水平值),62,水平值,2026-08-21,,交通运输部,公路暑运人员流动量达98.19亿人次,2024-09-01,A,https://www.gov.cn/lianbo/bumen/202409/content_6971781.htm,"公路出行中近八成(原文""近八成"");跨省车流占比超六成"
2024,暑假,交通出行,成都航空枢纽暑运旅客,1632.3,万人次,水平值,2024-07-01~2024-08-31,7-8月合计,机场集团口径,民航客运量,待核,实际,无(水平值),62,水平值,2026-08-21,,四川省机场集团,暑运数据,2024-09-04,B,http://xnsbdzb.com/xnsb/20240904/html/content_20240904003001.htm,创历史新高;目的地为四川的入境游订单+158%
2024,暑假,交通出行,民航客运量,14189,万人次,水平值,2024-07-01~2024-08-31,7-8月合计,暑假62天口径v1.0,民航客运量,官方营业性(不含自驾),实际,同比,62,水平值,2026-08-21,,中国民航局(21世纪经济报道),2024年暑运收官,2024-09-01,A,http://www.21jingji.com/article/20240901/herald/6a71c51fadd5c414056093a31c4d8ec8.html,约1.42亿人次;同比+12.21%;日均228.9万;创历史新高
2024,暑假,交通出行,水路客运量,6300,万人次,水平值,2024-07-01~2024-08-31,7-8月合计,暑假62天口径v1.0,水路客运量,官方营业性(不含自驾),实际,无(水平值),62,水平值,2026-08-21,,交通运输部(人民网),暑运数据,2024-09-02,B,https://finance.people.com.cn/BIG5/n1/2024/0902/c1004-40311130.html,"原文""超6300万人次"";数值记6300"
2024,暑假,交通出行,边检出入境人员,11000,万人次,水平值,2024-07-01~2024-08-31,7-8月合计,国家移民管理局边检口径,官方边检,官方总量,实际,同比,62,增长率,2026-08-21,,国家移民管理局(中国政府网),我国暑期1.1亿人次出入境,2024-09-03,A,https://www.gov.cn/lianbo/bumen/202409/content_6972038.htm,1.1亿人次;同比+30%;日均177.9万人次
2024,暑假,交通出行,铁路发送旅客,8.87,亿人次,水平值,2024-07-01~2024-08-31,7-8月合计,暑假62天口径v1.0,铁路客运量,官方营业性(不含自驾),实际,同比,62,水平值,2026-08-21,,国铁集团(中国网),2024铁路暑运累计发送旅客8.87亿人次,2024-09-02,A,http://railway.china.com.cn/2024-09/02/content_117400266.shtml,同比+6.7%;日均1431.2万;创暑运历史新高
2024,暑假,平台渠道,去哪儿县域酒店预订量环比,113,%,增长率,2024-07-01~2024-08-31,7-8月合计,去哪儿自披露口径,平台GMV,平台自披露,实际,环比,62,增长率,2026-08-21,,去哪儿大数据,暑期数据,2024-08,C,https://www.cnr.cn/lvyou/hydt/20240902/t20240902_526883432.shtml,县域酒店预订量环比+113%;四五线及下辖县酒店同比+24%;该平台自身口径
2024,暑假,平台渠道,同程亲子客群占比,35.1,%,水平值,2024-07-01~2024-08-31,7-8月合计,同程自披露口径,平台GMV,平台自披露,实际,无(水平值),62,水平值,2026-08-21,,同程旅行,2024暑期旅游市场盘点,2024-08-30,C,https://finance.sina.cn/2024-08-30/detail-incmmrra0090128.d.html,约35.1%;多人出行场景;该平台自身口径
2024,暑假,平台渠道,携程入境游客人次同比,3000,%,增长率,2024-07-01~2024-08-31,7-8月合计,携程自披露口径,平台GMV,平台自披露,实际,同比,62,增长率,2026-08-21,,携程,2024暑期出游市场报告,2024-08-28,C,https://www.chinaqw.com.cn/hqly/2024/09-02/383264.shtml,"原文""入境游客人次同比+超30倍"";数值记3000为30倍;平台口径"
2024,暑假,平台渠道,携程入境游订单同比,70,%,增长率,2024-07-01~2024-08-31,7-8月合计,携程自披露口径,平台GMV,平台自披露,实际,同比,62,增长率,2026-08-21,,携程,2024暑期出游市场报告,2024-08-28,C,https://www.chinaqw.com.cn/hqly/2024/09-02/383264.shtml,约七成;入境游客人次同比+超30倍;该平台自身口径
2024,暑假,平台渠道,携程出境游订单同比,40,%,增长率,2024-07-01~2024-08-31,7-8月合计,携程自披露口径,平台GMV,平台自披露,实际,同比,62,增长率,2026-08-21,,携程,2024暑期出游市场报告,2024-08-28,C,https://www.chinaqw.com.cn/hqly/2024/09-02/383264.shtml,超四成;赴巴黎+129%;欧洲租车+170%;该平台自身口径
2024,暑假,平台渠道,携程县域入境游订单同比,102,%,增长率,2024-07-01~2024-08-31,7-8月合计,携程自披露口径,平台GMV,平台自披露,实际,同比,62,增长率,2026-08-21,,携程,2024暑期出游市场报告,2024-08-28,C,https://www.sanqin.com/2024-08/28/content_10832397.html,县域入境游订单同比+102%;平台口径
2024,暑假,平台渠道,携程县域目的地旅游订单环比,45,%,增长率,2024-07-01~2024-08-31,7-8月合计,携程自披露口径,平台GMV,平台自披露,实际,环比,62,增长率,2026-08-21,,携程,2024暑期出游市场报告,2024-08-28,C,https://www.sanqin.com/2024-08/28/content_10832397.html,环比前两月+45%
2024,暑假,平台渠道,携程整体租车订单同比,22,%,增长率,2024-07-01~2024-08-31,7-8月合计,携程自披露口径,平台GMV,平台自披露,实际,同比,62,增长率,2026-08-21,,携程,2024暑期出游市场报告,2024-08-28,C,https://www.sanqin.com/2024-08/28/content_10832397.html,房车自驾新客占49%;该平台自身口径
2024,暑假,平台渠道,河南入境游订单同比,92,%,增长率,2024-07-01~2024-08-31,7-8月合计,携程自披露口径,平台GMV,平台自披露,实际,同比,62,增长率,2026-08-21,,携程(腾讯新闻转引),携程暑期出游报告:河南入境游订单同比增长92%,2024-08-29,C,https://news.qq.com/rain/a/20240829A01WBU00,入境游区域结构;平台口径
2024,暑假,平台渠道,飞猪国内租车预订同比,60,%,增长率,2024-07-01~2024-08-31,7-8月合计,飞猪自披露口径,平台GMV,平台自披露,实际,同比,62,增长率,2026-08-21,,飞猪,2024暑期出游快报,2024-08,C,http://www.scpublic.cn/news/wx/detail?newsid=792360,超6成;平台口径
2024,暑假,平台渠道,飞猪国内线路游预订量增速,双位数增长,定性,定性,2024-07-01~2024-08-31,7-8月合计,飞猪自披露口径,平台GMV,平台自披露,实际,无(水平值),62,定性,2026-08-21,,飞猪,2024暑期出游快报,2024-08,C,http://www.scpublic.cn/news/wx/detail?newsid=792360,直营品牌酒店+约三成;国内租车+超6成;该平台自身口径
2024,暑假,平台渠道,飞猪直营品牌酒店预订同比,30,%,增长率,2024-07-01~2024-08-31,7-8月合计,飞猪自披露口径,平台GMV,平台自披露,实际,同比,62,增长率,2026-08-21,,飞猪,2024暑期出游快报,2024-08,C,http://www.scpublic.cn/news/wx/detail?newsid=792360,约三成;平台口径
2024,暑假,总体,2023国内旅游出游人次,18.39,亿人次,水平值,2023-06-01~2023-08-31,6-8月合计,暑期6-8月监测口径v1.0,客流人次,官方总量,实际,无(水平值),92,水平值,2026-08-21,历史基线,中国旅游研究院,2023年暑期旅游市场监测报告,2023-09-04,A,https://www.mct.gov.cn/whzx/zsdw/zglyyjy/202309/t20230904_947007.html,监测口径6-8月;2024年同比+6.0%基于此
2024,暑假,总体,2023国内游客出游总花费,1.21,万亿元,水平值,2023-06-01~2023-08-31,6-8月合计,暑期6-8月监测口径v1.0,旅游总花费,官方总量,实际,无(水平值),92,水平值,2026-08-21,历史基线,中国旅游研究院,2023年暑期旅游市场监测报告,2023-09-04,A,https://www.mct.gov.cn/whzx/zsdw/zglyyjy/202309/t20230904_947007.html,监测口径6-8月;2024年同比+8.3%基于此
2024,暑假,总体,2023暑期出游人数占全年比重,28.1,%,水平值,2023-06-01~2023-08-31,6-8月合计,暑期6-8月监测口径v1.0,客流人次,官方总量,实际,无(水平值),92,水平值,2026-08-21,历史基线,中国旅游研究院,2023年暑期旅游市场监测报告,2023-09-04,A,https://www.mct.gov.cn/whzx/zsdw/zglyyjy/202309/t20230904_947007.html,暑期6-8月出游占全年28.1%
2024,暑假,总体,2023暑期旅游收入占全年比重,28.7,%,水平值,2023-06-01~2023-08-31,6-8月合计,暑期6-8月监测口径v1.0,旅游总花费,官方总量,实际,无(水平值),92,水平值,2026-08-21,历史基线,中国旅游研究院,2023年暑期旅游市场监测报告,2023-09-04,A,https://www.mct.gov.cn/whzx/zsdw/zglyyjy/202309/t20230904_947007.html,暑期6-8月收入占全年28.7%
2024,暑假,总体,中秋假期国内出游人次(预判),1.0,亿人次,水平值,2024-09-15~2024-09-17,中秋3天,预判口径v1.0,客流人次,测算,预计,无(水平值),3,水平值,2026-08-21,预判待回填,本报告预测,预测台账-2024暑假,2026-08-21,D,——,"预测ID=2024暑假-F01;中秋国内出游人次中心值约1.0亿,区间0.9~1.1亿;3天口径须per-day折算;置信度中;不得当实测"
2024,暑假,总体,人均出游花费(测算),672,元,人均trip,2024-06-01~2024-08-31,6-8月合计,暑期6-8月监测口径v1.0,旅游总花费,测算,推算,无(水平值),92,水平值,2026-08-21,推算,测算值(=1.31万亿/19.49亿),本报告推算,2026-08-21,D,https://www.ctaweb.org.cn/zhuantiyanjiu/9969.html,约672元/人次;per-trip口径称人均消费;D级推算;2023年约658元
2024,暑假,总体,人均出游花费(测算·2023),658,元,人均trip,2023-06-01~2023-08-31,6-8月合计,暑期6-8月监测口径v1.0,旅游总花费,测算,推算,无(水平值),92,水平值,2026-08-21,推算,测算值(=1.21万亿/18.39亿),本报告推算,2026-08-21,D,https://www.mct.gov.cn/whzx/zsdw/zglyyjy/202309/t20230904_947007.html,约658元/人次;per-trip口径;D级推算
2024,暑假,总体,人均出游花费(测算·2024),672,元,人均trip,2024-06-01~2024-08-31,6-8月合计,暑期6-8月监测口径v1.0,旅游总花费,测算,推算,无(水平值),92,水平值,2026-08-21,推算,测算值(=1.31万亿/19.49亿),本报告推算,2026-08-21,D,https://www.ctaweb.org.cn/zhuantiyanjiu/9969.html,约672元/人次;per-trip口径称人均消费;D级推算
2024,暑假,总体,出游人次日均(测算),0.212,亿人次/天,日度,2024-06-01~2024-08-31,6-8月合计,暑期6-8月监测口径v1.0,客流人次,测算,推算,无(水平值),92,水平值,2026-08-21,推算,测算值(研究院数据派生),本报告推算,2026-08-21,D,https://www.ctaweb.org.cn/zhuantiyanjiu/9969.html,=19.49/92天;D级推算;监测口径6-8月
2024,暑假,总体,出游总花费日均(测算),142.4,亿元/天,日度,2024-06-01~2024-08-31,6-8月合计,暑期6-8月监测口径v1.0,旅游总花费,测算,推算,无(水平值),92,水平值,2026-08-21,推算,测算值(研究院数据派生),本报告推算,2026-08-21,D,https://www.ctaweb.org.cn/zhuantiyanjiu/9969.html,=13100/92天;D级推算;监测口径6-8月
2024,暑假,总体,十一假期国内出游人次(预判),7.0,亿人次,水平值,2024-10-01~2024-10-07,十一7天,预判口径v1.0,客流人次,测算,预计,无(水平值),7,水平值,2026-08-21,预判待回填,本报告预测,预测台账-2024暑假,2026-08-21,D,——,"预测ID=2024暑假-F02;十一国内出游人次中心值约7.0亿,区间6.8~7.3亿;7天口径须per-day折算;置信度中;不得当实测"
2024,暑假,总体,十一假期国内游客出游总花费(预判),6500,亿元,水平值,2024-10-01~2024-10-07,十一7天,预判口径v1.0,旅游总花费,测算,预计,无(水平值),7,水平值,2026-08-21,预判待回填,本报告预测,预测台账-2024暑假,2026-08-21,D,——,"预测ID=2024暑假-F03;十一出游总花费中心值约6500亿,区间6200~6800亿;7天口径;置信度中;不得当实测"
2024,暑假,总体,国内旅游出游人次,19.49,亿人次,水平值,2024-06-01~2024-08-31,6-8月合计,暑期6-8月监测口径v1.0,客流人次,官方总量,实际,同比,92,水平值,2026-08-21,,中国旅游研究院(文化和旅游部数据中心),2024年旅游经济回顾与展望,2025-01,A,https://www.ctaweb.org.cn/zhuantiyanjiu/9969.html,同比+6.0%;全面超越2019年同期;研究院监测口径为6-8月(92天)
2024,暑假,总体,国内游客出游总花费,1.31,万亿元,水平值,2024-06-01~2024-08-31,6-8月合计,暑期6-8月监测口径v1.0,旅游总花费,官方总量,实际,同比,92,水平值,2026-08-21,,中国旅游研究院(文化和旅游部数据中心),2024年旅游经济回顾与展望,2025-01,A,https://www.ctaweb.org.cn/zhuantiyanjiu/9969.html,同比+8.3%;与商务部社零口径分列不可相加
2024,暑假,新消费,奥运赴巴黎订单同比,129,%,增长率,2024-07-01~2024-08-31,7-8月合计,携程自披露口径,平台GMV,平台自披露,实际,同比,62,增长率,2026-08-21,,携程(三秦网转引),2024暑期出游市场报告,2024-08-28,C,https://www.sanqin.com/2024-08/28/content_10832397.html,2024巴黎奥运会带动;欧洲租车+170%;该平台自身口径
2024,暑假,新消费,宝藏小城搜索量同比,2790,%,增长率,2024-07-01~2024-08-31,7-8月合计,小红书平台口径,搜索量,平台自披露,实际,同比,62,增长率,2026-08-21,,小红书(新华网转引),暑期平价旅游,2024-08-27,C,https://www.toutiao.com/article/7407655600668017204/,话题#被低估的宝藏小城#搜索量+2790%;该平台自身口径
2024,暑假,新消费,小西天景区抖音订单环比,1700,%,增长率,2024-08-20~2024-08-31,游戏上线一周,抖音平台口径,平台GMV,平台自披露,实际,环比,12,增长率,2026-08-21,,抖音生活服务(华商网转引),黑神话悟空带火山西旅游,2024-09-02,C,https://news.hsw.cn/system/2024/0902/1780194.shtml,"原文""抖音订单量环比增长17倍"";数值记1700%;平台口径"
2024,暑假,新消费,山西旅游搜索热度同比,100,%,增长率,2024-07-01~2024-08-31,7-8月合计,平台搜索口径,搜索量,平台自披露,实际,同比,62,增长率,2026-08-21,,携程/同程(澎湃新闻转引),黑神话悟空点燃山西旅游,2024-08-21,C,https://m.thepaper.cn/detail/28469323,"原文""山西搜索热度翻倍"";数值记100%;平台口径"
2024,暑假,新消费,欧洲租车订单同比,170,%,增长率,2024-07-01~2024-08-31,7-8月合计,携程自披露口径,平台GMV,平台自披露,实际,同比,62,增长率,2026-08-21,,携程(三秦网转引),2024暑期出游市场报告,2024-08-28,C,https://www.sanqin.com/2024-08/28/content_10832397.html,奥运带动欧洲租车;平台口径
2024,暑假,新消费,江苏大型演出票房,7.5,亿元,水平值,2024-07-01~2024-08-31,7-8月合计,大麦网(江苏)口径,平台GMV,待核,实际,无(水平值),62,水平值,2026-08-21,,大麦网(江苏省文旅厅转引),江苏暑期文旅市场,2024-08,C,https://k.sina.cn/article_3733965085_de8fc91d02701azju.html,54场5000人以上;观演86.3万;拉动文旅消费6.7亿
2024,暑假,新消费,沙漠观星酒店搜索量同比,270,%,增长率,2024-07-01~2024-08-31,7-8月合计,美团平台口径,搜索量,平台自披露,实际,同比,62,增长率,2026-08-21,,美团(搜狐转引),暑期主题酒店,2024-08,C,https://www.sohu.com/a/804738155_114988,搜索量+270~470%(原文区间);Tengol沙漠酒店周销量近千间;该平台自身口径
2024,暑假,新消费,电竞酒店入住率提升(黑神话悟空),25,%,增长率,2024-08-20~2024-08-31,8月下旬,多家平台监测口径,酒店间夜,待核,实际,无(水平值),12,增长率,2026-08-21,,多家平台(新京报/搜狐转引),电竞酒店,2024-08,C,https://www.sohu.com/a/804738155_114988,黑神话悟空上线带动;入住率提升20~30pct(原文区间);数值记25
2024,暑假,新消费,研学游订单量同比,175,%,增长率,2024-07-01~2024-08-31,7-8月合计,携程自披露口径,平台GMV,平台自披露,实际,同比,62,增长率,2026-08-21,,携程(央广网转引),2024暑期出游市场报告,2024-08-28,C,https://www.cnr.cn/lvyou/hydt/20240902/t20240902_526883432.shtml,国内研学人数+2倍
2024,暑假,新消费,黑神话悟空-小西天景区门票订单同比,236,%,增长率,2024-07-01~2024-08-31,7-8月合计,平台订单口径,平台GMV,平台自披露,实际,同比,62,增长率,2026-08-21,,携程/同程(澎湃新闻/中华网转引),黑神话悟空点燃山西旅游,2024-08-21,C,https://m.thepaper.cn/detail/28469323,游戏8月20日上线带动;山西搜索热度翻倍;另有平台报告口径+261%;多源转引平台数据
2024,暑假,旅行社,全国旅行社订单总量,本期暂无公开数据,定性,定性,2024-07-01~2024-08-31,7-8月合计,缺口声明,平台GMV,弱溯源,实际,无(水平值),62,定性,2026-08-21,全国总量缺项,——,——,——,D,——,无全国权威口径;仅平台/单一旅行社结构数据可用(见上表与L2素材)
2024,暑假,旅行社,春秋旅游跟团游人次同比,50,%,增长率,2024-07-01~2024-08-31,7-8月合计,单一旅行社披露口径,平台GMV,待核,实际,同比,62,增长率,2026-08-21,,春秋旅游,暑期出游数据,2024-08,C,https://www.caiair.cn/post/shuqi-lvyou-xianyu-lvyou-483429.html,"原文""超50%"";单一旅行社披露"
2024,暑假,景区目的地,全国重点博物馆门票预订量排名,第一,定性,定性,2024-07-01~2024-08-31,7-8月合计,央视转引平台口径,搜索量,待核,实际,无(水平值),62,定性,2026-08-21,,央视(旅游平台数据转引),暑期文旅消费盘点,2024-09-02,B,https://news.cctv.com/2024/09/02/ARTIrCbFj5cDxbMJuJ6NKi38240902.shtml,博物馆人次同比两位数增长
2024,暑假,景区目的地,兰州酒店订单增速居全国前十,是,定性,定性,2024-07-01~2024-08-31,7-8月合计,平台榜单口径,酒店间夜,待核,实际,无(水平值),62,定性,2026-08-21,,中国兰州网,甘肃暑期游成绩单,2024-08-29,B,http://www.lanzhou.cn/lz/system/2024/08/29/012496867.shtml,酒店订单增速全国前十;甘肃文旅热度上升
2024,暑假,景区目的地,厦门暑期接待游客,2470,万人次,水平值,2024-07-01~2024-08-31,7-8月合计,市文旅局统计口径,客流人次,官方总量,实际,同比,62,水平值,2026-08-21,,厦门市文旅局(文旅部转载),厦门暑期文旅消费,2024-09-13,B,https://www.mct.gov.cn/gtb/index.jsp?url=http%3A%2F%2Fwww.mct.gov.cn%2Fwhzx%2Fqgwhxxlb%2Ffj%2F202409%2Ft20240913_955267.htm,同比+12.5%;携程订单+107%
2024,暑假,景区目的地,厦门暑期旅游总花费,370,亿元,水平值,2024-07-01~2024-08-31,7-8月合计,市文旅局统计口径,旅游总花费,官方总量,实际,同比,62,水平值,2026-08-21,,厦门市文旅局(文旅部转载),厦门暑期文旅消费,2024-09-13,B,https://www.mct.gov.cn/gtb/index.jsp?url=http%3A%2F%2Fwww.mct.gov.cn%2Fwhzx%2Fqgwhxxlb%2Ffj%2F202409%2Ft20240913_955267.htm,同比+18.5%
2024,暑假,景区目的地,四川三星堆暑期接待游客,130,万人次,水平值,2024-07-01~2024-08-31,7-8月合计,景区博物馆口径,客流人次,待核,实际,无(水平值),62,水平值,2026-08-21,,三星堆博物馆(封面新闻),暑期数据,2024-08,B,https://e.thecover.cn/wapepaper/html/20240914/218698.html,"原文""超130万人次"";日均2.25万"
2024,暑假,景区目的地,江苏259家4A+景区入境游客,44.7,万人次,水平值,2024-07-01~2024-08-31,7-8月合计,省文旅统计口径,客流人次,待核,实际,同比,62,增长率,2026-08-21,,江苏省文旅厅,江苏暑期文旅市场,2024-08,B,https://k.sina.cn/article_3733965085_de8fc91d02701azju.html,同比+55.1%
2024,暑假,景区目的地,江苏全省接待省外游客同比,11.9,%,增长率,2024-07-01~2024-08-31,7-8月合计,省文旅统计口径,客流人次,待核,实际,同比,62,增长率,2026-08-21,,江苏省文旅厅,江苏暑期文旅市场,2024-08,B,https://k.sina.cn/article_3733965085_de8fc91d02701azju.html,省外游客占游客总量37.3%
2024,暑假,景区目的地,郑州上榜暑期十大周边游目的地,是,定性,定性,2024-07-01~2024-08-31,7-8月合计,平台榜单口径,搜索量,待核,实际,无(水平值),62,定性,2026-08-21,,河南省人民政府网,郑州上榜暑期全国十大周边游目的地城市,2024-09-02,B,https://www.henan.gov.cn/2024/09-02/3057240.html,携程榜单口径;周边游城市热度
2024,暑假,景区目的地,重庆暑期接待游客,8319,万人次,水平值,2024-07-01~2024-08-31,7-8月合计,市文旅部门口径,客流人次,待核,实际,同比,62,水平值,2026-08-21,,重庆市文化旅游委,重庆暑期数据,2024-09-14,B,https://e.thecover.cn/wapepaper/html/20240914/218698.html,同比+15.3%
2024,暑假,景区目的地,重庆暑期游客总花费,899,亿元,水平值,2024-07-01~2024-08-31,7-8月合计,市文旅部门口径,旅游总花费,待核,实际,同比,62,水平值,2026-08-21,,重庆市文化旅游委,重庆暑期数据,2024-09-14,B,https://e.thecover.cn/wapepaper/html/20240914/218698.html,同比+13.5%
2024,暑假,消费宏观,1-7月实物商品网上零售额同比,8.7,%,增长率,2024-01-01~2024-07-31,1-7月累计,商务部累计口径,商务部社零,官方总量,实际,累计年初至今,212,增长率,2026-08-21,,商务部(国家统计局),2024年7月消费市场情况,2024-08-22,A,https://cif.mofcom.gov.cn/cif/html/newsIssue/2024/8/1724305229374.html,累计口径;实物商品网上零售占社零25.6%
2024,暑假,消费宏观,1-7月服务零售额同比,7.2,%,增长率,2024-01-01~2024-07-31,1-7月累计,商务部累计口径,商务部社零,官方总量,实际,累计年初至今,212,增长率,2026-08-21,,商务部(国家统计局),2024年7月消费市场情况,2024-08-22,A,https://cif.mofcom.gov.cn/cif/html/newsIssue/2024/8/1724305229374.html,累计口径非单假期;餐饮收入3.06万亿(+7.1%)
2024,暑假,消费宏观,1-8月实物商品网上零售额同比,8.1,%,增长率,2024-01-01~2024-08-31,1-8月累计,商务部累计口径,商务部社零,官方总量,实际,累计年初至今,243,增长率,2026-08-21,,商务部(国家统计局),2024年8月消费市场情况,2024-09-20,A,https://big5.cctv.com/gate/big5/jingji.cctv.com/2024/09/20/ARTIZx4NjLeCfHSs9RGQu7A0240920.shtml,累计口径;占社零总额25.6%
2024,暑假,消费宏观,1-8月服务零售额同比,6.9,%,增长率,2024-01-01~2024-08-31,1-8月累计,商务部累计口径,商务部社零,官方总量,实际,累计年初至今,243,增长率,2026-08-21,,商务部(国家统计局),2024年8月消费市场情况,2024-09-20,A,https://big5.cctv.com/gate/big5/jingji.cctv.com/2024/09/20/ARTIZx4NjLeCfHSs9RGQu7A0240920.shtml,累计口径非单假期;餐饮收入3.5万亿(+6.6%)
2024,暑假,消费宏观,7月社会消费品零售总额,37757,亿元,水平值,2024-07-01~2024-07-31,7月单月,国家统计局月度口径,商务部社零,官方总量,实际,同比,31,水平值,2026-08-21,,国家统计局(中新网),2024年7月份社会消费品零售总额增长2.7%,2024-08-15,A,https://m.chinanews.com/wap/detail/chs/zw/10269107.shtml,同比+2.7%;与旅游总花费分列不可相加
2024,暑假,消费宏观,8月社会消费品零售总额,38726,亿元,水平值,2024-08-01~2024-08-31,8月单月,国家统计局月度口径,商务部社零,官方总量,实际,同比,31,水平值,2026-08-21,,国家统计局(央视网),2024年8月社会消费品零售总额增长2.1%,2024-09-20,A,https://big5.cctv.com/gate/big5/jingji.cctv.com/2024/09/20/ARTIZx4NjLeCfHSs9RGQu7A0240920.shtml,同比+2.1%;1-8月31.25万亿(+3.4%)
2024,暑假,消费宏观,国家级夜间文旅消费集聚区夜间客流(7月上旬),1.45,亿人次,水平值,2024-07-01~2024-07-15,7月上旬15天,夜间集聚区客流口径,客流人次,官方总量,实际,同比,15,水平值,2026-08-21,,文化和旅游部(腾讯新闻转引),夜间集聚区客流分析,2024-07,B,https://news.qq.com/rain/a/20240802A031N600,7月1日-15日1.45亿人次
2024,暑假,消费宏观,广东夜间文旅代表性商户夜间接待同比,5.5,%,增长率,2024-07-01~2024-08-31,7-8月合计,省文旅调查口径,客流人次,官方总量,实际,同比,62,增长率,2026-08-21,,广东省文旅厅,广东夜间文旅消费调查报告,2024-11,B,https://www.mct.gov.cn/gtb/index.jsp?url=http%3A%2F%2Fwww.mct.gov.cn%2Fwlbphone%2Fwlbydd%2Fxxfb%2Fqglb%2Fgd%2F202411%2Ft20241119_956351.html,暑期夜间接待同比+5.5%;夜间经济活跃
2024,暑假,消费宏观,暑期文化和旅游消费季活动场次,3.7,万场次,水平值,2024-07-01~2024-08-31,7-8月合计,文旅部活动口径,官方总量,官方总量,实际,无(水平值),62,水平值,2026-08-21,,文化和旅游部(人民网),文旅部:各地暑期将举办超4000项约3.7万场次文旅消费活动,2024-06-27,A,http://ent.people.com.cn/n1/2024/0627/c1012-40265840.html,超4000项约3.7万场次;围绕夜间/避暑/亲子/研学等主题
2024,暑假,消费宏观,暑期档平均票价,36.3,元,水平值,2024-06-01~2024-08-31,暑期档(6-8月),第三方票房平台口径,官方总量,行业协会计,实际,同比,92,增长率,2026-08-21,,猫眼/灯塔(头条号转引),2024暑期档票房观察,2024-08,C,https://www.toutiao.com/w/1873112933910536/,平均票价36.3元
2024,暑假,消费宏观,暑期档电影票房,116.43,亿元,水平值,2024-06-01~2024-08-31,暑期档(6-8月),暑期档口径,官方总量,官方总量,实际,同比,92,水平值,2026-08-21,,国家电影局(人民网),多元化国产影片发力 暑期档总票房116.43亿,2024-09-01,A,https://ent.people.com.cn/n1/2024/0901/c1012-40310474.html,6月1日-8月31日暑期档;总场次创历史新高
2024,暑假,消费宏观,暑期档观影人次,2.85,亿人次,水平值,2024-06-01~2024-08-31,暑期档(6-8月),暑期档口径,官方总量,官方总量,实际,无(水平值),92,水平值,2026-08-21,,国家电影局(人民网转引),多元化国产影片发力 暑期档总票房116.43亿,2024-09-01,B,https://ent.people.com.cn/n1/2024/0901/c1012-40310474.html,观影2.85亿人次;国产影片贡献超六成票房
2024,暑假,游客画像,2023暑期机票订单亲子游较2019增幅,56,%,增长率,2023-07-01~2023-08-31,7-8月合计,携程自披露口径,平台GMV,平台自披露,实际,较2019,62,增长率,2026-08-21,历史基线,携程,2023年暑期出游市场报告,2023-08-30,C,https://big5.china.com.cn/gate/big5/travel.china.com.cn/txt/2023-08/30/content_109762579.shtml,历史基线参考;亲子游结构延续性强
2024,暑假,游客画像,亲子客群暑期订单占比,35,%,水平值,2024-07-01~2024-08-31,7-8月合计,携程自披露口径,平台GMV,平台自披露,实际,无(水平值),62,水平值,2026-08-21,,携程,2024暑期出游市场报告,2024-08-28,C,https://www.chinaqw.com.cn/hqly/2024/09-02/383264.shtml,携程亲子客群订单占比35%;高质量陪伴游;该平台自身口径
2024,暑假,游客画像,县域游异地游客占比,77,%,水平值,2024-07-01~2024-08-31,7-8月合计,携程自披露口径,平台GMV,平台自披露,实际,无(水平值),62,水平值,2026-08-21,,携程,2024暑期出游市场报告,2024-08-28,C,https://www.sanqin.com/2024-08/28/content_10832397.html,县域游异地游客占比77%
2024,暑假,游客画像,同程亲子客群占比,35.1,%,水平值,2024-07-01~2024-08-31,7-8月合计,同程自披露口径,平台GMV,平台自披露,实际,无(水平值),62,水平值,2026-08-21,,同程旅行,2024暑期旅游市场盘点,2024-08-30,C,https://finance.sina.cn/2024-08-30/detail-incmmrra0090128.d.html,约35.1%;多人出行场景;该平台自身口径
2024,暑假,游客画像,暑期国内租车自驾订单同比,40,%,增长率,2024-07-01~2024-08-31,7-8月合计,暑假62天口径v1.0,平台GMV,待核,实际,同比,62,增长率,2026-08-21,,央视(平台数据),暑期文旅消费盘点,2024-09-02,B,https://news.cctv.com/2024/09/02/ARTIrCbFj5cDxbMJuJ6NKi38240902.shtml,"原文""超40%"";80后90后占70%;平台口径"
2024,暑假,游客画像,暑期国内长线游占比,超七成,定性,定性,2024-07-01~2024-08-31,7-8月合计,暑假62天口径v1.0,客流人次,待核,实际,无(水平值),62,定性,2026-08-21,,央视(平台数据),暑期文旅消费盘点,2024-09-02,B,https://news.cctv.com/2024/09/02/ARTIrCbFj5cDxbMJuJ6NKi38240902.shtml,长线游占比超七成;亲子/中老年/学生为主;避暑游热门目的地+3倍以上
2024,暑假,游客画像,避暑游热门目的地增速,200,%,增长率,2024-07-01~2024-08-31,7-8月合计,暑假62天口径v1.0,客流人次,待核,实际,无(水平值),62,增长率,2026-08-21,,央视(平台数据),暑期文旅消费盘点,2024-09-02,B,https://news.cctv.com/2024/09/02/ARTIrCbFj5cDxbMJuJ6NKi38240902.shtml,"原文""避暑游热门目的地+3倍以上"";数值记200%为""3倍""下限;平台口径"
2024,暑假,酒店住宿,三亚亚特兰蒂斯入住率,89.6,%,百分比,2024-07-01~2024-08-31,7-8月合计,复星旅文财报口径,酒店间夜,待核,实际,同比,62,增长率,2026-08-21,,复星旅文(2024H1财报),2024年上半年财报,2024-08,C,https://www.sohu.com/a/804738155_114988,同比+3pct;客房ADR 2044元
2024,暑假,酒店住宿,三亚亚特兰蒂斯客房ADR,2044,元,元/间夜,2024-07-01~2024-08-31,7-8月合计,复星旅文财报口径,酒店ADR,待核,实际,无(水平值),62,水平值,2026-08-21,,复星旅文(2024H1财报),2024年上半年财报,2024-08,C,https://www.sohu.com/a/804738155_114988,高端度假酒店价格标杆
2024,暑假,酒店住宿,三线以下城市酒店经营指标增长前十占比,90,%,水平值,2024-07-01~2024-08-31,7-8月合计,尚美数智酒店集团口径,酒店间夜,待核,实际,无(水平值),62,水平值,2026-08-21,,尚美数智酒店集团,暑期数据,2024-08,C,https://www.toutiao.com/article/7407655600668017204/,经营指标增长前十中三线以下城市占90%;宁夏吴忠OCC同比+62.2pct全国第一
2024,暑假,酒店住宿,中星酒店平均价格同比,-8,%,增长率,2024-07-01~2024-08-31,7-8月合计,去哪儿大数据口径,酒店ADR,平台自披露,实际,同比,62,增长率,2026-08-21,,去哪儿大数据,暑期酒店价格分析,2024-08-27,C,https://www.toutiao.com/article/7407655600668017204/,国际机票-22%、国际酒店-24%;该平台自身口径
2024,暑假,酒店住宿,全国酒店平均ADR,216.68,元,元/间夜,2024-07-01~2024-08-31,7-8月合计,酒店行业跟踪口径,酒店RevPAR,行业协会计,实际,同比,62,增长率,2026-08-21,,中信证券(酒店数据跟踪),2024年8月第5周酒店数据跟踪,2024-09,C,https://www.meiritouyan.com/3886.html,暑期7-8月;同比-5.3%
2024,暑假,酒店住宿,全国酒店平均OCC,65.69,%,百分比,2024-07-01~2024-08-31,7-8月合计,酒店行业跟踪口径,酒店间夜,行业协会计,实际,同比,62,增长率,2026-08-21,,中信证券(酒店数据跟踪),2024年8月第5周酒店数据跟踪,2024-09,C,https://www.meiritouyan.com/3886.html,同比+0.4pct
2024,暑假,酒店住宿,全国酒店平均RevPAR,142.71,元,元/间夜,2024-07-01~2024-08-31,7-8月合计,酒店行业跟踪口径,酒店RevPAR,行业协会计,实际,同比,62,增长率,2026-08-21,,中信证券(酒店数据跟踪),2024年8月第5周酒店数据跟踪,2024-09,C,https://www.meiritouyan.com/3886.html,同比-4.8%;间夜需求约+6.2%
2024,暑假,酒店住宿,全国酒店间夜需求同比,6.2,%,增长率,2024-07-01~2024-08-31,7-8月合计,酒店行业跟踪口径,酒店间夜,行业协会计,实际,同比,62,增长率,2026-08-21,,中信证券(酒店数据跟踪),2024年8月第5周酒店数据跟踪,2024-09,C,https://www.meiritouyan.com/3886.html,约+6.2%;量增价跌
2024,暑假,酒店住宿,北京高星级酒店暑期入住率,80,%,百分比,2024-07-01~2024-08-31,7-8月合计,多家高星酒店监测口径,酒店间夜,待核,实际,无(水平值),62,水平值,2026-08-21,,多家北京高星酒店(中国网),暑期北京住宿市场,2024-07-16,B,https://www.toutiao.com/article/7392043294383030784/,约80%(去年同期85%以上);市场理性回落
2024,十一,交通出行,全社会跨区域人员流动量,20.03,亿人次,人次,2024-10-01 至 2024-10-07,7天,国庆7天口径v1.0,公路人员流动量,官方跨区域(含自驾),实际,较2019,7,水平值,2026-08-21,,交通运输部,国庆假期交通数据,2024-10-08,A,https://news.cctv.cn/2024/10/08/ARTITB2Q9k1Se1Ks5jBM8YCD241008.shtml,日均28618.7万
2024,十一,交通出行,公路人员流动量,184616,万人次,人次,2024-10-01 至 2024-10-07,7天,国庆7天口径v1.0,公路人员流动量,官方跨区域(含自驾),实际,较2019,7,水平值,2026-08-21,,交通运输部,国庆假期交通数据,2024-10-08,A,https://news.cctv.cn/2024/10/08/ARTITB2Q9k1Se1Ks5jBM8YCD241008.shtml,日均26373.7万
2024,十一,交通出行,公路小客车出行量,158541,万人次,人次,2024-10-01 至 2024-10-07,7天,国庆7天口径v1.0,公路人员流动量,官方跨区域(含自驾),实际,较2019,7,水平值,2026-08-21,,交通运输部,国庆假期交通数据,2024-10-08,A,https://news.cctv.cn/2024/10/08/ARTITB2Q9k1Se1Ks5jBM8YCD241008.shtml,占公路人员流动量85.9%;+3.8%;较2019+55.8%
2024,十一,交通出行,民航客运量,1609.6,万人次,人次,2024-10-01 至 2024-10-07,7天,国庆7天口径v1.0,民航客运量,官方营业性(不含自驾),实际,较2023,7,水平值,2026-08-21,,交通运输部,国庆假期交通数据,2024-10-08,A,https://news.cctv.cn/2024/10/08/ARTITB2Q9k1Se1Ks5jBM8YCD241008.shtml,日均229.9万
2024,十一,交通出行,民航客运量日均,229.9,万人次/天,日度,2024-10-01 至 2024-10-07,7天,国庆7天口径v1.0,民航客运量,官方营业性(不含自驾),实际,较2023,7,水平值,2026-08-21,,交通运输部,国庆假期交通数据,2024-10-08,A,https://news.cctv.cn/2024/10/08/ARTITB2Q9k1Se1Ks5jBM8YCD241008.shtml,较2023日均+11.1%
2024,十一,交通出行,水路客运量,980.1,万人次,人次,2024-10-01 至 2024-10-07,7天,国庆7天口径v1.0,水路客运量,官方营业性(不含自驾),实际,较2023,7,水平值,2026-08-21,,交通运输部,国庆假期交通数据,2024-10-08,A,https://news.cctv.cn/2024/10/08/ARTITB2Q9k1Se1Ks5jBM8YCD241008.shtml,日均140万
2024,十一,交通出行,跨区域人员流动量日均,28618.7,万人次/天,日度,2024-10-01 至 2024-10-07,7天,国庆7天口径v1.0,公路人员流动量,官方跨区域(含自驾),实际,较2023,7,水平值,2026-08-21,,交通运输部,国庆假期交通数据,2024-10-08,A,https://news.cctv.cn/2024/10/08/ARTITB2Q9k1Se1Ks5jBM8YCD241008.shtml,官方发布的日均值;较2023日均+3.9%
2024,十一,交通出行,边检出入境人员,1309.8,万人次,人次,2024-10-01 至 2024-10-07,7天,国庆7天口径v1.0,客流人次,官方边检,实际,同比,7,水平值,2026-08-21,,国家移民管理局,国庆节期间1309.8万人次出入境,2024-10-08,A,https://www.nia.gov.cn/n897453/c1677123/content.html,同比增长25.8%;出入境双向奔赴;与文旅部旅游口径入出境人数不同
2024,十一,交通出行,边检出入境人员日均(测算),187.1,万人次/天,日度,2024-10-01 至 2024-10-07,7天,国庆7天口径v1.0,客流人次,测算,推算,同比,7,水平值,2026-08-21,测算待核,本报告推算,由边检数据派生,2026-08-21,D,https://www.nia.gov.cn/n897453/c1677123/content.html,=1309.8/7;D级推算
2024,十一,交通出行,铁路单日客流峰值(10/1),2144.8,万人次,人次,2024-10-01,单日,国铁单日口径,铁路客运量,官方营业性(不含自驾),实际,无(水平值),7,水平值,2026-08-21,,中国国家铁路集团(新华社),铁路国庆黄金周运输,2024-10-09,A,https://news.cctv.com/2024/10/09/ARTI2lNhHEeE6QAKEjUqVpiA241009.shtml,10月1日单日创历史新高
2024,十一,交通出行,铁路国庆黄金周累计发送旅客,1.77,亿人次,人次,2024-09-29 至 2024-10-08,10天,国铁10天口径v1.0,铁路客运量,官方营业性(不含自驾),实际,累计(窗口内),7,水平值,2026-08-21,,中国国家铁路集团(新华社),铁路国庆黄金周运输,2024-10-09,A,https://news.cctv.com/2024/10/09/ARTI2lNhHEeE6QAKEjUqVpiA241009.shtml,9/29-10/8共10天;日均1773.9万;10/1单日2144.8万创历史新高;与交通运输部7天口径(1.31亿)为双口径并列
2024,十一,交通出行,铁路客运量,13125.1,万人次,人次,2024-10-01 至 2024-10-07,7天,国庆7天口径v1.0,铁路客运量,官方营业性(不含自驾),实际,较2023,7,水平值,2026-08-21,,交通运输部,国庆假期交通数据,2024-10-08,A,https://news.cctv.cn/2024/10/08/ARTITB2Q9k1Se1Ks5jBM8YCD241008.shtml,日均1875万
2024,十一,交通出行,铁路客运量日均,1875,万人次/天,日度,2024-10-01 至 2024-10-07,7天,国庆7天口径v1.0,铁路客运量,官方营业性(不含自驾),实际,较2023,7,水平值,2026-08-21,,交通运输部,国庆假期交通数据,2024-10-08,A,https://news.cctv.cn/2024/10/08/ARTITB2Q9k1Se1Ks5jBM8YCD241008.shtml,较2023日均+6.3%
2024,十一,平台渠道,去哪儿三线及以下城市出境游订单同比,近3倍,倍,指数,2024-10-01 至 2024-10-07,7天,去哪儿自披露口径,平台GMV,平台自披露,实际,同比,7,指数,2026-08-21,,去哪儿(中青网转引),平台数据,2024-10-07,C,https://tour.youth.cn/xw/202410/t20241012_15574897.htm,该平台自身口径
2024,十一,平台渠道,去哪儿县域高星酒店预订增幅,五成,%,增长率,2024-10-01 至 2024-10-07,7天,去哪儿自披露口径,酒店间夜,平台自披露,实际,无(水平值),7,增长率,2026-08-21,,去哪儿(中青网转引),平台数据,2024-10-07,C,https://tour.youth.cn/xw/202410/t20241012_15574897.htm,三线及以下城市出境游订单+近3倍;该平台自身口径
2024,十一,平台渠道,同程三线及以下城市用车预订同比,50,%,增长率,2024-10-01 至 2024-10-07,7天,同程自披露口径,平台GMV,平台自披露,实际,同比,7,增长率,2026-08-21,,同程旅行(新浪财经转引),2024十一假期旅行消费报告,2024-10-07,C,https://finance.sina.com.cn/roll/2024-10-07/doc-incrttzr4820983.shtml,该平台自身口径
2024,十一,平台渠道,同程县域酒店预订涨幅超50%的县城数,近百,个,水平值,2024-10-01 至 2024-10-07,7天,同程自披露口径,酒店间夜,平台自披露,实际,无(水平值),7,水平值,2026-08-21,,同程旅行(新浪财经转引),2024十一假期旅行消费报告,2024-10-07,C,https://finance.sina.com.cn/roll/2024-10-07/doc-incrttzr4820983.shtml,三线及以下城市用车预订+50%;该平台自身口径
2024,十一,平台渠道,携程入境游日均人次增速,近80,%,增长率,2024-10-01 至 2024-10-07,7天,携程自披露口径,平台GMV,平台自披露,实际,同比,7,增长率,2026-08-21,,携程(经济参考报),2024年国庆旅游消费报告,2024-10-07,C,http://jjckb.xinhuanet.com/20241007/9e38ae79b9794ca48be0ee24205f431b/c.html,超50%外国旅客停留>7天;日均订单超2019;该平台自身口径
2024,十一,平台渠道,携程出入境游订单,创新高,定性,定性,2024-10-01 至 2024-10-07,7天,携程自披露口径,平台GMV,平台自披露,实际,无(水平值),7,定性,2026-08-21,,携程(澎湃新闻),携程十一旅游报告,2024-10-07,C,https://m.thepaper.cn/newsDetail_forward_28984556,出入境游订单超2019同期;该平台自身口径
2024,十一,平台渠道,携程四线城市日均出境游订单,1,倍,指数,2024-10-01 至 2024-10-07,7天,携程自披露口径,平台GMV,平台自披露,实际,同比,7,指数,2026-08-21,,携程(经济参考报),2024年国庆旅游消费报告,2024-10-07,C,http://jjckb.xinhuanet.com/20241007/9e38ae79b9794ca48be0ee24205f431b/c.html,四线+1倍/五线+3倍;出境游下沉市场新增长点;该平台自身口径
2024,十一,平台渠道,木鸟大同民宿订单同比,210,%,增长率,2024-10-01 至 2024-10-07,7天,木鸟自披露口径,酒店间夜,平台自披露,实际,同比,7,增长率,2026-08-21,,木鸟民宿(新京报转引),2024国庆假期民宿消费报告,2024-10-08,C,https://m.bjnews.com.cn/detail/1728390922168364.html,黑神话取景地带动;该平台自身口径
2024,十一,平台渠道,木鸟景德镇民宿订单同比,540,%,增长率,2024-10-01 至 2024-10-07,7天,木鸟自披露口径,酒店间夜,平台自披露,实际,同比,7,增长率,2026-08-21,,木鸟民宿(新京报转引),2024国庆假期民宿消费报告,2024-10-08,C,https://m.bjnews.com.cn/detail/1728390922168364.html,该平台自身口径
2024,十一,平台渠道,木鸟民宿热门城市订单同比,30以上,%,增长率,2024-10-01 至 2024-10-07,7天,木鸟自披露口径,酒店间夜,平台自披露,实际,同比,7,增长率,2026-08-21,,木鸟民宿(新京报转引),2024国庆假期民宿消费报告,2024-10-08,C,https://m.bjnews.com.cn/detail/1728390922168364.html,北京/西安/苏州+30%以上;大同+210%/景德镇+540%;该平台自身口径
2024,十一,平台渠道,美团全国生活服务到店消费同比,41.2,%,增长率,2024-10-01 至 2024-10-07,7天,美团自披露口径,平台GMV,平台自披露,实际,同比,7,增长率,2026-08-21,,美团(新浪财经转引),美团十一数据,2024-10-06,C,https://cj.sina.com.cn/articles/view/1644114654/61ff32de02001v5qe,游客日均消费增七成;该平台自身口径
2024,十一,平台渠道,美团夜间时段消费(较2023假期),44.8,个百分点,百分比,2024-10-01 至 2024-10-07,7天,美团自披露口径,平台GMV,平台自披露,实际,较2023,7,水平值,2026-08-21,,美团(人民日报转引),国庆消费数据,2024-10-09,C,https://cpc.people.com.cn/BIG5/n1/2024/1009/c64387-40335167.html,餐饮堂食前5天日均+33.4%;该平台自身口径
2024,十一,平台渠道,美团餐饮堂食前5天日均同比,33.4,%,增长率,2024-10-01 至 2024-10-05,5天,美团自披露口径,平台GMV,平台自披露,实际,同比,7,增长率,2026-08-21,,美团(人民日报转引),国庆消费数据,2024-10-09,C,https://cpc.people.com.cn/BIG5/n1/2024/1009/c64387-40335167.html,前5天日均+33.4%;该平台自身口径
2024,十一,平台渠道,途家县域民宿预订量同比,超五成,%,增长率,2024-10-01 至 2024-10-07,7天,途家自披露口径,酒店间夜,平台自披露,实际,无(水平值),7,增长率,2026-08-21,,途家民宿(新京报转引),平台数据,2024-10-08,C,https://m.bjnews.com.cn/detail/1728390922168364.html,覆盖1393县;四川九寨沟县+1.8倍;该平台自身口径
2024,十一,平台渠道,飞猪出境游预订量同比,超50,%,增长率,2024-10-01 至 2024-10-07,7天,飞猪自披露口径,平台GMV,平台自披露,实际,同比,7,增长率,2026-08-21,,飞猪(经济参考报),2024国庆假期出游快报,2024-10-07,C,http://jjckb.xinhuanet.com/20241007/9e38ae79b9794ca48be0ee24205f431b/c.html,国际酒店恢复至2019约120%;该平台自身口径
2024,十一,平台渠道,飞猪国内高星酒店预订量同比,近40,%,增长率,2024-10-01 至 2024-10-07,7天,飞猪自披露口径,酒店间夜,平台自披露,实际,同比,7,增长率,2026-08-21,,飞猪(经济参考报),2024国庆假期出游快报,2024-10-07,C,http://jjckb.xinhuanet.com/20241007/9e38ae79b9794ca48be0ee24205f431b/c.html,出境游+超50%;国际酒店恢复至2019约120%;该平台自身口径
2024,十一,平台渠道,飞猪机票/酒店均价同比,-13/-6,%,复合,2024-10-01 至 2024-10-07,7天,飞猪自披露口径,平台GMV,平台自披露,实际,同比,7,复合,2026-08-21,,飞猪(经济参考报),2024国庆假期出游快报,2024-10-07,C,http://jjckb.xinhuanet.com/20241007/9e38ae79b9794ca48be0ee24205f431b/c.html,机票-13%/酒店-6%;国际机票/酒店-19%/-3%;性价比特征;该平台自身口径
2024,十一,总体,人均出游消费(测算),916.1,元,人均trip,2024-10-01 至 2024-10-07,7天,国庆7天口径v1.0,旅游总花费,测算,推算,同比,7,水平值,2026-08-21,测算待核,本报告推算,由文旅部数据派生,2026-08-21,D,https://www.mct.gov.cn/wlbphone/wlbydd/xxfb/jiaodianxinwen/202410/t20241008_955599.html,=7008.17亿/7.65亿;2023年8天口径约912元
2024,十一,总体,人均每日消费(测算),130.9,元,人均day,2024-10-01 至 2024-10-07,7天,国庆7天口径v1.0,旅游总花费,测算,推算,同比,7,水平值,2026-08-21,测算待核,本报告推算,由文旅部数据派生,2026-08-21,D,https://www.mct.gov.cn/wlbphone/wlbydd/xxfb/jiaodianxinwen/202410/t20241008_955599.html,=7008.17亿/7.65亿/7天;per-day人均
2024,十一,总体,全国非遗传承实践活动场次,近3900,场,场,2024-10-01 至 2024-10-07,7天,国庆7天口径v1.0,客流人次,官方总量,实际,无(水平值),7,定性,2026-08-21,,文化和旅游部,2024年国庆节假期文化和旅游市场情况,2024-10-08,A,https://www.mct.gov.cn/wlbphone/wlbydd/xxfb/jiaodianxinwen/202410/t20241008_955599.html,约数
2024,十一,总体,出游人次日均(测算),1.09,亿人次/天,日度,2024-10-01 至 2024-10-07,7天,国庆7天口径v1.0,官方总量,测算,推算,同比,7,水平值,2026-08-21,测算待核,本报告推算,由文旅部数据派生,2026-08-21,D,https://www.mct.gov.cn/wlbphone/wlbydd/xxfb/jiaodianxinwen/202410/t20241008_955599.html,=7.65/7;2023年8天口径日均1.03亿/天;D级推算
2024,十一,总体,出游总花费日均(测算),1001.17,亿元/天,日度,2024-10-01 至 2024-10-07,7天,国庆7天口径v1.0,旅游总花费,测算,推算,同比,7,水平值,2026-08-21,测算待核,本报告推算,由文旅部数据派生,2026-08-21,D,https://www.mct.gov.cn/wlbphone/wlbydd/xxfb/jiaodianxinwen/202410/t20241008_955599.html,=7008.17/7;2023年8天口径日均941.79亿/天;D级推算
2024,十一,总体,国内旅游出游人次,7.65,亿人次,人次,2024-10-01 至 2024-10-07,7天,国庆7天口径v1.0,官方总量,官方总量,实际,同比,7,水平值,2026-08-21,,文化和旅游部数据中心,2024年国庆节假期文化和旅游市场情况,2024-10-08,A,https://www.mct.gov.cn/wlbphone/wlbydd/xxfb/jiaodianxinwen/202410/t20241008_955599.html,同比+5.9%;较2019同期+10.2%;2023年为8天合并口径(8.26亿)
2024,十一,总体,国内旅游出游人次,60,亿人次,人次,2025-01-01 至 2025-12-31 预测,2025全年预测,预测口径v1.0,官方总量,预计,预计,同比,365,水平值,2026-08-21,预判待回填,本报告预测台账,2025全年国内出游人次预测,2026-08-21,D,无URL(预测台账),预测ID=2024十一-F03;中心值60亿;区间57-63亿;置信度中低;全年口径;系由十一per-day反推
2024,十一,总体,国内旅游出游人次,5.2,亿人次,人次,2025-01-28 至 2025-02-04 预测,2025春节8天口径预测,预测口径v1.0,官方总量,预计,预计,同比,8,水平值,2026-08-21,预判待回填,本报告预测台账,2025春节出游人次预测,2026-08-21,D,无URL(预测台账),预测ID=2024十一-F01;中心值5.2亿;区间5.0-5.4亿;置信度中;D级预计非实测;须per-day折算后回看
2024,十一,总体,国内游客出游总花费,7008.17,亿元,亿元,2024-10-01 至 2024-10-07,7天,国庆7天口径v1.0,旅游总花费,官方总量,实际,同比,7,水平值,2026-08-21,,文化和旅游部数据中心,2024年国庆节假期文化和旅游市场情况,2024-10-08,A,https://www.mct.gov.cn/wlbphone/wlbydd/xxfb/jiaodianxinwen/202410/t20241008_955599.html,同比+6.3%;较2019同期+7.9%;与商务部社零口径分列不可相加
2024,十一,总体,国内游客出游总花费,6700,亿元,亿元,2025-01-28 至 2025-02-04 预测,2025春节8天口径预测,预测口径v1.0,旅游总花费,预计,预计,同比,8,水平值,2026-08-21,预判待回填,本报告预测台账,2025春节出游总花费预测,2026-08-21,D,无URL(预测台账),预测ID=2024十一-F02;中心值6700亿;区间6500-6900亿;置信度中;须per-day折算后比较
2024,十一,总体,国家级夜间文旅消费集聚区夜间客流量,9686.23,万人次,人次,2024-10-01 至 2024-10-07,7天,国庆7天口径v1.0,客流人次,官方总量,实际,较2023,7,水平值,2026-08-21,,文化和旅游部,2024年国庆节假期文化和旅游市场情况,2024-10-08,A,https://www.mct.gov.cn/wlbphone/wlbydd/xxfb/jiaodianxinwen/202410/t20241008_955599.html,按可比口径每夜较2023+25.4%
2024,十一,总体,营业性演出场次,4.43,万场次,场,2024-10-01 至 2024-10-07,7天,国庆7天口径v1.0,客流人次,官方总量,实际,同比,7,水平值,2026-08-21,,文化和旅游部,2024年国庆节假期文化和旅游市场情况,2024-10-08,A,https://www.mct.gov.cn/wlbphone/wlbydd/xxfb/jiaodianxinwen/202410/t20241008_955599.html,同比+14.5%
2024,十一,总体,营业性演出票房收入,22.09,亿元,亿元,2024-10-01 至 2024-10-07,7天,国庆7天口径v1.0,官方总量,官方总量,实际,同比,7,水平值,2026-08-21,,文化和旅游部,2024年国庆节假期文化和旅游市场情况,2024-10-08,A,https://www.mct.gov.cn/wlbphone/wlbydd/xxfb/jiaodianxinwen/202410/t20241008_955599.html,同比+25.9%
2024,十一,总体,营业性演出观演人数,1169.7,万人次,人次,2024-10-01 至 2024-10-07,7天,国庆7天口径v1.0,客流人次,官方总量,实际,同比,7,水平值,2026-08-21,,文化和旅游部,2024年国庆节假期文化和旅游市场情况,2024-10-08,A,https://www.mct.gov.cn/wlbphone/wlbydd/xxfb/jiaodianxinwen/202410/t20241008_955599.html,同比+13.3%
2024,十一,新消费,山西古建游景区门票订单同比,59,%,增长率,2024-10-01 至 2024-10-07,7天,携程自披露口径,平台GMV,平台自披露,实际,同比,7,增长率,2026-08-21,,携程(新华网山西频道转引),携程数据:国庆期间山西景区门票订单量同比增59%,2024-10-08,C,http://www.sx.xinhuanet.com/20241008/15a3323fca1f4255bb88fe382295ff71/c.html,黑神话悟空取景地带动古建游;该平台自身口径
2024,十一,新消费,红色旅游经典景区日均订单同比,70,%,增长率,2024-10-01 至 2024-10-07,7天,网络平台数据口径,平台GMV,待核,实际,同比,7,增长率,2026-08-21,,网络平台数据(中新网转引),国庆红色旅游,2024-10-08,B,https://m.chinanews.com/wap/detail/cht/zw/10298972.shtml,爱国氛围叠加出游热情
2024,十一,旅行社,全国旅行社行业订单总量,本期暂无权威公开数据,—,定性,2024-10-01 至 2024-10-07,7天,国庆7天口径v1.0,平台GMV,待核,实际,无(水平值),7,定性,2026-08-21,全国总量缺项,无公开权威来源,本期无公开数据,2024-10,D,无公开URL,行业订单量无权威披露;仅平台/单企结构数据可用
2024,十一,旅行社,山东康辉出境散客收客同比,约30,%,增长率,2024-10-01 至 2024-10-07,7天,旅行社企业自披露,平台GMV,平台自披露,实际,同比,7,增长率,2026-08-21,,山东康辉旅游(齐鲁壹点转引),国庆旅行社数据,2024-10-08,C,https://www.toutiao.com/article/7423323182779662867/,团队游同比更高;整体恢复至2019六七成;港澳/游轮/东南亚/日本百人单团
2024,十一,景区目的地,上海接待游客,1862.25,万人次,人次,2024-10-01 至 2024-10-07,7天,国庆7天口径v1.0,客流人次,官方总量,实际,无(水平值),7,水平值,2026-08-21,,上海市文化和旅游局(成都广电转引),上海国庆文旅数据,2024-10-08,B,https://www.cditv.cn/show/4813-1948646.html,全要素旅游消费269.19亿(+4.60%)
2024,十一,景区目的地,全国博物馆接待观众,7488,万人次,人次,2024-10-01 至 2024-10-07,7天,国庆7天口径v1.0,客流人次,官方总量,实际,无(水平值),7,水平值,2026-08-21,,国家文物局(中新网转引),国庆假期博物馆数据,2024-10-08,A,https://m.chinanews.com/wap/detail/cht/zw/10298972.shtml,国家文物局统计
2024,十一,景区目的地,北京接待游客,2159.64,万人次,人次,2024-10-01 至 2024-10-07,7天,国庆7天口径v1.0,客流人次,官方总量,实际,同比,7,水平值,2026-08-21,,北京市文化和旅游局,国庆假期北京接待游客2159.64万人次,2024-10-08,A,https://www.beijing.gov.cn/ywdt/gzdt/202410/t20241008_3911495.html,同比+18.35%;游客接待量创历史新高
2024,十一,景区目的地,北京旅游总收入,268.85,亿元,亿元,2024-10-01 至 2024-10-07,7天,国庆7天口径v1.0,旅游总花费,官方总量,实际,同比,7,水平值,2026-08-21,,北京市文化和旅游局,国庆假期北京旅游总收入268.85亿元,2024-10-08,A,https://www.beijing.gov.cn/ywdt/gzdt/202410/t20241008_3911495.html,同比+11.67%;创历史新高
2024,十一,景区目的地,四川接待游客,5531.80,万人次,人次,2024-10-01 至 2024-10-07,7天,国庆7天口径v1.0,客流人次,官方总量,实际,同比,7,水平值,2026-08-21,,四川省文化和旅游厅(央视网转引),四川国庆文旅数据,2024-10-08,B,https://news.cctv.cn/2024/10/08/ARTIqbBCWDtfyoykPCRtarZH241008.shtml,890家A级景区3987.31万(+21.21%);17家5A级426.93万(+25.06%)
2024,十一,景区目的地,四川旅游消费,348.37,亿元,亿元,2024-10-01 至 2024-10-07,7天,国庆7天口径v1.0,旅游总花费,官方总量,实际,同比,7,水平值,2026-08-21,,四川省文化和旅游厅(央视网转引),四川国庆文旅数据,2024-10-08,B,https://news.cctv.cn/2024/10/08/ARTIqbBCWDtfyoykPCRtarZH241008.shtml,同比+11.09%
2024,十一,景区目的地,广东接待游客,5848.1,万人次,人次,2024-10-01 至 2024-10-07,7天,国庆7天口径v1.0,客流人次,官方总量,实际,无(水平值),7,水平值,2026-08-21,,广东省文化和旅游厅(中新网转引),广东国庆文旅数据,2024-10-08,B,https://m.chinanews.com/wap/detail/cht/zw/10298972.shtml,旅游收入536.9亿
2024,十一,景区目的地,杭州西湖单日(10/2)客流量,78.79,万人次,人次,2024-10-02,单日,西湖景区单日口径,客流人次,官方总量,实际,同比,7,水平值,2026-08-21,,杭州西湖风景名胜区管委会(经济日报转引),西湖国庆客流,2024-10-02,B,https://www.ce.cn/xwzx/gnsz/gdxw/202410/03/t20241003_39158123.shtml,同比+65.59%;10/1为39.73万(+59.24%)
2024,十一,景区目的地,河南接待游客,7991.6,万人次,人次,2024-10-01 至 2024-10-07,7天,国庆7天口径v1.0,客流人次,官方总量,实际,无(水平值),7,水平值,2026-08-21,,河南省文化和旅游厅(央视网转引),河南国庆文旅数据,2024-10-08,B,https://news.cctv.cn/2024/10/08/ARTIqbBCWDtfyoykPCRtarZH241008.shtml,已公布省份中居首;景区前五:万岁山59.67万/清明上河园55.33万
2024,十一,景区目的地,河南旅游收入,565.9,亿元,亿元,2024-10-01 至 2024-10-07,7天,国庆7天口径v1.0,旅游总花费,官方总量,实际,同比,7,水平值,2026-08-21,,河南省文化和旅游厅(央视网转引),河南国庆文旅数据,2024-10-08,B,https://news.cctv.cn/2024/10/08/ARTIqbBCWDtfyoykPCRtarZH241008.shtml,同比+15.5%
2024,十一,景区目的地,湖南接待游客,3345.61,万人次,人次,2024-10-01 至 2024-10-07,7天,国庆7天口径v1.0,客流人次,官方总量,实际,无(水平值),7,水平值,2026-08-21,,湖南省文化和旅游厅(中新网转引),湖南国庆文旅数据,2024-10-08,B,https://m.chinanews.com/wap/detail/cht/zw/10298972.shtml,游客总花费382.63亿(+14.6%)
2024,十一,景区目的地,福建接待游客,3817.52,万人次,人次,2024-10-01 至 2024-10-07,7天,国庆7天口径v1.0,客流人次,官方总量,实际,同比,7,水平值,2026-08-21,,福建省文化和旅游厅(新华报业转引),福建国庆文旅数据,2024-10-08,B,https://www.xhby.net/content/s67051fdae4b019ce565a078b.html,同比+10.5%;旅游总花费315.32亿(+11.3%)
2024,十一,景区目的地,辽宁接待游客,5597.6,万人次,人次,2024-10-01 至 2024-10-07,7天,国庆7天口径v1.0,客流人次,官方总量,实际,无(水平值),7,水平值,2026-08-21,,辽宁省文化和旅游厅(中新网转引),辽宁国庆文旅数据,2024-10-08,B,https://m.chinanews.com/wap/detail/cht/zw/10298972.shtml,旅游综合收入375.5亿(+18.1%)
2024,十一,景区目的地,重庆接待国内游客,2268.35,万人次,人次,2024-10-01 至 2024-10-07,7天,国庆7天口径v1.0,客流人次,官方总量,实际,无(水平值),7,水平值,2026-08-21,,重庆市文化和旅游发展委员会(央视网转引),重庆国庆文旅数据,2024-10-07,B,https://news.cctv.cn/2024/10/08/ARTIqbBCWDtfyoykPCRtarZH241008.shtml,游客花费154.02亿(+15.8%);洪崖洞103.1万/磁器口86.5万
2024,十一,消费宏观,1-10月服务零售额增速,6.5,%,增长率,2024-01-01 至 2024-10-31,累计,累计统计口径,商务部社零,官方总量,实际,同比,7,水平值,2026-08-21,,国家统计局/商务部,2024年10月消费市场情况,2024-11,A,https://fdi.mofcom.gov.cn/come-zonghe-con.html?id=46459,累计口径
2024,十一,消费宏观,1-10月社会消费品零售总额,39.90,万亿元,亿元,2024-01-01 至 2024-10-31,累计,累计统计口径,商务部社零,官方总量,实际,同比,7,水平值,2026-08-21,,国家统计局/商务部,2024年10月消费市场情况,2024-11,A,https://fdi.mofcom.gov.cn/come-zonghe-con.html?id=46459,同比+3.5%;年度累计口径
2024,十一,消费宏观,10月社会消费品零售总额,4.54,万亿元,亿元,2024-10-01 至 2024-10-31,月度,月度统计口径,商务部社零,官方总量,实际,同比,7,水平值,2026-08-21,,国家统计局/商务部,2024年10月消费市场情况,2024-11,A,https://fdi.mofcom.gov.cn/come-zonghe-con.html?id=46459,同比+4.8%;月度口径
2024,十一,消费宏观,10月餐饮收入,4.44,万亿元,亿元,2024-01-01 至 2024-10-31,累计,累计统计口径,商务部社零,官方总量,实际,同比,7,水平值,2026-08-21,,国家统计局/商务部,2024年10月消费市场情况,2024-11,A,https://fdi.mofcom.gov.cn/come-zonghe-con.html?id=46459,1-10月餐饮收入4.44万亿(+5.9%);累计口径
2024,十一,消费宏观,国庆档电影票房,21.04,亿元,亿元,2024-10-01 至 2024-10-07,7天,国家电影局口径,官方总量,官方总量,实际,无(水平值),7,水平值,2026-08-21,,国家电影局,2024年国庆档票房为21.04亿元,2024-10-08,A,https://www.chinafilm.gov.cn/xwzx/gzdt/202410/t20241010_868600.html,观影5209万;国产影片20.17亿(占比95.87%);冠军《志愿军:存亡之战》8.05亿;2023年双节8天档27.34亿
2024,十一,消费宏观,国庆档电影票房日均(测算),3.01,亿元/天,日度,2024-10-01 至 2024-10-07,7天,国家电影局口径,官方总量,测算,推算,同比,7,水平值,2026-08-21,测算待核,本报告推算,由电影局数据派生,2026-08-21,D,https://www.chinafilm.gov.cn/xwzx/gzdt/202410/t20241010_868600.html,=21.04/7;2023年8天档日均3.42亿/天;D级推算
2024,十一,消费宏观,国庆档观影人次,5209,万人次,人次,2024-10-01 至 2024-10-07,7天,国家电影局口径,官方总量,官方总量,实际,无(水平值),7,水平值,2026-08-21,,国家电影局,2024年国庆档票房为21.04亿元,2024-10-08,A,https://www.chinafilm.gov.cn/xwzx/gzdt/202410/t20241010_868600.html,2023年双节档6510万人次
2024,十一,消费宏观,消费相关行业日均销售收入同比,25.1,%,增长率,2024-10-01 至 2024-10-07,7天,国家税务总局增值税发票口径,官方总量,官方总量,实际,同比,7,水平值,2026-08-21,,国家税务总局,国庆假期消费市场活力足,2024-10-08,A,https://www.chinatax.gov.cn/chinatax/n810219/n810780/c5235060/content.html,露营+43.2%/民宿+6.3%
2024,十一,消费宏观,网联平台日均支付交易金额,1.2,万亿元/天,日度,2024-10-01 至 2024-10-07,7天,网联清算平台口径,支付清算额,官方总量,实际,无(水平值),7,水平值,2026-08-21,,网联清算(央广网转引),国庆假期网联平台最新数据,2024-10-09,B,https://news.cnr.cn/native/gd/20241009/t20241009_526932494.shtml,日均支付交易1.2万亿元
2024,十一,消费宏观,重点零售和餐饮企业销售额同比,4.5,%,增长率,2024-10-01 至 2024-10-07,7天,商务部商务大数据监测口径,商务部社零,官方重点监测,实际,同比,7,水平值,2026-08-21,,商务部(中国经济网转引),国庆假期全国重点零售和餐饮企业销售额同比增长4.5%,2024-10-09,A,http://www.ce.cn/xwzx/gnsz/gdxw/202410/09/t20241009_39162201.shtml,按可比口径;与旅游总花费口径不同不可相加
2024,十一,游客画像,携程00后订单占比,近20,%,百分比,2024-10-01 至 2024-10-07,7天,携程自披露口径,平台GMV,平台自披露,实际,无(水平值),7,水平值,2026-08-21,,携程(经济参考报),2024年国庆旅游消费报告,2024-10-07,C,http://jjckb.xinhuanet.com/20241007/9e38ae79b9794ca48be0ee24205f431b/c.html,已超85后、90后成为出游主力;该平台自身口径
2024,十一,游客画像,携程县域旅游日均订单同比,40,%,增长率,2024-10-01 至 2024-10-07,7天,携程自披露口径,平台GMV,平台自披露,实际,同比,7,增长率,2026-08-21,,携程(经济参考报),2024年国庆旅游消费报告,2024-10-07,C,http://jjckb.xinhuanet.com/20241007/9e38ae79b9794ca48be0ee24205f431b/c.html,增速前10县域均超4倍:隰县/芮城/贺兰/宜川/商南/应县/宁安/织金/齐河/仁化;该平台自身口径
2024,十一,游客画像,携程展演类日均订单同比,80,%,增长率,2024-10-01 至 2024-10-07,7天,携程自披露口径,平台GMV,平台自披露,实际,同比,7,增长率,2026-08-21,,携程(经济参考报),2024年国庆旅游消费报告,2024-10-07,C,http://jjckb.xinhuanet.com/20241007/9e38ae79b9794ca48be0ee24205f431b/c.html,全国超90场演唱会;该平台自身口径
2024,十一,游客画像,途牛国内长线游占比,超50,%,百分比,2024-10-01 至 2024-10-07,7天,途牛自披露口径,平台GMV,平台自披露,实际,无(水平值),7,水平值,2026-08-21,,途牛旅游网(齐鲁晚报转引),2024国庆旅游消费盘点,2024-10-08,C,https://m.qlwb.com.cn/detail/24864904.html,出境游占比超20%;该平台自身口径
2024,十一,酒店住宿,万达满房酒店占比,超半数,家,定性,2024-10-01 至 2024-10-07,7天,万达自披露口径,酒店OCC,平台自披露,实际,无(水平值),7,定性,2026-08-21,,万达酒店及度假村(新京报转引),国庆数据,2024-10-08,C,https://m.bjnews.com.cn/detail/1728390922168364.html,山西太原/长治/临汾及新疆阿勒泰/吐鲁番连续5天满房;该平台自身口径
2024,十一,酒店住宿,全国酒店行业平均RevPAR/ADR/OCC,本期无权威来源,—,元/间夜,2024-10-01 至 2024-10-07,7天,国庆7天口径v1.0,酒店RevPAR,待核,实际,无(水平值),7,定性,2026-08-21,全国总量缺项,STR/酒店之家,未发布2024国庆全国口径,2024-10,C,https://www.chinanews.com.cn/gn/2024/10-09/10298441.shtml,STR/酒店之家未发布2024国庆全国口径;以华住/锦江/万达/洲际等集团披露替代
2024,十一,酒店住宿,华住中国接待住客,超810,万人次,人次,2024-10-01 至 2024-10-07,7天,华住自披露口径,酒店间夜,平台自披露,实际,同比,7,水平值,2026-08-21,,华住集团(观察者网),国庆假期经营数据,2024-10-08,C,https://m.guancha.cn/GongSi/2024_10_10_751292.shtml,为去年同期1.2倍;徐州/南昌入住率>95%;该平台自身口径
2024,十一,酒店住宿,洲际度假酒店总收入同比,34,%,增长率,2024-10-01 至 2024-10-07,7天,洲际自披露口径,酒店间夜,平台自披露,实际,同比,7,增长率,2026-08-21,,洲际酒店集团(金融界转引),国庆数据,2024-10-18,C,https://m.jrj.com.cn/toutiao/2024/10/18/44164646.shtml,10/4入住率99%;该平台自身口径
2024,十一,酒店住宿,锦江10/1-3入住率同比,3,个百分点,百分比,2024-10-01 至 2024-10-03,3天,锦江自披露口径,酒店OCC,平台自披露,实际,同比,7,水平值,2026-08-21,,锦江酒店(中国区)(新浪转引),酒店经营数据,2024-10-08,C,https://www.sina.cn/news/detail/5086794007973853.html,量涨价跌:出租率升、房价降;该平台自身口径
2024,十一,酒店住宿,锦江10/1-3平均RevPAR同比,-1,%,百分比,2024-10-01 至 2024-10-03,3天,锦江自披露口径,酒店RevPAR,平台自披露,实际,同比,7,水平值,2026-08-21,,锦江酒店(中国区)(新浪转引),酒店经营数据,2024-10-08,C,https://www.sina.cn/news/detail/5086794007973853.html,该平台自身口径
2024,十一,酒店住宿,锦江10/1-3平均房价同比,-4,%,百分比,2024-10-01 至 2024-10-03,3天,锦江自披露口径,酒店ADR,平台自披露,实际,同比,7,水平值,2026-08-21,,锦江酒店(中国区)(新浪转引),酒店经营数据,2024-10-08,C,https://www.sina.cn/news/detail/5086794007973853.html,ADR下降
2024,十一,酒店住宿,锦江中国区接待旅客,超1000,万人次,人次,2024-10-01 至 2024-10-07,7天,锦江自披露口径,酒店间夜,平台自披露,实际,无(水平值),7,水平值,2026-08-21,,锦江酒店(中国区)(21世纪经济报道),国庆经营数据,2024-10-08,C,https://www.21jingji.com/article/20241008/herald/53258c6df62ce1506871957305e48404.html,前四天整体入住率约90%(+3pct);10/3满房超6000家;该平台自身口径
2025,春节,交通出行,全社会跨区域人员流动量,230684.5,万人次,水平值,2025-01-28~2025-02-04,8天,2025综合运输春运工作专班口径,官方跨区域(含自驾),官方跨区域(含自驾),实际,同比,8,水平值,2026-08-21,,2025年综合运输春运工作专班(交通运输部),春节假期跨区域人员流动量超23亿人次,2025-02-05,A,https://www.mot.gov.cn/zhuanti/2025chunyun/chunyunbaodao/202502/t20250205_4163673.html,约23.07亿人次;较2024年同期+6%;含自驾
2025,春节,交通出行,公路人员流动量,218293,万人次,水平值,2025-01-28~2025-02-04,8天,2025综合运输春运工作专班口径,官方跨区域(含自驾),官方跨区域(含自驾),实际,同比,8,水平值,2026-08-21,,2025年综合运输春运工作专班,新华视点:透视2025年春节新气象,2025-02-06,A,https://www.mot.gov.cn/zhuanti/2025chunyun/chunyunbaodao/202502/t20250206_4163750.html,含自驾;与铁/民/水客运量口径不同不可加总
2025,春节,交通出行,小型客车免费通行天数,8,天,水平值,2025-01-28~2025-02-04,8天,官方免通政策口径,官方总量,官方总量,实际,无(水平值),8,水平值,2026-08-21,,交通运输部(中国政府网),2025年春节假期小客车上高速继续免收通行费,2025-01-21,A,https://www.gov.cn/lianbo/bumen/202501/content_7000196.htm,免费通行时段1月28日0时至2月4日24时共8天
2025,春节,交通出行,春运40天全社会跨区域人员流动量,90.25,亿人次,水平值,2025-01-14~2025-02-22,40天,2025综合运输春运工作专班口径,官方跨区域(含自驾),官方跨区域(含自驾),实际,无(水平值),8,水平值,2026-08-21,,2025年综合运输春运工作专班(交通运输部),春运40天全社会跨区域人员流动量预计达90.25亿人次,2025-02-24,A,https://www.mot.gov.cn/zhuanti/2025chunyun/chunyunbaodao/202502/t20250224_4164651.html,预计值;创历史新高
2025,春节,交通出行,民航客运量,1824.2,万人次,水平值,2025-01-28~2025-02-04,8天,中国民航局口径,官方营业性(不含自驾),官方营业性(不含自驾),实际,同比,8,水平值,2026-08-21,,中国民用航空局(交通运输部春运专班),新华视点:透视2025年春节新气象,2025-02-06,A,https://www.mot.gov.cn/zhuanti/2025chunyun/chunyunbaodao/202502/t20250206_4163750.html,营业性客运口径
2025,春节,交通出行,水路客运量,941.3,万人次,水平值,2025-01-28~2025-02-04,8天,2025综合运输春运工作专班口径,官方营业性(不含自驾),官方营业性(不含自驾),实际,同比,8,水平值,2026-08-21,,2025年综合运输春运工作专班,新华视点:透视2025年春节新气象,2025-02-06,A,https://www.mot.gov.cn/zhuanti/2025chunyun/chunyunbaodao/202502/t20250206_4163750.html,营业性客运口径
2025,春节,交通出行,铁路客运量,9626,万人次,水平值,2025-01-28~2025-02-04,8天,国铁集团口径,官方营业性(不含自驾),官方营业性(不含自驾),实际,同比,8,水平值,2026-08-21,,中国国家铁路集团(交通运输部春运专班),新华视点:透视2025年春节新气象,2025-02-06,A,https://www.mot.gov.cn/zhuanti/2025chunyun/chunyunbaodao/202502/t20250206_4163750.html,营业性客运口径不含自驾
2025,春节,前瞻预测,2026春节国内出游人次(预计),5.7,亿人次,水平值,2026-02-17~2026-02-25,9天,预测台账-春节F03,预计,预测,预计,无(水平值),预计9天,增长率,2026-08-21,预判待回填,预测值(由2025春节外推),本报告预测台账,2026-08-21,D,https://www.mct.gov.cn/whzx/whyw/202502/t20250205_958229.htm,预测ID=2025春节-F03;区间5.5-5.9亿;2026春节预计9天超长;D级预计
2025,春节,前瞻预测,五一国内出游人次(预计),3.0,亿人次,水平值,2025-05-01~2025-05-05,5天,预测台账-春节F01,预计,预测,预计,无(水平值),预计9天,增长率,2026-08-21,预判待回填,预测值(由2025春节外推),本报告预测台账,2026-08-21,D,https://www.mct.gov.cn/whzx/whyw/202502/t20250205_958229.htm,预测ID=2025春节-F01;区间2.9-3.2亿;参考2024五一2.95亿;D级预计
2025,春节,前瞻预测,五一国内出游总花费(预计),3550,亿元,水平值,2025-05-01~2025-05-05,5天,预测台账-春节F02,预计,预测,预计,无(水平值),预计9天,增长率,2026-08-21,预判待回填,预测值(由2025春节外推),本报告预测台账,2026-08-21,D,https://www.mct.gov.cn/whzx/whyw/202502/t20250205_958229.htm,预测ID=2025春节-F02;区间3400-3700亿;人均略升;D级预计
2025,春节,总体,人均出游花费(测算),1351,元,人均trip,2025-01-28~2025-02-04,8天,春节8天口径v1.0,测算,测算,推算,无(水平值),8,水平值,2026-08-21,推算,测算值(由文旅部总花费/人次派生),本报告推算,2026-08-21,D,https://www.mct.gov.cn/whzx/whyw/202502/t20250205_958229.htm,=6770.02亿元/5.01亿人次;D级推算与实测分栏
2025,春节,总体,入出境旅游人数(边检口径),1436.6,万人次,水平值,2025-01-28~2025-02-04,8天,移民局边检口径,官方边检,官方边检,实际,同比,8,水平值,2026-08-21,,国家移民管理局,春节假期1436.6万人次出入境,2025-02-05,A,https://www.nia.gov.cn/n741440/n741567/c1697767/content.html,较去年春节同期+6.3%;内地居民767.1万/港澳台573.7万/外国人95.8万
2025,春节,总体,内地居民出入境,767.1,万人次,水平值,2025-01-28~2025-02-04,8天,移民局边检口径,官方边检,官方边检,实际,同比,8,水平值,2026-08-21,,国家移民管理局,春节假期1436.6万人次出入境,2025-02-05,A,https://www.nia.gov.cn/n741440/n741567/c1697767/content.html,同比+5%
2025,春节,总体,出游人次日均(测算),0.63,亿人次/天,日度,2025-01-28~2025-02-04,8天,春节8天口径v1.0,测算,测算,推算,无(水平值),8,水平值,2026-08-21,推算,测算值(由文旅部数据派生),本报告推算,2026-08-21,D,https://www.mct.gov.cn/whzx/whyw/202502/t20250205_958229.htm,=5.01/8天;D级推算;2024年8天日均0.59亿/天
2025,春节,总体,出游总花费日均(测算),846.25,亿元/天,日度,2025-01-28~2025-02-04,8天,春节8天口径v1.0,测算,测算,推算,无(水平值),8,水平值,2026-08-21,推算,测算值(由文旅部数据派生),本报告推算,2026-08-21,D,https://www.mct.gov.cn/whzx/whyw/202502/t20250205_958229.htm,=6770.02/8天;D级推算;2024年8天日均790.86亿/天
2025,春节,总体,国内旅游出游人次,5.01,亿人次,水平值,2025-01-28~2025-02-04,8天,春节8天口径v1.0,官方总量,官方总量,实际,同比,8,水平值,2026-08-21,,文化和旅游部数据中心,2025年春节假期文化和旅游市场情况,2025-02-05,A,https://www.mct.gov.cn/whzx/whyw/202502/t20250205_958229.htm,同比+5.9%;按可比天数折算;首个申遗成功后的春节
2025,春节,总体,国内游客出游总花费,6770.02,亿元,水平值,2025-01-28~2025-02-04,8天,春节8天口径v1.0,官方总量,官方总量,实际,同比,8,水平值,2026-08-21,,文化和旅游部数据中心,2025年春节假期文化和旅游市场情况,2025-02-05,A,https://www.mct.gov.cn/whzx/whyw/202502/t20250205_958229.htm,同比+7.0%;与商务部社零口径分列不可相加
2025,春节,总体,外国人出入境,95.8,万人次,水平值,2025-01-28~2025-02-04,8天,移民局边检口径,官方边检,官方边检,实际,同比,8,水平值,2026-08-21,,国家移民管理局,春节假期1436.6万人次出入境,2025-02-05,A,https://www.nia.gov.cn/n741440/n741567/c1697767/content.html,同比+22.9%;其中免签入境46万人次(日均+28.5%)
2025,春节,总体,港澳台居民出入境,573.7,万人次,水平值,2025-01-28~2025-02-04,8天,移民局边检口径,官方边检,官方边检,实际,同比,8,水平值,2026-08-21,,国家移民管理局,春节假期1436.6万人次出入境,2025-02-05,A,https://www.nia.gov.cn/n741440/n741567/c1697767/content.html,同比+5.6%
2025,春节,政策宏观,全国消费相关行业日均销售收入同比,10.8,%,增长率,2025-01-28~2025-02-04,8天,国家税务总局增值税发票口径,官方总量,官方总量,实际,同比,8,水平值,2026-08-21,,国家税务总局(中国政府网),春节假期消费观察,2025-02-04,A,https://www.gov.cn/yaowen/liebiao/202502/content_7002463.htm,商品消费+9.9%/服务消费+12.3%
2025,春节,政策宏观,商品消费日均销售收入同比,9.9,%,增长率,2025-01-28~2025-02-04,8天,国家税务总局增值税发票口径,官方总量,官方总量,实际,同比,8,水平值,2026-08-21,,国家税务总局(中国政府网),春节假期消费观察,2025-02-04,A,https://www.gov.cn/yaowen/liebiao/202502/content_7002463.htm,家电家居/粮油食品走高
2025,春节,政策宏观,服务消费日均销售收入同比,12.3,%,增长率,2025-01-28~2025-02-04,8天,国家税务总局增值税发票口径,官方总量,官方总量,实际,同比,8,水平值,2026-08-21,,国家税务总局(中国政府网),春节假期消费观察,2025-02-04,A,https://www.gov.cn/yaowen/liebiao/202502/content_7002463.htm,旅游游览/文化艺术体育需求旺盛
2025,春节,政策宏观,网上零售额同比,5.8,%,增长率,2025-01-28~2025-02-04,8天,商务部商务大数据监测口径,官方重点监测,官方重点监测,实际,同比,8,水平值,2026-08-21,,商务部,2025年春节期间全国网上零售额同比增长5.8%,2025-02-05,A,https://www.gov.cn/lianbo/bumen/202502/content_7002402.htm,"消费品""以旧换新""政策持续显效"
2025,春节,政策宏观,重点零售和餐饮企业销售额同比,4.1,%,增长率,2025-01-28~2025-02-04,8天,商务部商务大数据监测口径,官方重点监测,官方重点监测,实际,同比,8,水平值,2026-08-21,,商务部,2025年春节期间全国网上零售额同比增长5.8%,2025-02-05,A,https://www.gov.cn/lianbo/bumen/202502/content_7002402.htm,节日期间重点零售和餐饮企业销售额+4.1%;与旅游总花费口径不同不可相加
2025,春节,政策宏观,银联网联支付交易笔数,254.16,亿笔,水平值,2025-01-28~2025-02-04,8天,中国人民银行网联清算/银联口径,官方总量,官方总量,实际,同比,8,增长率,2026-08-21,,中国人民银行(人民网),银联网联处理支付交易254.16亿笔,2025-02-05,A,http://cpc.people.com.cn/n1/2025/0206/c64387-40413260.html,较去年春节假期+24.50%
2025,春节,政策宏观,银联网联支付交易金额,9.78,万亿元,水平值,2025-01-28~2025-02-04,8天,中国人民银行网联清算/银联口径,官方总量,官方总量,实际,同比,8,增长率,2026-08-21,,中国人民银行(新华社),2025年春节假期银联网联处理支付交易9.78万亿元,2025-02-05,A,https://app.xinhuanet.com/news/article.html?articleId=6e57810679e69dac84a03d71b0ac0409,共254.16亿笔;较去年春节分别+24.50%/+15.0%
2025,春节,政策宏观,除夕单日支付交易笔数,40.54,亿笔,水平值,2025-01-28,单日,中国人民银行网联清算/银联口径,官方总量,官方总量,实际,同比,1,增长率,2026-08-21,,中国人民银行(中国经济网),春节假期支付数据开门红,2025-02-06,A,http://m.ce.cn/cj/gd/202502/06/t20250206_39283287.shtml,较去年除夕+25.74%
2025,春节,新消费,免签入境外国人(春节),46,万人次,水平值,2025-01-28~2025-02-04,8天,移民局边检口径,官方边检,官方边检,实际,同比,8,增长率,2026-08-21,,国家移民管理局(中国经济网),中国游中国购这样火起来,2026-02-27,A,http://www.ce.cn/xwzx/gnsz/gdxw/202602/t20260227_2790612.shtml,较去年假期日均+28.5%
2025,春节,新消费,春节档场次,346.8,万场,水平值,2025-01-28~2025-02-04,8天,国家电影局口径,官方总量,官方总量,实际,无(水平值),8,水平值,2026-08-21,,国家电影局(新华网),2025年春节档票房人次双双刷新纪录,2025-02-05,A,https://app.xinhuanet.com/news/article.html?articleId=6680ee3570a819c0d0f5923678692b5c,
2025,春节,新消费,春节档平均票价,50.8,元,水平值,2025-01-28~2025-02-04,8天,国家电影局口径,官方总量,官方总量,实际,无(水平值),8,水平值,2026-08-21,,国家电影局(新华网),2025年春节档票房人次双双刷新纪录,2025-02-05,A,https://app.xinhuanet.com/news/article.html?articleId=6680ee3570a819c0d0f5923678692b5c,
2025,春节,新消费,春节档电影票房,95.10,亿元,水平值,2025-01-28~2025-02-04,8天,国家电影局口径,官方总量,官方总量,实际,无(水平值),8,水平值,2026-08-21,,国家电影局,创新高!2025年春节档电影票房破95亿元,2025-02-05,A,https://www.chinafilm.gov.cn/xwzx/gzdt/202502/t20250205_884024.html,刷新春节档票房纪录;哪吒之魔童闹海居冠
2025,春节,新消费,春节档观影人次,1.87,亿人次,水平值,2025-01-28~2025-02-04,8天,国家电影局口径,官方总量,官方总量,实际,无(水平值),8,水平值,2026-08-21,,国家电影局,创新高!2025年春节档电影票房破95亿元,2025-02-05,A,https://www.chinafilm.gov.cn/xwzx/gzdt/202502/t20250205_884024.html,刷新春节档人次纪录;场次346.8万场均票价50.8元
2025,春节,旅游行业平台,入境游酒店订单同比(携程口径),60,%,增长率,2025-01-28~2025-02-04,8天,携程自披露口径,平台自披露,平台自披露,实际,同比,8,增长率,2026-08-21,,携程(财联社转引),一文读懂春节假期数据,2025-02-05,C,https://api3.cls.cn/share/article/1934362?os=ios&sv=815&app=,入境游升温;该平台自身口径
2025,春节,旅游行业平台,外国旅客国内航班预订同比(去哪儿口径),70,%,增长率,2025-01-28~2025-02-04,8天,去哪儿自披露口径,平台自披露,平台自披露,实际,同比,8,增长率,2026-08-21,,去哪儿(财联社转引),一文读懂春节假期数据,2025-02-05,C,https://api3.cls.cn/share/article/1934362?os=ios&sv=815&app=,使用非中国护照预订国内航班数量+70%;平台口径
2025,春节,旅游行业平台,新疆旅游门票订单同比(携程口径),60,%,增长率,2025-01-28~2025-02-04,8天,携程自披露口径,平台自披露,平台自披露,实际,同比,8,增长率,2026-08-21,,携程(光明网转引),旅游过大年 新疆人气旺,2025-02-06,C,https://politics.gmw.cn/2025-02/06/content_37834003.htm,入境游订单+58%;平台口径
2025,春节,旅游行业平台,跨境游订单同比(携程口径),30,%,增长率,2025-01-28~2025-02-04,8天,携程自披露口径,平台自披露,平台自披露,实际,同比,8,增长率,2026-08-21,,携程,2025蛇年春节旅行报告,2025-02-05,C,http://www.zgxwzk.chinanews.com.cn/observe/2025-02-05/24371.shtml,该平台自身口径非全市场
2025,春节,旅行社,众信旅游出游人数同比,46,%,增长率,2025-01-28~2025-02-04,8天,众信旅游自披露口径,企业自披露,企业自披露,实际,同比,8,增长率,2026-08-21,,众信旅游(新旅界转引),众信旅游2025年春节出游趋势报告,2025-01-02,C,https://www.lvjie.co/research/2025/0102/33324.html,团队量较2024+30%;企业口径非全市场
2025,春节,旅行社,众信旅游团队量同比,30,%,增长率,2025-01-28~2025-02-04,8天,众信旅游自披露口径,企业自披露,企业自披露,实际,同比,8,增长率,2026-08-21,,众信旅游(新旅界转引),众信旅游2025年春节出游趋势报告,2025-01-02,C,https://www.lvjie.co/research/2025/0102/33324.html,企业口径非全市场
2025,春节,旅行社,广东包车游订单同比(飞猪口径),30,%,增长率,2025-01-28~2025-02-04,8天,飞猪自披露口径,平台自披露,平台自披露,实际,同比,8,增长率,2026-08-21,,飞猪,飞猪2025春节假期出游快报,2025-02-05,C,https://www.dutenews.com/p/8673492.html,包车游+30%;平台口径
2025,春节,旅行社,广东定制游订单同比(飞猪口径),100,%,增长率,2025-01-28~2025-02-04,8天,飞猪自披露口径,平台自披露,平台自披露,实际,同比,8,增长率,2026-08-21,,飞猪,飞猪2025春节假期出游快报,2025-02-05,C,https://www.dutenews.com/p/8673492.html,广东定制游同比超1倍;包车游+30%;平台口径
2025,春节,景区数据,Top50 5A级景区平均深度游客量,65.8,万人次/家,水平值,2025-01-28~2025-02-04,8天,文化科技创新中心监测口径,大数据监测,大数据监测,实际,同比,8,水平值,2026-08-21,,中国旅游研究院/文化科技创新中心(新华社转引),大数据观察2025年春节假期,2025-02-08,B,https://www.xinhuanet.com/20250208/933e28d87449423196ccd4f083587b25/c.html,平均每家接待深度游游客65.8万人
2025,春节,景区数据,Top50 5A级景区深度游客量,3292.5,万人次,水平值,2025-01-28~2025-02-04,8天,文化科技创新中心监测口径,大数据监测,大数据监测,实际,同比,8,水平值,2026-08-21,,中国旅游研究院/文化科技创新中心(新华社转引),大数据观察2025年春节假期,2025-02-08,B,https://www.xinhuanet.com/20250208/933e28d87449423196ccd4f083587b25/c.html,深度游客量=在景区停留1小时以上;较2024同期有所增长
2025,春节,景区数据,九华山接待游客,47.1,万人次,水平值,2025-01-28~2025-02-04,8天,景区管委会口径,官方总量,官方总量,实际,无(水平值),8,水平值,2026-08-21,,九华山风景区管委会(人民日报),春节假期九华山风景区接待游客47.1万人次,2025-02-06,B,https://www.peopleapp.com/column/30048189513-500006079765,进山车辆15.1万台
2025,春节,景区数据,冰雪大世界(第26届全季)累计接待,356,万人次,水平值,2024-12~2025-02,68天,园区运营口径,官方总量,官方总量,实际,同比,68,水平值,2026-08-21,,哈尔滨冰雪大世界(新华社),68天356万人次:世界最大冰雪乐园游客量创新高,2025-02-27,B,http://www.news.cn/ci/20250227/2ad54895c05c4b3ebad530753a97e365/c.html,较上一届271万+31.4%;68天全季口径
2025,春节,景区数据,冰雪大世界单日峰值客流,10,万人次/日,日度,2025-02-01,单日,园区运营口径,官方总量,官方总量,实际,无(水平值),8,水平值,2026-08-21,,央视网,亚冬会激情澎湃 黑土地热辣滚烫,2025-02-10,B,https://news.cctv.cn/2025/02/10/ARTIJX8UHCOiaJk6phn4d9bP250210.shtml,2月1日(初四)单日破10万
2025,春节,景区数据,冰雪大世界春节接待游客,61,万人次,水平值,2025-01-28~2025-02-04,8天,园区运营口径,官方总量,官方总量,实际,无(水平值),8,水平值,2026-08-21,,冰雪大世界(央广网转引),哈尔滨冰雪大世界春节接待游客超61万人次,2025-02-05,B,https://hlj.cnr.cn/zlseb/20250205/t20250205_527061803.shtml,2月1日单日超10万人次创历史新高
2025,春节,景区数据,北京文旅待客总量,1758.9,万人次,水平值,2025-01-28~2025-02-04,8天,北京文旅综合监测口径,官方总量,官方总量,实际,无(水平值),8,水平值,2026-08-21,,北京市文化和旅游局(中国网转引),春节假期北京文旅市场待客1758.9万人次,2025-02-05,B,http://travel.china.com.cn/txt/2025-02/05/content_117695635.shtml,王府井239万/天安门209.4万居前
2025,春节,景区数据,峨眉山接待游客,33.7,万人次,水平值,2025-01-28~2025-02-04,8天,景区运营口径,官方总量,官方总量,实际,同比,8,增长率,2026-08-21,,峨眉山景区(新京报转引),多家旅游景区上市公司晒春节成绩单,2025-02-05,B,https://m.bjnews.com.cn/detail/1738895918168174.html,接待游客量同比+8.8%
2025,春节,景区数据,峨眉山门票收入,2702,万元,水平值,2025-01-28~2025-02-04,8天,景区运营口径,官方总量,官方总量,实际,无(水平值),8,水平值,2026-08-21,,峨眉山景区(新京报转引),多家旅游景区上市公司晒春节成绩单,2025-02-05,B,https://m.bjnews.com.cn/detail/1738895918168174.html,
2025,春节,游客画像,国内游人均消费同比(飞猪口径),10,%,增长率,2025-01-28~2025-02-04,8天,飞猪自披露口径,平台自披露,平台自披露,实际,同比,8,增长率,2026-08-21,,飞猪,飞猪2025春节假期出游快报,2025-02-10,C,https://www.news.cn/expo/20250210/8bbe282e62ba4e189e21b90beb55af1b/c.html,较去年假期增长近10%;人均住宿时长亦增长;平台口径非全市场
2025,春节,游客画像,跨省游订单占比,62,%,水平值,2025-01-28~2025-02-04,8天,携程自披露口径,平台自披露,平台自披露,实际,同比,8,水平值,2026-08-21,,携程,2025蛇年春节旅行报告,2025-02-05,C,http://www.zgxwzk.chinanews.com.cn/observe/2025-02-05/24371.shtml,该平台自身口径非全市场;游客出行半径进一步扩大
2025,春节,目的地,江苏接待游客,6120.92,万人次,水平值,2025-01-28~2025-02-04,8天,省文旅统计口径,官方总量,官方总量,实际,同比,8,水平值,2026-08-21,,江苏省文化和旅游厅(东财研报转引),春节假期江苏文旅市场情况,2025-02-06,B,https://pdf.dfcfw.com/pdf/H3_AP202502061642830767_1.pdf?1738849745000.pdf,同比+10.3%
2025,春节,目的地,江苏旅游总收入,490.24,亿元,水平值,2025-01-28~2025-02-04,8天,省文旅统计口径,官方总量,官方总量,实际,同比,8,水平值,2026-08-21,,江苏省文化和旅游厅(东财研报转引),春节假期江苏文旅市场情况,2025-02-06,B,https://pdf.dfcfw.com/pdf/H3_AP202502061642830767_1.pdf?1738849745000.pdf,同比+11.1%
2025,春节,酒店,三亚高星级酒店ADR,2713,元,水平值,2025-01-28~2025-02-04,8天,北极星监测口径,第三方监测,第三方监测,实际,同比,8,增长率,2026-08-21,,北极星酒店管理顾问,三亚高星级酒店2025春节黄金周数据分析,2025-02-08,C,https://www.northstarhk.com/newsinfo/8010464.html,较去年同期-13.1%
2025,春节,酒店,三亚高星级酒店OCC,91.6,%,水平值,2025-01-28~2025-02-04,8天,北极星监测口径,第三方监测,第三方监测,实际,同比,8,水平值,2026-08-21,,北极星酒店管理顾问,三亚高星级酒店2025春节黄金周数据分析,2025-02-08,C,https://www.northstarhk.com/newsinfo/8010464.html,2024同期91.8%
2025,春节,酒店,三亚高星级酒店RevPAR,2485,元,水平值,2025-01-28~2025-02-04,8天,北极星监测口径,第三方监测,第三方监测,实际,同比,8,增长率,2026-08-21,,北极星酒店管理顾问,三亚高星级酒店2025春节黄金周数据分析,2025-02-08,C,https://www.northstarhk.com/newsinfo/8010464.html,OCC91.6%(vs91.8%)/ADR2713元-13.1%;RevPAR-13.3%
2025,春节,酒店,全国酒店RevPAR(测算),142.9,元,水平值,2025-01-28~2025-02-04,8天,测算口径,测算,测算,推算,同比,8,水平值,2026-08-21,推算,测算值(由OCC×ADR派生),本报告推算,2026-08-21,D,https://m.sohu.com/a/856794504_121262017/,=49.66%×287.7元;D级推算
2025,春节,酒店,全国酒店平均ADR,287.7,元,水平值,2025-01-28~2025-02-04,8天,酒店之家平台口径,平台自披露,平台自披露,实际,同比,8,水平值,2026-08-21,,酒店之家(数据分析),2025春节全国酒店行业数据回顾,2025-02-10,C,https://m.sohu.com/a/856794504_121262017/?pvid=000115_3w_a,较2024春节295.24元略降不足10元
2025,春节,酒店,全国酒店平均入住率OCC,49.66,%,水平值,2025-01-28~2025-02-04,8天,酒店之家平台口径,平台自披露,平台自披露,实际,同比,8,水平值,2026-08-21,,酒店之家(数据分析),2025春节全国酒店行业数据回顾,2025-02-10,C,https://m.sohu.com/a/856794504_121262017/?pvid=000115_3w_a,"较2024春节53.37%略降""以价换量""并存"
2025,春节,酒店,县城中高端酒店预订热度较平日,40,%,增长率,2025-01-28~2025-02-04,8天,同程自披露口径,平台自披露,平台自披露,实际,无(水平值),8,增长率,2026-08-21,,同程旅行(新华社转引),2025春节假期出行消费观察,2025-02-10,C,https://www.news.cn/expo/20250210/8bbe282e62ba4e189e21b90beb55af1b/c.html,超四成;平台口径
2025,五一,交通出行,2024五一同期全社会跨区域人员流动量,135846.27,万人次,总量,2024-05-01,2024-05-01至2024-05-05(5天),5天口径,跨区人员流动,实测,实际,2023同期,5,水平值,2026-08-21,无,交通运输部,2024五一假期跨区域人员流动量,2024-05-06,A,https://big5.www.gov.cn/gate/big5/www.gov.cn/lianbo/bumen/202405/content_6949380.htm,"日均27169.3万,同比+2.1%"
2025,五一,交通出行,2024五一同期民航客运量,997.1,万人次,总量,2024-05-01,2024-05-01至2024-05-05(5天),5天口径,交通客运,实测,实际,2023同期,5,水平值,2026-08-21,无,交通运输部,2024五一假期跨区域人员流动量,2024-05-06,A,https://big5.www.gov.cn/gate/big5/www.gov.cn/lianbo/bumen/202405/content_6949380.htm,"日均199.4万,同比+8.1%"
2025,五一,交通出行,2024五一同期铁路客运量,9176.5,万人次,总量,2024-05-01,2024-05-01至2024-05-05(5天),5天口径,交通客运,实测,实际,2023同期,5,水平值,2026-08-21,无,交通运输部,2024五一假期跨区域人员流动量,2024-05-06,A,https://big5.www.gov.cn/gate/big5/www.gov.cn/lianbo/bumen/202405/content_6949380.htm,"日均1835.3万,同比+1.4%"
2025,五一,交通出行,全社会跨区域人员流动量,146594,万人次,总量,2025-05-01,2025-05-01至2025-05-05(5天),5天口径,跨区人员流动,实测,实际,2024同期,5,水平值,2026-08-21,无,交通运输部(新华社),五一假期交通出行人数,2025-05-06,A,https://www.gov.cn/zhengce/jiedu/tujie/202505/content_7022589.htm,"日均29319万人次,同比+7.9%; 含自驾人员流动,与营业性客运量分列"
2025,五一,交通出行,公路跨区域人员流动单日(5月1日),30561,万人次,总量,2025-05-01,2025-05-01,单日口径,跨区人员流动,实测,实际,2024同期,1,水平值,2026-08-21,无,交通运输部(中国铁路转引),五一假期单日交通数据,2025-05-06,A,http://wap.china-railway.com.cn/xwzx/mtjj/xhs/xinhuanet/202505/t20250506_144981.html,同比+4.7%; 含高速及普通国省道非营业性小客车人员出行、公路营业性客运
2025,五一,交通出行,民航客运单日峰值(5月1日),233.6,万人次,总量,2025-05-01,2025-05-01,单日口径,交通客运,实测,实际,2024同期,1,水平值,2026-08-21,无,民航局/中国铁路,五一假期单日交通数据,2025-05-06,A,http://wap.china-railway.com.cn/xwzx/mtjj/xhs/xinhuanet/202505/t20250506_144981.html,同比+8.9%
2025,五一,交通出行,民航客运量,1115,万人次,总量,2025-05-01,2025-05-01至2025-05-05(5天),5天口径,交通客运,实测,实际,2024同期,5,水平值,2026-08-21,无,交通运输部/民航局,五一假期交通出行人数(分方式),2025-05-06,A,http://big5.www.gov.cn/gate/big5/www.gov.cn/lianbo/bumen/202505/content_7022596.htm,"同比+11.8%,日均223万人次"
2025,五一,交通出行,水路客运量,861,万人次,总量,2025-05-01,2025-05-01至2025-05-05(5天),5天口径,交通客运,实测,实际,2024同期,5,水平值,2026-08-21,无,交通运输部,五一假期交通出行人数(分方式),2025-05-06,A,http://big5.www.gov.cn/gate/big5/www.gov.cn/lianbo/bumen/202505/content_7022596.htm,"同比+23.8%,日均172万人次"
2025,五一,交通出行,跨区域人员流动量日均,29319,万人次/天,日均,2025-05-01,2025-05-01至2025-05-05(5天),日均口径,跨区人员流动,实测,实际,2024同期,5,水平值,2026-08-21,无,交通运输部,五一假期交通出行人数,2025-05-06,A,https://www.gov.cn/zhengce/jiedu/tujie/202505/content_7022589.htm,同比+7.9%
2025,五一,交通出行,铁路客运单日峰值(5月1日),2311.9,万人次,总量,2025-05-01,2025-05-01,单日口径,交通客运,实测,实际,2024同期,1,水平值,2026-08-21,无,中国国家铁路集团,五一假期全国铁路单日发送旅客2311.9万人次,2025-05-06,A,http://wap.china-railway.com.cn/xwzx/mtjj/xhs/xinhuanet/202505/t20250506_144981.html,"同比+11.7%,单日旅客发送量创历史新高"
2025,五一,交通出行,铁路客运量,10170,万人次,总量,2025-05-01,2025-05-01至2025-05-05(5天),5天口径,交通客运,实测,实际,2024同期,5,水平值,2026-08-21,无,交通运输部,五一假期交通出行人数(分方式),2025-05-06,A,http://big5.www.gov.cn/gate/big5/www.gov.cn/lianbo/bumen/202505/content_7022596.htm,"同比+10.8%,日均2034万人次"
2025,五一,政策与宏观,五一档全国电影票房,7.47,亿元,总量,2025-05-01,2025-05-01至2025-05-05(5天),5天口径,文娱消费,实测,实际,2024同期,5,水平值,2026-08-21,无,灯塔研究院(新华网转引),2025年五一档电影市场观察,2025-05-07,B,http://www.news.cn/ent/20250507/e492d8c450784da1a412f13137b7da23/c.html,"日均票房1.5亿元; 缺少绝对头部影片,较去年同期回落; 观影人次1889万"
2025,五一,政策与宏观,全国重点零售和餐饮企业销售额同比,+6.3,%,比率,2025-05-01,2025-05-01至2025-05-05(5天),5天口径,零售餐饮,实测,实际,2024同期,5,增速,2026-08-21,无,商务部(商务大数据监测),五一假期全国重点零售和餐饮企业销售额同比+6.3%,2025-05-05,A,https://www.gov.cn/lianbo/bumen/202505/content_7022453.htm,重点监测企业口径; 以旧换新带动家电汽车
2025,五一,政策与宏观,重点餐饮企业营业额同比,+8.7,%,比率,2025-05-01,2025-05-01至2025-05-05(5天),5天口径,零售餐饮,实测,实际,2024同期,5,增速,2026-08-21,无,商务部,五一假期消费数据,2025-05-05,A,https://www.gov.cn/lianbo/bumen/202505/content_7022453.htm,重点监测企业口径
2025,五一,政策与宏观,银联/网联支付交易笔数,234.39,亿笔,总量,2025-05-01,2025-05-01至2025-05-05(5天),5天口径,支付交易,实测,实际,2024同期,5,水平值,2026-08-21,无,中国人民银行,五一假期支付交易数据,2025-05-06,A,https://news.cctv.com/2025/05/07/ARTIMByVw0uih7ZC3nUR5FmY250507.shtml,"同比+20.49%; 含境外来华人员支付,较2024年高增长"
2025,五一,政策与宏观,银联/网联支付交易金额,7.64,万亿元,总量,2025-05-01,2025-05-01至2025-05-05(5天),5天口径,支付交易,实测,实际,2024同期,5,水平值,2026-08-21,无,中国人民银行,五一假期支付交易数据,2025-05-06,A,https://news.cctv.com/2025/05/07/ARTIMByVw0uih7ZC3nUR5FmY250507.shtml,同比+3.21%
2025,五一,旅游行业平台,携程入境游订单同比,+130,%,比率,2025-05-01,2025-05-01至2025-05-05(5天),5天口径,平台订单,平台披露,实际,2024同期,5,增速,2026-08-21,无,携程(新华网江苏分网/网经社转引),2025五一旅行数据报告,2025-05-06,C,http://www.js.xinhuanet.com/20250506/6b4722da6a444a158e9bbe80cdb6ae0c/c.html,"该平台自身口径,非全市场; 中国游客目的地遍布全球1303个城市"
2025,五一,旅游行业平台,携程出境游订单同比,+20,%,比率,2025-05-01,2025-05-01至2025-05-05(5天),5天口径,平台订单,平台披露,实际,2024同期,5,增速,2026-08-21,无,携程,2025五一旅行数据报告,2025-05-06,C,http://www.js.xinhuanet.com/20250506/6b4722da6a444a158e9bbe80cdb6ae0c/c.html,"该平台自身口径,非全市场; 约两成"
2025,五一,旅游行业平台,飞猪国际邮轮预订同比,+60,%,比率,2025-05-01,2025-05-01至2025-05-05(5天),5天口径,平台订单,平台披露,实际,2024同期,5,增速,2026-08-21,无,飞猪(网经社转引),五一假期OTA数据战报,2025-05,C,http://www.100ec.cn/detail--6649164.html,"该平台自身口径,非全市场; 出境游商品预订激增"
2025,五一,旅行社,携程人均租车消费同比,+24,%,比率,2025-05-01,2025-05-01至2025-05-05(5天),5天口径,租车自驾,平台披露,实际,2024同期,5,增速,2026-08-21,无,携程(证券日报转引),2025五一旅行数据报告,2025-05-06,C,https://www.stcn.com/article/detail/1765346.html,"平台自身口径,非全市场"
2025,五一,旅行社,携程邮轮预订同比,+120,%,比率,2025-05-01,2025-05-01至2025-05-05(5天),5天口径,邮轮游,平台披露,实际,2024同期,5,增速,2026-08-21,无,携程(证券日报转引),2025五一旅行数据报告,2025-05-06,C,https://www.stcn.com/article/detail/1765346.html,"平台自身口径,非全市场; 邮轮游强势回归"
2025,五一,景区数据,全国博物馆接待观众,6049.19,万人次,总量,2025-05-01,2025-05-01至2025-05-05(5天),5天口径,文博参观,实测,实际,2024同期,5,水平值,2026-08-21,无,国家文物局(新华网转引),五一假期全国博物馆接待观众超6049万人次,2025-05-07,A,http://big5.news.cn/gate/big5/www.xinhuanet.com/travel/20250507/0334688512824f6faa9009d42848875b/c.html,"同比+17%,较2024增加879.87万人,创历史新高"
2025,五一,景区数据,重庆弹子石老街前三天接待游客,19,万人次,总量,2025-05-01,2025-05-01至2025-05-03,前期口径,景区接待,实测,实际,2024同期,3,水平值,2026-08-21,无,重庆市南岸区(中证网转引),五一假期多地迎来客流高峰,2025-05-06,B,https://www.cs.com.cn/xwzx/hg/202505/t20250506_6489619.html,同比+57.66%
2025,五一,景区数据,非遗主题游景区门票预订同比,+132,%,比率,2025-05-01,2025-05-01至2025-05-05(5天),5天口径,景区门票,平台披露,实际,2024同期,5,增速,2026-08-21,无,携程(中国旅游报/新华网转引),五一假期文旅消费呈现五大特征,2025-05-08,C,https://www.ctnews.com.cn/paper/att/202505/08/d11d24b8-ff3f-4c01-8f4e-523702b6c46e.pdf,"平台口径,该平台自身数据,非全市场; 国潮文化深度渗透"
2025,五一,游客画像,2024五一quan人均旅游消费(测算),565.7,元/人次,人均trip,2024-05-01,2024-05-01至2024-05-05(5天),5天口径,旅游收入,测算,推算,2023同期,5,水平值,2026-08-21,缺口-测算,测算(=1668.9亿/2.95亿),派生,2024-05-06,D,https://www.mct.gov.cn/gtb/index.jsp?url=http%3A%2F%2Fwww.mct.gov.cn%2Fwlbphone%2Fwlbydd%2Fxxfb%2Fjiaodianxinwen%2F202405%2Ft20240506_952682.html,"测算值,D级; 供per-day/人均纵向折算"
2025,五一,游客画像,2024五一同期国内出游人次,2.95,亿人次,总量,2024-05-01,2024-05-01至2024-05-05(5天),5天口径,出游规模,实测,实际,2023同期,5,水平值,2026-08-21,无,文化和旅游部,2024年五一假期文化和旅游市场情况,2024-05-06,A,https://www.mct.gov.cn/gtb/index.jsp?url=http%3A%2F%2Fwww.mct.gov.cn%2Fwlbphone%2Fwlbydd%2Fxxfb%2Fjiaodianxinwen%2F202405%2Ft20240506_952682.html,同比+7.6%
2025,五一,游客画像,2024五一同期国内游客出游总花费,1668.9,亿元,总量,2024-05-01,2024-05-01至2024-05-05(5天),5天口径,旅游收入,实测,实际,2023同期,5,水平值,2026-08-21,无,文化和旅游部,2024年五一假期文化和旅游市场情况,2024-05-06,A,https://www.mct.gov.cn/gtb/index.jsp?url=http%3A%2F%2Fwww.mct.gov.cn%2Fwlbphone%2Fwlbydd%2Fxxfb%2Fjiaodianxinwen%2F202405%2Ft20240506_952682.html,同比+12.7%
2025,五一,游客画像,2025全年国内旅游出游人次(预测),有望突破56(区间54-58),亿人次,总量,待回填(预计),2025全年口径(待回填),全年口径(待回填),出游规模,测算,预计,无,365,水平值,2026-08-21,预判待回填,基于年内节假日连续正增长与客单价中性假设的分析预判,2025全年预测台账,2025-05-06,D,https://www.mct.gov.cn/whzx/whyw/202505/t20250506_959793.htm,"预测ID=2025五一-F03; 中心值56亿,区间54-58; 置信度中低; 拐点判据:暑期/十一人次数是否延续中个位数增速"
2025,五一,游客画像,2025端午国内出游人次(预测),中心值约1.9(区间1.7-2.1),亿人次,总量,待回填(预计),预计2025-05-31至2025-06-02(3天),3天口径(待回填),出游规模,测算,预计,无,3,水平值,2026-08-21,预判待回填,基于五一+6.4%延续与端午3天短假期的分析预判,2025端午预测台账,2025-05-06,D,https://www.mct.gov.cn/whzx/whyw/202505/t20250506_959793.htm,"预测ID=2025五一-F01; 中心值1.9亿,区间1.7-2.1; 置信度中; 与五一天数不同,须per-day折算后比"
2025,五一,游客画像,2025端午国内旅游总花费(预测),中心值约1080(区间990-1170),亿元,总量,待回填(预计),预计2025-05-31至2025-06-02(3天),3天口径(待回填),旅游收入,测算,预计,无,3,水平值,2026-08-21,预判待回填,基于五一+8.0%延续的分析预判,2025端午预测台账,2025-05-06,D,https://www.mct.gov.cn/whzx/whyw/202505/t20250506_959793.htm,"预测ID=2025五一-F02; 中心值1080亿,区间990-1170; 置信度中; 须per-day折算后比"
2025,五一,游客画像,"人均旅游消费(per-trip,测算)",574.1,元/人次,人均trip,2025-05-01,2025-05-01至2025-05-05(5天),5天口径,旅游收入,测算,推算,2024同期,5,水平值,2026-08-21,缺口-测算,测算(=1802.69亿元/3.14亿人次),派生自文旅部数据,2025-05-06,D,https://www.mct.gov.cn/whzx/whyw/202505/t20250506_959793.htm,"测算值,D级; 非官方直接披露; 2024测算565.7元,人均+1.5%(测算)"
2025,五一,游客画像,国内旅游出游人次,3.14,亿人次,总量,2025-05-01,2025-05-01至2025-05-05(5天),5天口径,出游规模,实测,实际,2024同期,5,水平值,2026-08-21,无,文化和旅游部,2025年五一假期国内出游3.14亿人次,2025-05-06,A,https://www.mct.gov.cn/whzx/whyw/202505/t20250506_959793.htm,同比+6.4%
2025,五一,游客画像,国内游客出游总花费,1802.69,亿元,总量,2025-05-01,2025-05-01至2025-05-05(5天),5天口径,旅游收入,实测,实际,2024同期,5,水平值,2026-08-21,无,文化和旅游部,2025年五一假期国内出游3.14亿人次,2025-05-06,A,https://www.mct.gov.cn/whzx/whyw/202505/t20250506_959793.htm,同比+8.0%
2025,五一,游客画像,日均出游人次(测算),0.628,亿人次/天,日均,2025-05-01,2025-05-01至2025-05-05(5天),日均口径,出游规模,测算,推算,2024同期,5,水平值,2026-08-21,缺口-测算,测算(=3.14亿/5天),派生,2025-05-06,D,https://www.mct.gov.cn/whzx/whyw/202505/t20250506_959793.htm,"测算值,D级; 与2024同为5天,per-day可直接折算"
2025,五一,游客画像,日均出游总花费(测算),360.54,亿元/天,日均,2025-05-01,2025-05-01至2025-05-05(5天),日均口径,旅游收入,测算,推算,2024同期,5,水平值,2026-08-21,缺口-测算,测算(=1802.69亿/5天),派生,2025-05-06,D,https://www.mct.gov.cn/whzx/whyw/202505/t20250506_959793.htm,"测算值,D级"
2025,五一,目的地,北京入境旅游花费,11.3,亿元,总量,2025-05-01,2025-05-01至2025-05-05(5天),5天口径,旅游收入,实测,实际,2024同期,5,水平值,2026-08-21,无,北京市文化和旅游局,五一北京文旅数据,2025-05-09,A,https://www.peoplecen.com/html/2025/chany_0509/19081.html,同比+48.0%
2025,五一,目的地,北京接待入境游客,10.4,万人次,总量,2025-05-01,2025-05-01至2025-05-05(5天),5天口径,目的地接待,实测,实际,2024同期,5,水平值,2026-08-21,无,北京市文化和旅游局(人民网产业频道转引),五一北京文旅数据,2025-05-09,A,https://www.peoplecen.com/html/2025/chany_0509/19081.html,同比+42.4%
2025,五一,目的地,北京旅游总花费,209.8,亿元,总量,2025-05-01,2025-05-01至2025-05-05(5天),5天口径,旅游收入,实测,实际,2024同期,5,水平值,2026-08-21,无,北京市文化和旅游局,北京文旅双增长 五一假期来京游客1790.8万人次,2025-05-06,A,https://www.beijing.gov.cn/gongkai/shuju/sjjd/202505/t20250506_4080634.html,"入境游+非遗+文博三大主线,双增长"
2025,五一,目的地,北京来京游客,1790.8,万人次,总量,2025-05-01,2025-05-01至2025-05-05(5天),5天口径,目的地接待,实测,实际,2024同期,5,水平值,2026-08-21,无,北京市文化和旅游局,北京文旅双增长 五一假期来京游客1790.8万人次,2025-05-06,A,https://www.beijing.gov.cn/gongkai/shuju/sjjd/202505/t20250506_4080634.html,实现旅游总花费209.8亿元(见M02)
2025,五一,目的地,深圳接待入境游客,138.71,万人次,总量,2025-05-01,2025-05-01至2025-05-05(5天),5天口径,目的地接待,实测,实际,2024同期,5,水平值,2026-08-21,无,深圳市文化广电旅游体育局,五一深圳文旅数据,2025-05-09,A,https://www.peoplecen.com/html/2025/chany_0509/19081.html,同比+93.5%
2025,五一,跨境,全国边检出入境总人次,1089.6,万人次,总量,2025-05-01,2025-05-01至2025-05-05(5天),5天口径,出入境,实测,实际,2024同期,5,水平值,2026-08-21,无,国家移民管理局,五一假期1089.6万人次出入境,2025-05-06,A,https://www.nia.gov.cn/n897453/c1716687/content.html,"日均217.9万,同比+28.7%; 单日高峰5月3日229.7万"
2025,五一,跨境,内地居民出入境人次,577.8,万人次,总量,2025-05-01,2025-05-01至2025-05-05(5天),5天口径,出入境,实测,实际,2024同期,5,水平值,2026-08-21,无,国家移民管理局,五一假期1089.6万人次出入境,2025-05-06,A,https://www.nia.gov.cn/n897453/c1716687/content.html,同比+21.2%
2025,五一,跨境,外国人出入境人次,111.5,万人次,总量,2025-05-01,2025-05-01至2025-05-05(5天),5天口径,出入境,实测,实际,2024同期,5,水平值,2026-08-21,无,国家移民管理局,五一假期出入境数据,2025-05-06,A,https://www.gov.cn/lianbo/bumen/202505/content_7022531.htm,免签扩容+离境退税‘即买即退’等政策带动入境
2025,五一,跨境,港澳台居民出入境人次,400.3,万人次,总量,2025-05-01,2025-05-01至2025-05-05(5天),5天口径,出入境,实测,实际,2024同期,5,水平值,2026-08-21,无,国家移民管理局,五一假期出入境数据,2025-05-06,A,https://www.gov.cn/lianbo/bumen/202505/content_7022531.htm,
2025,五一,酒店,全国酒店RevPAR(酒店之家口径),184,元,总量,2025-05-01,2025-05-01至2025-05-05(5天),5天口径,住宿RevPAR,平台披露,实际,2024五一,5,水平值,2026-08-21,无,酒店之家,五一酒店复盘:量价齐增,2025-05,C,https://blog.csdn.net/jiudianzhijia/article/details/147771550,"2024年同期171.1元,同比+12.9元; 平台口径,全国无统一权威口径"
2025,五一,酒店,全国酒店整体入住率(酒店之家口径),64.93,%,总量,2025-05-01,2025-05-01至2025-05-05(5天),5天口径,住宿OCC,平台披露,实际,2024五一,5,水平值,2026-08-21,无,酒店之家,五一酒店复盘:量价齐增,2025-05,C,https://blog.csdn.net/jiudianzhijia/article/details/147771550,"C级第三方酒店数据平台口径,非全行业; 2024年同期64.2%"
2025,五一,酒店,华住五一累计接待人次,近630,万人次,总量,2025-05-01,2025-05-01至2025-05-05(5天),5天口径,住宿接待,平台披露,实际,2024五一,5,水平值,2026-08-21,无,华住集团(媒体转引),华住五一假期累计接待近630万人次,2025-05,C,http://m.toutiao.com/group/7501264126887346715/,单集团口径; 去年同期1.3倍
2025,五一,酒店,华住旗下酒店平均入住率,超84,%,总量,2025-05-01,2025-05-01至2025-05-05(5天),5天口径,住宿OCC,平台披露,实际,2024五一,5,水平值,2026-08-21,无,华住集团(中国网财经转引),住宿行业迎最火五一,2025-05-07,C,https://finance.china.com.cn/industry/20250507/6239083.shtml,单集团口径; 同比微增约1个百分点
2025,五一,酒店,华住高峰期(5/1-5/3)平均入住率,97,%,总量,2025-05-01,2025-05-01至2025-05-03,高峰期口径,住宿OCC,平台披露,实际,2024同期,3,水平值,2026-08-21,无,华住集团(中国网财经转引),住宿行业迎最火五一,2025-05-07,C,https://finance.china.com.cn/industry/20250507/6239083.shtml,"单集团口径; 5月2日达103%,满房酒店超9600家,出租率90%以上门店超1万家"
2025,五一,酒店,民宿商家平均入住率(迈点口径),64.74,%,比率,2025-05-01,2025-05-01至2025-05-05(5天),5天口径,住宿OCC,平台披露,实际,2024五一,5,占比,2026-08-21,无,迈点/MBO(平台数据),五一量平价升 平均房价上涨30%,2025-05,C,https://www.meadin.com/jd/280997.html,同比-1.91pct; 平台商家口径
2025,五一,酒店,民宿商家平均房价(迈点口径),735.43,元/间夜,人均trip,2025-05-01,2025-05-01至2025-05-05(5天),5天口径,住宿ADR,平台披露,实际,2024五一,5,水平值,2026-08-21,无,迈点/MBO(平台数据),五一量平价升 平均房价上涨30%,2025-05,C,https://www.meadin.com/jd/280997.html,同比+35.44%; 平台商家口径
2025,五一,酒店,美团酒店住宿消费同比,+14.9,%,比率,2025-05-01,2025-05-01至2025-05-05(5天),5天口径,酒店预订,平台披露,实际,2024同期,5,增速,2026-08-21,无,美团(中证网转引),五一消费数据,2025-05-06,C,https://www.cs.com.cn/xwzx/hg/202505/t20250506_6489619.html,"平台自披露口径,非全市场; 酒店预订创历史峰值"
2025,五一,酒店,酒店商家平均入住率(迈点口径),71.42,%,比率,2025-05-01,2025-05-01至2025-05-05(5天),5天口径,住宿OCC,平台披露,实际,2024五一,5,占比,2026-08-21,无,迈点/MBO(平台数据),五一量平价升 平均房价上涨30%,2025-05,C,https://www.meadin.com/jd/280997.html,同比+0.6pct; 平台商家口径
2025,五一,酒店,酒店商家平均房价(迈点口径),448.58,元/间夜,人均trip,2025-05-01,2025-05-01至2025-05-05(5天),5天口径,住宿ADR,平台披露,实际,2024五一,5,水平值,2026-08-21,无,迈点/MBO(平台数据),五一量平价升 平均房价上涨30%,2025-05,C,https://www.meadin.com/jd/280997.html,同比+28.53%; 平台商家口径
2025,端午,交通出行,民航客运量,563,万人次,人次,2025-05-31 至 2025-06-02,3天,3天口径,民航客运量,官方跨区域(含自驾),实际,无(水平值),3,水平值,2025-06-04,空,民航局,,2025-06-03,A,https://www.chinanews.com/cj/2025/06-03/10426402.shtml,
2025,端午,交通出行,跨区域人员流动量,6.376,亿人次,人次,2024-06-08 至 2024-06-10,3天,2024年3天口径,公路人员流动量,官方跨区域(含自驾),实际,较2019,3,水平值,2024-06-13,空,交通运输部(央广网转引),,2024-06-11,A,https://news.cnr.cn/dj/20240611/t20240611_526740083.shtml,日均2.125亿，较2019+16.6%；去年同期基准；63761.6万=6.376亿
2025,端午,交通出行,跨区域人员流动量,14.65,亿人次,人次,2025-05-01 至 2025-05-05,5天,5天口径,公路人员流动量,官方跨区域(含自驾),实际,较节假日X,5,水平值,2025-05-09,空,交通运输部,,2025-05,A,https://so.html5.qq.com/page/real/search_news?docid=70000021_1766819de6905852,同比+7.9%；本年上期(2025五一)
2025,端午,交通出行,跨区域人员流动量,6.537,亿人次,人次,2025-05-31 至 2025-06-02,3天,3天口径,公路人员流动量,官方跨区域(含自驾),实际,同比,3,水平值,2025-06-04,空,交通运输部,,2025-06-03,A,https://www.chinanews.com/cj/2025/06-03/10426402.shtml,同比+2.5%（65370万人次）；含自驾，非公共客运量
2025,端午,交通出行,铁路客运量,4604.7,万人次,人次,2024-06-08 至 2024-06-10,3天,2024年3天口径,铁路客运量,官方跨区域(含自驾),实际,较2019,3,水平值,2024-06-13,空,交通运输部(央广网转引),,2024-06-11,A,https://news.cnr.cn/dj/20240611/t20240611_526740083.shtml,日均1534.9万，较2019+18.6%；去年同期基准
2025,端午,交通出行,铁路客运量,1.51,亿人次,人次,2025-05-01 至 2025-05-05,5天,5天口径,铁路客运量,官方跨区域(含自驾),实际,较节假日X,5,水平值,2025-05-09,空,国家铁路集团,,2025-05,A,https://www.gov.cn/yaowen/liebiao/202505/content_7022797.htm,同比+10.6%；本年上期(2025五一)
2025,端午,交通出行,铁路客运量,4803,万人次,人次,2025-05-31 至 2025-06-02,3天,3天口径,铁路客运量,官方跨区域(含自驾),实际,无(水平值),3,水平值,2025-06-04,空,国家铁路集团,,2025-06-03,A,https://www.chinanews.com/cj/2025/06-03/10426402.shtml,
2025,端午,平台渠道,携程亲子订单占比,25,%,%,2025-05-31 至 2025-06-02,3天,3天口径,平台GMV,平台自披露,实际,无(水平值),3,水平值,2025-06-04,空,携程,,2025-06,C,https://www.voc.com.cn/news/202506/29613347.html?mobile,平台自身口径，非全市场；亲子订单占整体
2025,端午,平台渠道,携程入境游订单同比,+130,%,%,2025-05-01 至 2025-05-05,5天,5天口径,平台GMV,平台自披露,实际,较节假日X,5,水平值,2025-05-09,空,携程,,2025-05-06,C,http://www.js.xinhuanet.com/20250506/6b4722da6a444a158e9bbe80cdb6ae0c/c.html,约两成；本年上期(2025五一)；平台自身口径
2025,端午,平台渠道,美团亲子酒店搜索同比,+500,%,%,2025-05-31 至 2025-06-02,3天,3天口径,平台GMV,平台自披露,实际,同比,3,水平值,2025-06-04,空,美团,,2025-06,C,https://www.voc.com.cn/news/202506/29613347.html?mobile,平台自身口径，非全市场
2025,端午,平台渠道,飞猪主题乐园订单同比,+100,%,%,2025-05-31 至 2025-06-02,3天,3天口径,平台GMV,平台自披露,实际,同比,3,水平值,2025-06-04,空,飞猪,,2025-06,C,https://www.voc.com.cn/news/202506/29613347.html?mobile,平台自身口径，非全市场
2025,端午,总体,2025中秋国庆出游人次预测,1.05,亿人次,人次,2025-10-01 至 2025-10-08,8天,2025年合并口径(预测),客流人次,测算,预计,较节假日X,8,水平值,2025-06-04,预判待回填,AI前瞻(内部测算),,2025-06-04,D,,预测ID=2025十一-F01；中心值1.05亿/区间0.98-1.12亿/置信度中；2025中秋(10/6)并入国庆8天合并口径；待官方回填，非实测
2025,端午,总体,2025中秋国庆出游总花费预测,5100,亿元,亿元,2025-10-01 至 2025-10-08,8天,2025年合并口径(预测),旅游总花费,测算,预计,较节假日X,8,水平值,2025-06-04,预判待回填,AI前瞻(内部测算),,2025-06-04,D,,预测ID=2025十一-F02；中心值5100亿/区间4800-5500亿/置信度中；日均约637亿；待官方回填，非实测
2025,端午,总体,2025暑假出游人次预测,19.5,亿人次,人次,2025-07-01 至 2025-08-31,62天,62天口径(预测),客流人次,测算,预计,较节假日X,62,水平值,2025-06-04,预判待回填,AI前瞻(内部测算),,2025-06-04,D,,预测ID=2025暑假-F01；中心值19.5亿/区间18.5-21.0亿/置信度中；待官方回填，非实测
2025,端午,总体,国内人均旅游消费(测算),366.8,元,人均trip,2024-06-08 至 2024-06-10,3天,2024年3天口径,旅游总花费,测算,推算,无(水平值),3,水平值,2024-06-13,测算待核,测算(总花费/出游人次),,2024-06,D,https://www.mct.gov.cn/whzx/whyw/202406/t20240610_953396.htm,测算=403.5/1.1；去年同期基准(2024端午)
2025,端午,总体,国内人均旅游消费(测算),359.1,元,人均trip,2025-05-31 至 2025-06-02,3天,3天口径,旅游总花费,测算,推算,同比,3,水平值,2025-06-04,测算待核,AI推算(基于文旅部),,2025-06-04,D,https://www.mct.gov.cn/whzx/whyw/202506/t20250603_960368.htm,总花费÷出游人次=427.30/1.19；测算值，非官方发布
2025,端午,总体,国内人均每日消费(测算),119.7,元,人均day,2025-05-31 至 2025-06-02,3天,3天口径,旅游总花费,测算,推算,同比,3,水平值,2025-06-04,测算待核,AI推算(基于文旅部),,2025-06-04,D,https://www.mct.gov.cn/whzx/whyw/202506/t20250603_960368.htm,人均trip÷3天=359.1/3；测算值D级
2025,端午,总体,国内出游人次,1.1,亿人次,人次,2024-06-08 至 2024-06-10,3天,2024年3天口径,客流人次,官方总量,实际,同比,3,水平值,2024-06-13,空,文化和旅游部,,2024-06-10,A,https://www.mct.gov.cn/whzx/whyw/202406/t20240610_953396.htm,同比+6.3%；去年同期基准(2024端午)
2025,端午,总体,国内出游人次,5.01,亿人次,人次,2025-01-28 至 2025-02-04,8天,8天口径,客流人次,官方总量,实际,较节假日X,8,水平值,2025-02-24,空,文化和旅游部,,2025-02-05,A,https://www.mct.gov.cn/whzx/whyw/202502/t20250205_958229.htm,同比+5.9%；假期8天；本年上期(2025春节)，跨年天数不同需per-day折算
2025,端午,总体,国内出游人次,3.14,亿人次,人次,2025-05-01 至 2025-05-05,5天,5天口径,客流人次,官方总量,实际,较节假日X,5,水平值,2025-05-09,空,文化和旅游部,,2025-05-06,A,https://www.mct.gov.cn/preview/whzx/whyw/202505/t20250506_959793.htm,同比+6.4%；本年上期(2025五一)
2025,端午,总体,国内出游人次,1.19,亿人次,人次,2025-05-31 至 2025-06-02,3天,3天口径,客流人次,官方总量,实际,同比,3,水平值,2025-06-04,空,文化和旅游部,,2025-06-03,A,https://www.mct.gov.cn/whzx/whyw/202506/t20250603_960368.htm,同比+5.7%
2025,端午,总体,国内出游总花费,403.5,亿元,亿元,2024-06-08 至 2024-06-10,3天,2024年3天口径,旅游总花费,官方总量,实际,同比,3,水平值,2024-06-13,空,文化和旅游部,,2024-06-10,A,https://www.mct.gov.cn/whzx/whyw/202406/t20240610_953396.htm,同比+8.1%；去年同期基准(2024端午)
2025,端午,总体,国内出游总花费,6770.02,亿元,亿元,2025-01-28 至 2025-02-04,8天,8天口径,旅游总花费,官方总量,实际,较节假日X,8,水平值,2025-02-24,空,文化和旅游部,,2025-02-05,A,https://www.mct.gov.cn/whzx/whyw/202502/t20250205_958229.htm,同比+7.0%；假期8天；本年上期(2025春节)，跨年天数不同需per-day折算
2025,端午,总体,国内出游总花费,1802.69,亿元,亿元,2025-05-01 至 2025-05-05,5天,5天口径,旅游总花费,官方总量,实际,较节假日X,5,水平值,2025-05-09,空,文化和旅游部,,2025-05-06,A,https://www.mct.gov.cn/preview/whzx/whyw/202505/t20250506_959793.htm,同比+8.0%；本年上期(2025五一)
2025,端午,总体,国内出游总花费,427.30,亿元,亿元,2025-05-31 至 2025-06-02,3天,3天口径,旅游总花费,官方总量,实际,同比,3,水平值,2025-06-04,空,文化和旅游部,,2025-06-03,A,https://www.mct.gov.cn/whzx/whyw/202506/t20250603_960368.htm,同比+5.9%
2025,端午,新消费,亲子/主题乐园消费(平台印证),+100,%,%,2025-05-31 至 2025-06-02,3天,3天口径,平台GMV,平台自披露,实际,同比,3,水平值,2025-06-04,空,飞猪/美团/携程(红网转引),,2025-06,C,https://www.voc.com.cn/news/202506/29613347.html?mobile,主题乐园订单翻倍、亲子酒店搜索+500%；平台自身口径；阶段二硬圈定新消费项
2025,端午,新消费,古镇日均搜索热度(较平时),200,%,%,2024-06-08 至 2024-06-10,3天,2024年3天口径,平台GMV,平台自披露,实际,无(水平值),3,水平值,2024-06-13,空,携程(券商转引),,2024-06,C,https://fxbaogao.com/detail/4342008,新中式民俗体验；去年同期基准；平台自身口径
2025,端午,新消费,龙舟民俗带动旅游订单(佛山/岳阳/宣城),250/52/32,%,%,2024-06-08 至 2024-06-10,3天,2024年3天口径,平台GMV,平台自披露,实际,无(水平值),3,复合,2024-06-13,空,携程(政府网转引),,2024-06-10,A,https://www.gov.cn/lianbo/bumen/202406/content_6956584.htm,佛山租车+250%等；去年同期基准；平台自身口径
2025,端午,景区目的地,北京口岸出入境人员,17.8,万人次,人次,2025-05-31 至 2025-06-02,3天,3天口径,客流人次,官方总量,实际,同比,3,水平值,2025-06-04,空,北京边检(央视网转引),,2025-06-04,B,https://news.cctv.com/2025/06/04/ARTIeAw2fLw0dOAvYi3mysFF250604.shtml,同比+14.8%
2025,端午,景区目的地,北京接待游客,779.2,万人次,人次,2024-06-08 至 2024-06-10,3天,2024年3天口径,客流人次,官方总量,实际,无(水平值),3,水平值,2024-06-13,空,北京市文旅局(中国网财经转引),,2024-06-12,B,https://www.cnr.cn/lvyou/hydt/20240614/t20240614_526744915.shtml,旅游消费100.9亿；去年同期基准
2025,端午,景区目的地,安徽接待游客,1937.6,万人次,人次,2024-06-08 至 2024-06-10,3天,2024年3天口径,客流人次,待核,实际,同比,3,水平值,2024-06-13,空,安徽省文旅厅(中国网财经转引),,2024-06-12,B,https://www.cnr.cn/lvyou/hydt/20240614/t20240614_526744915.shtml,同比+5.7%，收入101.9亿+13.9%；去年同期基准
2025,端午,消费宏观,全国重点零售和餐饮企业销售额同比,9.8,%,%,2024-06-08 至 2024-06-10,3天,2024年3天口径,商务部社零,官方总量,实际,同比,3,水平值,2024-06-13,空,商务部(央视新闻联播转引),,2024-06-11,A,https://news.cctv.com/2024/06/11/ARTIb9IEUGUScDfNyvwzYv95240611.shtml,去年同期基准(2024端午)
2025,端午,消费宏观,重点零售和餐饮企业销售额同比,+6.3,%,%,2025-05-01 至 2025-05-05,5天,5天口径,商务部社零,官方重点监测,实际,较节假日X,5,水平值,2025-05-09,空,商务部,,2025-05,A,https://m.linkshop.com/article/news/531622,重点监测企业；本年上期(2025五一)
2025,端午,游客画像,00后出游人次同比,30+,%,%,2024-06-08 至 2024-06-10,3天,2024年3天口径,客流人次,平台自披露,实际,同比,3,水平值,2024-06-13,空,携程(券商转引),,2024-06,C,https://fxbaogao.com/detail/4342008,年轻化趋势；去年同期基准；平台自身口径
2025,端午,游客画像,免签入境外国人,23.1,万人次,人次,2025-05-31 至 2025-06-02,3天,3天口径,客流人次,待核,实际,同比,3,水平值,2025-06-04,空,国家移民管理局,,2025-06-03,A,https://www.nia.gov.cn/n741440/n741567/c1721275/content.html,同比+59.4%；免签政策红利兑现
2025,端午,游客画像,出入境人员,590.7,万人次,人次,2025-05-31 至 2025-06-02,3天,3天口径,客流人次,待核,实际,同比,3,水平值,2025-06-04,空,国家移民管理局,,2025-06-03,A,https://www.nia.gov.cn/n741440/n741567/c1721275/content.html,同比+2.7%；边检口径
2025,端午,游客画像,本地游+周边游占比,49,%,%,2024-06-08 至 2024-06-10,3天,2024年3天口径,客流人次,平台自披露,实际,无(水平值),3,水平值,2024-06-13,空,途牛,,2024-06-12,C,https://www.cnr.cn/lvyou/hydt/20240614/t20240614_526744915.shtml,1-2天短途为主；去年同期基准；平台自身口径
2025,端午,游客画像,银联/网联支付交易笔数,234.39,亿笔,笔,2025-05-01 至 2025-05-05,5天,5天口径,支付清算额,官方总量,实际,较节假日X,5,水平值,2025-05-09,空,中国人民银行,,2025-05-06,A,https://big5.www.gov.cn/gate/big5/www.gov.cn/lianbo/bumen/202505/content_7022638.htm,同比+20.49%；本年上期(2025五一)
2025,端午,游客画像,银联/网联支付交易笔数,140.5,亿笔,笔,2025-05-31 至 2025-06-02,3天,3天口径,支付清算额,官方总量,实际,同比,3,水平值,2025-06-04,空,中国人民银行,,2025-06-03,A,https://big5.www.gov.cn/gate/big5/www.gov.cn/lianbo/bumen/202506/content_7026351.htm,同比+13%
2025,端午,游客画像,银联/网联支付交易金额,4.8,万亿元,元,2025-05-31 至 2025-06-02,3天,3天口径,支付清算额,官方总量,实际,同比,3,水平值,2025-06-04,空,中国人民银行,,2025-06-03,A,https://big5.www.gov.cn/gate/big5/www.gov.cn/lianbo/bumen/202506/content_7026351.htm,同比+3.4%
2025,端午,酒店住宿,热门三四线城市旅游预订热度同比,100+,%,%,2024-06-08 至 2024-06-10,3天,2024年3天口径,酒店间夜,平台自披露,实际,同比,3,水平值,2024-06-13,空,同程旅行,,2024-06-10,C,https://finance.sina.com.cn/tech/2024-06-10/doc-inayhfkz9046913.shtml,黑马：黄山/阿坝/阿勒泰等；去年同期基准；平台自身口径
2025,端午,酒店住宿,阿勒泰酒店预订热度同比,186,%,%,2024-06-08 至 2024-06-10,3天,2024年3天口径,酒店间夜,平台自披露,实际,同比,3,水平值,2024-06-13,空,同程旅行,,2024-06-10,C,https://caifuhao.eastmoney.com/news/20240610220621519523110,影视《我的阿勒泰》带动；去年同期基准；平台自身口径
2025,暑假,交通出行,上半年外国人出入境人数,3805.3,万人次,水平值,2025-01-01~2025-06-30,上半年,国家移民管理局边检口径,官方边检,官方总量,实际,同比,181,增长率,2026-08-21,,国家移民管理局(中国网转引),2025年上半年外国人出入境数据,2025-07,A,http://m.toutiao.com/group/7537877172422181426/,上半年外国人入出境3805.3万人次，同比+30.2%；其中免签入境1364万人次(+53.9%)；累计上半年口径非暑期专口径
2025,暑假,交通出行,全社会跨区域人员流动量,119,亿人次,水平值,2025-07-01~2025-08-31,暑运62天,暑假62天口径v1.0,公路人员流动量,官方跨区域(含自驾),实际,同比,62,水平值,2026-08-21,,交通运输部(财经网转引),2025年暑运降本收官数据,2025-09-01,A,https://m.toutiao.com/group/7545723845630624271/,暑运(7/1-8/31)全社会跨区域人员流动量119亿人次，日均1.92亿，同比+4.3%；含自驾，与铁民水公共客运量口径不同不可加总
2025,暑假,交通出行,全社会跨区域人员流动量日均,1.92,亿人次/天,日度,2025-07-01~2025-08-31,暑运62天,暑假62天口径v1.0,公路人员流动量,官方跨区域(含自驾),实际,同比,62,水平值,2026-08-21,,交通运输部(财经网转引),2025年暑运数据,2025-09-01,A,https://m.toutiao.com/group/7545723845630624271/,官方披露日均1.92亿人次/天；2024年同期日均1.76亿/天，同比+9%量级
2025,暑假,交通出行,公路人员流动量(含自驾),87,亿人次,水平值,2025-07-01~2025-08-31,暑运62天,暑假62天口径v1.0,公路人员流动量,官方跨区域(含自驾),实际,同比,62,水平值,2026-08-21,含推算成分,交通运输部(财经网转引),2025年暑运数据,2025-09-01,A,https://m.toutiao.com/group/7545723845630624271/,公路自驾出行占比约73%、达87亿人次(官方推算)；含自驾，与铁/民公共客运量口径不同不可加总
2025,暑假,交通出行,国家铁路货物发送量,7.02,亿吨,水平值,2025-07-01~2025-08-31,暑运62天,暑假62天口径v1.0,铁路货运量,官方营业性,实际,同比,62,水平值,2026-08-21,,国铁集团(央视网),2025年铁路暑运圆满收官,2025-09-01,A,https://news.cctv.cn/2025/09/01/ARTIOFNcbmVUTnzKWZoN9IEP250901.shtml,国家铁路累计发送货物7.02亿吨，同比+4.8%，客货运量均创历史同期新高
2025,暑假,交通出行,民航运输旅客,1.47,亿人次,水平值,2025-07-01~2025-08-31,暑运62天,暑假62天口径v1.0,民航客运量,官方营业性(不含自驾),实际,同比,62,水平值,2026-08-21,,中国民用航空局(央广网),2025年暑运民航数据,2025-09-02,A,http://china.cnr.cn/news/20250902/t20250902_527349992.shtml,暑运全国民航累计运输旅客1.47亿人次，日均237万人次，创历史同期新高；营业性客运口径
2025,暑假,交通出行,铁路发送旅客,9.43,亿人次,水平值,2025-07-01~2025-08-31,暑运62天,暑假62天口径v1.0,铁路客运量,官方营业性(不含自驾),实际,同比,62,水平值,2026-08-21,,国铁集团(央视网),2025年铁路暑运圆满收官,2025-09-01,A,https://news.cctv.cn/2025/09/01/ARTIOFNcbmVUTnzKWZoN9IEP250901.shtml,暑运铁路累计发送旅客9.43亿人次，同比+4.7%，首次突破9亿、创历史同期新高；营业性客运口径不含自驾
2025,暑假,总体,"出游人次日均(测算,62天)",0.403,亿人次/天,日度,2025-06-01~2025-08-31,6-8月合计,暑假62天口径v1.0,实测可比监测,测算,推算,无(水平值),62,水平值,2026-08-21,推算,本报告推算,派生测算值,2026-08-21,D,http://yn.people.com.cn/n2/2025/0811/c372455-41318429.html,=25/62天(暑假62天口径)；D级推算；研究院监测口径为6-8月92天，本行窗按62天折算，与2024跨年对比须注意口径差异
2025,暑假,总体,国内旅游出游人次,25,亿人次,水平值,2025-06-01~2025-08-31,6-8月合计,暑期6-8月监测口径v1.0,实测可比监测,测算,推算,无(预测口径),92,水平值,2026-08-21,预测口径未回填,中国旅游研究院(人民网转引),2025年暑期旅游监测与预测,2025-08-11,D,http://yn.people.com.cn/n2/2025/0811/c372455-41318429.html,研究院监测预测‘暑期国内旅游有望突破25亿人次’，达历史新高的预测口径；2024年同口径19.49亿(+6.0%)；最终核定数待回填
2025,暑假,总体,国民整体暑期消费规模(预测),1.8,万亿元,水平值,2025-06-01~2025-08-31,6-8月合计,暑期6-8月监测口径v1.0,实测可比监测,测算,推算,无(预测口径),92,水平值,2026-08-21,预测口径未回填,中国旅游研究院(人民网转引),2025年暑期旅游监测与预测,2025-08-11,D,http://yn.people.com.cn/n2/2025/0811/c372455-41318429.html,‘暑期国民整体消费规模预计达1.8万亿元’，为研究院预测口径；与商务部社零口径家族不同不可相加
2025,暑假,政策与宏观,1-8月社会消费品零售总额,323906,亿元,水平值,2025-01-01~2025-08-31,1-8月累计,国家统计局累计口径,商务部社零,官方总量,实际,累计年初至今,243,水平值,2026-08-21,,国家统计局(中国政府网),2025年8月份社会消费品零售总额增长3.4%,2025-09-15,A,https://www.gov.cn/lianbo/bumen/202509/content_7040707.htm,1-8月社零323906亿元，同比+4.6%；累计口径非单假期
2025,暑假,政策与宏观,240小时过境免签适用国家数,55,个,水平值,2025-06-12~2025-08-19,6/12起,国家移民管理局边检口径,官方政策,官方总量,实际,无(水平值),68,水平值,2026-08-21,,国家移民管理局(中新网/人民网),240小时过境免签政策适用国家扩至55国,2025-06-12,A,http://m.chinanews.com/wap/detail/chs/zw/10430720.shtml,2025年6月12日起印尼加入，240小时过境免签适用国家增至55国，辐射暑期入境游
2025,暑假,政策与宏观,240小时过境免签适用国家数(更新),57,个,水平值,2025-08-20~2025-08-31,8/20起,国家移民管理局边检口径,官方政策,官方总量,实际,无(水平值),12,水平值,2026-08-21,,国家移民管理局(北京日报),240小时过境免签适用国家扩至57国,2025-08-20,A,http://m.toutiao.com/group/7676091492095509035/,8月20日增至57国，同时海南30天入境免签适用国家扩至61国；叠加暑期入境游
2025,暑假,政策与宏观,8月商品零售额同比,3.6,%,增长率,2025-08-01~2025-08-31,8月单月,商务部商务大数据口径,官方重点监测,官方总量,实际,同比,31,增长率,2026-08-21,,商务部(央视网),2025年8月份消费市场情况,2025-09-23,A,https://news.cctv.cn/2025/09/23/ARTIjb7llk2Z49kLAVehh0Et250923.shtml,8月商品零售额同比+3.6%，以旧换新相关商品销售保持较快增长；与旅游总花费分列不可相加
2025,暑假,政策与宏观,8月社会消费品零售总额,39668,亿元,水平值,2025-08-01~2025-08-31,8月单月,国家统计局月度口径,商务部社零,官方总量,实际,同比,31,水平值,2026-08-21,,国家统计局(中国政府网),2025年8月份社会消费品零售总额增长3.4%,2025-09-15,A,https://www.gov.cn/lianbo/bumen/202509/content_7040707.htm,8月社零39668亿元，同比+3.4%；与旅游总花费口径不同不可相加
2025,暑假,政策与宏观,上半年免签入境外国人,1364,万人次,水平值,2025-01-01~2025-06-30,上半年,国家移民管理局边检口径,官方边检,官方总量,实际,同比,181,增长率,2026-08-21,,国家移民管理局(中国网转引),2025年上半年外国人入出境数据,2025-07,A,http://m.toutiao.com/group/7537877172422181426/,上半年免签入境外国人1364万人次，占入境外国人71.2%，同比+53.9%；上半年累计口径
2025,暑假,政策与宏观,全年入出境外国人(全年口径),8203.5,万人次,水平值,2025-01-01~2025-12-31,全年,国家移民管理局边检口径,官方边检,官方总量,实际,同比,365,增长率,2026-08-21,,国家移民管理局(央视网),2025年出入境人数创新高,2026-01-28,A,https://news.cctv.cn/2026/01/28/ARTIZzMHikVmpr4tfSM4ypaC260128.shtml,2025年全年入出境外国人8203.5万人次，同比+26.4%；免签入境3008万人次；全年口径，作为暑期入境游大背景参照
2025,暑假,政策与宏观,国庆假期国内旅游出游人次(预测),7.3,亿人次,水平值,2025-10-01~2025-10-08,国庆8天口径,预测台账口径v1.0,客流人次,测算,预计,同比,8,水平值,2026-08-21,预判待回填,本报告推算(基于暑运高位+免签扩容),2025暑期报告预测台账,2026-08-21,D,http://yn.people.com.cn/n2/2025/0811/c372455-41318429.html,预测ID=2025国庆-F01；中心值7.3亿(区间6.9-7.8亿)，置信度中；预测不得当实测，待国庆结束回填
2025,暑假,政策与宏观,国庆假期国内旅游总花费(预测),6100,亿元,水平值,2025-10-01~2025-10-08,国庆8天口径,预测台账口径v1.0,旅游总花费,测算,预计,同比,8,水平值,2026-08-21,预判待回填,本报告推算,2025暑期报告预测台账,2026-08-21,D,http://yn.people.com.cn/n2/2025/0811/c372455-41318429.html,预测ID=2025国庆-F02；中心值6100亿(区间5700-6500亿)，置信度中低；为预测台账输入
2025,暑假,政策与宏观,暑期文化和旅游消费季消费补贴,5.7,亿元,水平值,2025-07-01~2025-08-31,7-8月,文旅部暑期消费季口径,官方总量,官方总量,实际,无(水平值),62,水平值,2026-08-21,,文化和旅游部(人民网转引),2025年全国暑期文化和旅游消费季,2025-08-11,A,http://yn.people.com.cn/n2/2025/0811/c372455-41318429.html,文旅部7-8月推出全国暑期文化和旅游消费季，发放超5.7亿元消费补贴，释放文旅消费潜力
2025,暑假,新消费,暑期全国营业性演出场次,12.63,万场,水平值,2025-07-01~2025-08-31,7-8月,中国演出行业协会监测口径,行业协会计,行业协会计,实际,同比,62,增长率,2026-08-21,,中国演出行业协会(光明网),2025年暑期演出市场数据,2025-09-17,C,https://news.gmw.cn/2025-09/17/content_38290329.htm,暑期(7-8月)全国营业性演出(不含娱乐场所)12.63万场，同比+4.18%
2025,暑假,新消费,暑期档电影票房,119.66,亿元,水平值,2025-06-01~2025-08-31,暑期档(6-8月),暑期档口径,官方总量,官方总量,实际,同比,92,增长率,2026-08-21,,国家电影局(中国电影报),2025年暑期档电影市场数据,2025-09-04,A,https://www.chinafilm.gov.cn/xwzx/gzdt/202509/t20250904_928990.html,暑期档票房119.66亿元，同比+2.76%；国产影片占比76.21%；票房前5：《南京照相馆》28.9亿等
2025,暑假,新消费,暑期档观影人次,3.21,亿人次,水平值,2025-06-01~2025-08-31,暑期档(6-8月),暑期档口径,官方总量,官方总量,实际,同比,92,增长率,2026-08-21,,国家电影局(中国电影报),2025年暑期档电影市场数据,2025-09-04,A,https://www.chinafilm.gov.cn/xwzx/gzdt/202509/t20250904_928990.html,观影人次3.21亿，同比+12.75%；题材多元推动人次增速快于票房
2025,暑假,新消费,暑期演出票房收入,151.35,亿元,水平值,2025-07-01~2025-08-31,7-8月,中国演出行业协会监测口径,行业协会计,行业协会计,实际,同比,62,增长率,2026-08-21,,中国演出行业协会(光明网),2025年暑期演出市场数据,2025-09-17,C,https://news.gmw.cn/2025-09/17/content_38290329.htm,暑期演出票房151.35亿元，同比+3.90%；演唱会经济带动食住行游购
2025,暑假,新消费,暑期演出观众人数,4223.32,万人次,水平值,2025-07-01~2025-08-31,7-8月,中国演出行业协会监测口径,行业协会计,行业协会计,实际,同比,62,增长率,2026-08-21,,中国演出行业协会(光明网),2025年暑期演出市场数据,2025-09-17,C,https://news.gmw.cn/2025-09/17/content_38290329.htm,暑期演出观众4223.32万人次，同比+5.17%
2025,暑假,旅游行业平台,同程高品质酒店预订热度同比,40,%,增长率,2025-07-01~2025-08-31,7-8月合计,同程自披露口径,平台GMV,平台自披露,实际,同比,62,增长率,2026-08-21,,同程旅行(网经社监测转载),同程2025暑期旅游消费新趋势盘点,2025-08,C,http://www.100ec.cn/zt/25sjlybg/bgxz%20.pdf,该平台自身口径，非全市场
2025,暑假,旅游行业平台,携程亲子家庭租车自驾订单同比,98,%,增长率,2025-07-01~2025-08-20,7月中旬~8月20日,携程自披露口径,平台GMV,平台自披露,实际,同比,62,增长率,2026-08-21,多口径并存,携程(网经社监测转载),携程2025暑期出游市场监测,2025-08-20,C,http://www.100ec.cn/zt/25sjlybg/bgxz%20.pdf,该平台自身口径，非全市场；另有+77%口径(人民财经网转引)
2025,暑假,旅游行业平台,携程亲子游占暑期总出行,35,%,水平值,2025-07-01~2025-08-20,7月中旬~8月20日,携程自披露口径,平台GMV,平台自披露,实际,无(水平值),62,水平值,2026-08-21,,携程(网经社监测转载),携程2025暑期出游市场监测,2025-08-20,C,http://www.100ec.cn/zt/25sjlybg/bgxz%20.pdf,该平台自身口径，非全市场
2025,暑假,旅游行业平台,美团300公里以上中长线游需求同比,15,%,增长率,2025-07-01~2025-08-31,7-8月合计,美团自披露口径,平台GMV,平台自披露,实际,同比,62,增长率,2026-08-21,,美团(网经社监测转载),美团2025暑期出游数据,2025-08,C,http://www.100ec.cn/zt/25sjlybg/bgxz%20.pdf,暑期300公里以上中长线游需求同比+15%；‘周边游’‘一日游’搜索环比+40%；该平台自身口径
2025,暑假,旅游行业平台,途牛亲子带娃出游人次占比,42,%,水平值,2025-07-01~2025-08-31,7-8月合计,途牛自披露口径,平台GMV,平台自披露,实际,无(水平值),62,水平值,2026-08-21,,途牛(腾讯新闻综述),途牛2025暑期出游数据,2025-07-09,C,https://view.inews.qq.com/k/20250709A04ROX00?web_channel=wap,该平台自身口径，非全市场
2025,暑假,旅游行业平台,飞猪北京定制游订单同比,200,%,增长率,2025-07-01~2025-08-31,7-8月合计,飞猪自披露口径,平台GMV,平台自披露,实际,同比,62,增长率,2026-08-21,,飞猪(中国网转引),飞猪2025暑期出游数据,2025-09-03,C,http://travel.china.com.cn/txt/2025-09/03/content_118058806.shtml,北京定制游订单同比+2倍，机票/实时用车双位数增长；该平台自身口径，非全市场
2025,暑假,旅行社,全国旅行社订单总量,本期暂无公开数据,定性,定性,2025-07-01~2025-08-31,7-8月合计,缺口声明,平台GMV,弱溯源,实际,无(水平值),62,定性,2026-08-21,全国总量缺项,缺口声明(见正文),—,—,D,无公开URL(缺口),无全国权威旅行社订单总量口径；仅平台/单一旅行社结构数据可用(见上表与L2素材)
2025,暑假,旅行社,暑期出游人次(春秋旅游),全面超去年同期,定性,定性,2025-07-01~2025-08-31,7-8月合计,单一旅行社披露口径,平台GMV,待核,实际,同比,62,定性,2026-08-21,,春秋旅游(中新网转引),春秋旅游2025暑期出游数据,2025-09-01,B,http://www.chinanews.com.cn/sh/2025/09-01/10474727.shtml,春秋旅游宣布2025暑期出游人次全面超去年同期，10岁及以下儿童、60岁及以上银发人群同比明显增长；单一旅行社披露，非全行业口径
2025,暑假,景区数据,云南省旅居人数,380.1,万人,水平值,2025-01-01~2025-08-31,1-8月累计,云南省文旅厅口径,客流人次,官方总量,实际,累计年初至今,243,水平值,2026-08-21,,云南省文化和旅游厅(文旅部转载),云南暑期文旅市场主要指标创新高,2025-09-19,A,https://www.mct.gov.cn/whzx/qgwhxxlb/yn/202509/t20250919_962295.htm,全省旅居人数达380.1万人，已接近2024全年389万人的规模；康养旅居业态暑期增长明显
2025,暑假,景区数据,云南省旅游外汇收入同比,141.3,%,增长率,2025-01-01~2025-08-31,1-8月累计,云南省文旅厅口径,旅游总花费,官方总量,实际,累计年初至今,243,增长率,2026-08-21,,云南省文化和旅游厅(文旅部转载),云南暑期文旅市场主要指标创新高,2025-09-19,A,https://www.mct.gov.cn/whzx/qgwhxxlb/yn/202509/t20250919_962295.htm,1-8月云南省旅游外汇收入同比+141.3%，大幅超2024全年；入境游客人次/过夜人次接近2024全年水平；与社零分列不可相加
2025,暑假,景区数据,故宫博物院暑期日均接待游客,8,万人次,日度,2025-07-01~2025-08-31,7-8月合计,北京文旅统计口径(转引),客流人次,弱溯源,实际,无(水平值),62,水平值,2026-08-21,弱溯源,北京市文化和旅游局(讯程国旅转引),2025年暑期北京文旅数据复盘,2025-07,D,https://www.bjxcgl.com/?jiudian/568.html,暑期故宫博物院日均接待超8万人次、平日3倍以上；转引自旅行社网站，弱溯源标D级；长城等亦人满为患
2025,暑假,游客画像,亲子出游人群占比(飞猪),60,%,水平值,2025-07-01~2025-08-31,7-8月合计,飞猪自披露口径,平台GMV,平台自披露,实际,无(水平值),62,水平值,2026-08-21,,飞猪(腾讯新闻综述),飞猪暑期亲子出游数据,2025-07-09,C,https://view.inews.qq.com/k/20250709A04ROX00?web_channel=wap,飞猪称亲子家庭贡献约六成暑期出游人次；该平台自身口径，非全市场
2025,暑假,游客画像,亲子家庭租车自驾订单同比(携程),98,%,增长率,2025-07-01~2025-08-20,7月中旬~8月20日,携程自披露口径,平台GMV,平台自披露,实际,同比,62,增长率,2026-08-21,多口径并存,携程(网经社监测转载),携程2025暑期出游市场监测,2025-08-20,C,http://www.100ec.cn/zt/25sjlybg/bgxz%20.pdf,亲子家庭租车自驾订单同比+98%另有口径+77%(人民财经网转引)；该平台自身口径，非全市场
2025,暑假,游客画像,亲子带娃出游人次占比(途牛),42,%,水平值,2025-07-01~2025-08-31,7-8月合计,途牛自披露口径,平台GMV,平台自披露,实际,无(水平值),62,水平值,2026-08-21,,途牛(腾讯新闻综述),途牛暑期亲子出游数据,2025-07-09,C,https://view.inews.qq.com/k/20250709A04ROX00?web_channel=wap,途牛称该群体出游人次占比42%；该平台自身口径，非全市场
2025,暑假,游客画像,亲子游占暑期总出行人群(携程),35,%,水平值,2025-07-01~2025-08-20,7月中旬~8月20日,携程自披露口径,平台GMV,平台自披露,实际,环比,62,水平值,2026-08-21,,携程(网经社监测转载),携程2025暑期出游市场监测,2025-08-20,C,http://www.100ec.cn/zt/25sjlybg/bgxz%20.pdf,截至8月20日亲子游占暑期总出行35%，环比+50%；该平台自身口径，非全市场
2025,暑假,游客画像,民航亲子客群占比(同程),34.7,%,水平值,2025-07-01~2025-08-31,7-8月合计,同程自披露口径,平台GMV,平台自披露,实际,无(水平值),62,水平值,2026-08-21,,同程旅行(腾讯新闻综述),同程2025暑运出行趋势报告,2025-07-09,C,https://view.inews.qq.com/k/20250709A04ROX00?web_channel=wap,民航国内航线亲子客群(携带未成年人)占比34.7%；该平台自身口径
2025,暑假,酒店,华住中国二季度RevPAR同比,-3.7,%,增长率,2025-04-01~2025-06-30,二季度,华住财报口径(非暑期专口径),酒店RevPAR,企业自披露,实际,同比,91,增长率,2026-08-21,无全国口径,华住集团(腾讯新闻转引),华住2025年二季度财报与CEO访谈,2025-08-20,C,https://view.inews.qq.com/a/20250820A0941800,华住合并RevPAR同比-3.7%；酒店业供给过快增长导致‘以价换量’；全国酒店RevPAR无统一权威口径
2025,暑假,酒店,华住中国二季度入住率OCC,81,%,百分比,2025-04-01~2025-06-30,二季度,华住财报口径(非暑期专口径),酒店间夜,企业自披露,实际,同比,91,增长率,2026-08-21,,华住集团(腾讯新闻转引),华住2025年二季度财报与CEO访谈,2025-08-20,C,https://view.inews.qq.com/a/20250820A0941800,华住中国Q2 OCC 自82.6%降至81%；受供给过快增加影响；非全行业口径
2025,暑假,酒店,华住中国二季度平均房价ADR,290,元,元/间夜,2025-04-01~2025-06-30,二季度,华住财报口径(非暑期专口径),酒店RevPAR,企业自披露,实际,同比,91,增长率,2026-08-21,,华住集团(腾讯新闻转引),华住2025年二季度财报与CEO访谈,2025-08-20,C,https://view.inews.qq.com/a/20250820A0941800,华住中国Q2 ADR同比-2%至290元；为二季度财报口径，仅覆盖暑期6月，非暑运专口径；单集团披露非全行业
2025,暑假,酒店,热门目的地高品质酒店预订热度同比(同程),40,%,增长率,2025-07-01~2025-08-31,7-8月合计,同程自披露口径,平台GMV,平台自披露,实际,同比,62,增长率,2026-08-21,,同程旅行(网经社监测转载),同程2025暑期旅游消费新趋势盘点,2025-08,C,http://www.100ec.cn/zt/25sjlybg/bgxz%20.pdf,暑期国内热门目的地高品质酒店预订热度同比+40%，增速快于经济型；该平台自身口径，非全市场
2025,十一,交通出行,全社会跨区域人员流动量(8天),24.33,亿人次,水平值,2025-10-01至2025-10-08,8天,文旅部8天口径v1.0,交通运输-人员流动,官方总量,实际,同比,8,水平值,2026-08-21,,交通运输部,国庆中秋假期交通出行人数创历史新高,2025-10-09,A,https://www.gov.cn/lianbo/bumen/202510/content_7043688.htm,预计24.32亿；日均3.04亿，同比+6.3%；创历史新高；与营业性客运分列不可相加
2025,十一,交通出行,公路人员流动量(含非营业性小客车),22.47,亿人次,水平值,2025-10-01至2025-10-08,8天,文旅部8天口径v1.0,交通运输-人员流动,官方总量,实际,同比,8,水平值,2026-08-21,,交通运输部,国庆中秋假期跨区域人员流动量预计超24亿,2025-10-09,A,http://cpc.people.com.cn/n1/2025/1009/c64387-40578007.html,日均超2.8亿，+6.5%；含高速/普通国省道非营业性小客车+公路营业性客运
2025,十一,交通出行,国铁集团铁路发送旅客(12天运输),2.13,亿人次,水平值,2025-09-29至2025-10-10,12天,12天-口径,交通运输-客运,官方总量,实际,同比,8,水平值,2026-08-21,缺口-口径差异,国铁集团,铁路国庆中秋假期运输收官,2025-10-11,A,http://www.china-railway.com.cn/xwzx/ywsl/202510/t20251013_149197.html,9.29-10.10共12天；日均1776.3万，+8.6%；国铁发送货物1.37亿吨；与交运部8天1.53亿口径不同分列
2025,十一,交通出行,民航客运量(交运部8天口径),1917,万人次,水平值,2025-10-01至2025-10-08,8天,文旅部8天口径v1.0,交通运输-客运,官方总量,实际,同比,8,水平值,2026-08-21,,交通运输部,国庆中秋假期跨区域人员流动量预计超24亿,2025-10-09,A,http://cpc.people.com.cn/n1/2025/1009/c64387-40578007.html,日均240万，+3.4%
2025,十一,交通出行,民航旅客运输量(民航局预计),1920,万人次,水平值,2025-10-01至2025-10-08,8天,文旅部8天口径v1.0,交通运输-客运,官方总量,实际,同比,8,水平值,2026-08-21,缺口-预判待核对,民航局(央视),透过数据看假期出行热力十足,2025-09-30,A,https://news.cctv.cn/2025/09/30/ARTIbC9DIyz7ua4iMYjl2NXI250930.shtml,创历史同期最高水平；假期前预计值
2025,十一,交通出行,水路客运量,1167,万人次,水平值,2025-10-01至2025-10-08,8天,文旅部8天口径v1.0,交通运输-客运,官方总量,实际,同比,8,水平值,2026-08-21,,交通运输部,国庆中秋假期跨区域人员流动量预计超24亿,2025-10-09,A,http://cpc.people.com.cn/n1/2025/1009/c64387-40578007.html,日均146万，+4.2%
2025,十一,交通出行,铁路单日旅客发送量峰值(10.1),2313.2,万人次,水平值,2025-10-01,单日,单日-口径,交通运输-客运,官方总量,实际,同比,8,水平值,2026-08-21,,国铁集团,国庆中秋假期首日出行高峰,2025-10-09,A,http://wap.china-railway.com.cn/xwzx/mtjj/xhs/xinhuanet/202510/t20251010_149115.html,创单日旅客发送量历史新高
2025,十一,交通出行,铁路客运量(交运部8天口径),1.53,亿人次,水平值,2025-10-01至2025-10-08,8天,文旅部8天口径v1.0,交通运输-客运,官方总量,实际,同比,8,水平值,2026-08-21,,交通运输部,国庆中秋假期跨区域人员流动量预计超24亿,2025-10-09,A,http://cpc.people.com.cn/n1/2025/1009/c64387-40578007.html,日均1924万，+2.6%；与国铁12天口径2.13亿不同，分列
2025,十一,平台,出境游热门目的地机票预订量同比(去哪儿),30,%,水平值,2025-10-01至2025-10-08,8天,文旅部8天口径v1.0,平台订单,平台自披露,实际,同比,8,增长率,2026-08-21,,去哪儿,长假游观察,2025-10-09,C,https://tidenews.com.cn/news.html?id=3268443,超三成；该平台自身口径
2025,十一,平台,出境游预订覆盖国家/地区(飞猪),140,个,水平值,2025-10-01至2025-10-08,8天,文旅部8天口径v1.0,平台订单,平台自披露,实际,较去年,8,水平值,2026-08-21,,飞猪,国庆中秋将迎出游高峰,2025-09-24,C,http://paper.people.com.cn/rmrbhwb/pad/content/202509/24/content_30106713.html,覆盖140多个国家和地区，较去年大幅增加
2025,十一,平台,县域目的地预订单同比(美团),50,%,水平值,2025-10-01至2025-10-08,8天,文旅部8天口径v1.0,平台订单,平台自披露,实际,同比,8,增长率,2026-08-21,,美团,双节假期为消费注入活力,2025-10-09,C,https://static.weeklyonstock.com/25/1014/zbf175227.html,同比增长超五成
2025,十一,平台,对华免签俄罗斯出境预订同比(飞猪),200,%,水平值,2025-10-01至2025-10-08,8天,文旅部8天口径v1.0,平台订单,平台自披露,实际,同比,8,增长率,2026-08-21,,飞猪,国庆中秋将迎出游高峰,2025-09-24,C,http://paper.people.com.cn/rmrbhwb/pad/content/202509/24/content_30106713.html,同比增长近2倍；俄罗斯首次成出境前3热门
2025,十一,平台,韩国团队游产品订单同比(携程),357,%,水平值,2025-10-01至2025-10-08,8天,文旅部8天口径v1.0,平台订单,平台自披露,实际,同比,8,增长率,2026-08-21,,携程(环球网),免签政策打开中韩旅游新空间,2025-10-09,C,https://m.huanqiu.com/article/4OhZ6MN9FLU,韩国9.29限时免签证团政策落地后激增
2025,十一,总体,人均旅游消费支出(测算=8090.06/8.88),911,元,水平值,2025-10-01至2025-10-08,8天,文旅部8天口径v1.0,旅游总花费,媒体测算,推算,无,8,水平值,2026-08-21,缺口-测算,测算(基于文旅部数据),本报告推算,2026-08-21,D,https://www.gov.cn/lianbo/bumen/202510/content_7043743.htm,测算值；与实测分栏
2025,十一,总体,出游人次日均(推算=8.88/8),1.11,亿人次/天,水平值,2025-10-01至2025-10-08,8天,文旅部8天口径v1.0,旅游总花费,测算,推算,无,8,水平值,2026-08-21,缺口-测算,测算(基于文旅部数据),本报告推算,2026-08-21,D,https://www.gov.cn/lianbo/bumen/202510/content_7043743.htm,per-day等效值；D级推算
2025,十一,总体,出游总花费日均(推算=8090.06/8),1011.26,亿元/天,水平值,2025-10-01至2025-10-08,8天,文旅部8天口径v1.0,旅游总花费,测算,推算,无,8,水平值,2026-08-21,缺口-测算,测算(基于文旅部数据),本报告推算,2026-08-21,D,https://www.gov.cn/lianbo/bumen/202510/content_7043743.htm,per-day等效值；D级推算
2025,十一,总体,国内出游总花费,8090.06,亿元,水平值,2025-10-01至2025-10-08,8天,文旅部8天口径v1.0,旅游总花费,官方总量,实际,较2024(7天),8,水平值,2026-08-21,,文化和旅游部,国庆中秋假期文化和旅游市场情况,2025-10-09,A,https://www.gov.cn/lianbo/bumen/202510/content_7043743.htm,8天口径；较2024国庆7天+1081.89亿元；与商务部社零分列不可相加
2025,十一,总体,国内旅游出游人次,8.88,亿人次,水平值,2025-10-01至2025-10-08,8天,文旅部8天口径v1.0,旅游总花费,官方总量,实际,较2024(7天),8,水平值,2026-08-21,,文化和旅游部,国庆中秋假期文化和旅游市场情况,2025-10-09,A,https://www.gov.cn/lianbo/bumen/202510/content_7043743.htm,8天口径；较2024国庆7天+1.23亿人次；跨年须per-day折算
2025,十一,政策宏观,2025国庆中秋合并放假天数,8,天,水平值,2025-10-01至2025-10-08,8天,文旅部8天口径v1.0,政策宏观,官方总量,实际,无,8,水平值,2026-08-21,,国务院办公厅,关于2025年部分节假日安排的通知,2024-11-12,A,https://news.cctv.com/2024/11/12/ARTIpdPD9BFgB4TnLNXKtCgc241112.shtml,10月1日至8日放假调休共8天；9月28日、10月11日上班
2025,十一,政策宏观,78个步行街商圈客流量同比,8.8,%,水平值,2025-10-01至2025-10-07,7天,7天-口径,社零消费,商务部重点监测口径,实际,同比,8,增长率,2026-08-21,,商务部,消费市场人气旺亮点多,2025-10-09,A,https://www.bjnews.com.cn/detail/1760016990129085.html,10.1-7；营业额同比+6.0%
2025,十一,政策宏观,中外出入境人员,1634.3,万人次,水平值,2025-10-01至2025-10-08,8天,文旅部8天口径v1.0,出入境,官方总量,实际,同比,8,水平值,2026-08-21,,国家移民管理局,国庆中秋假期1634.3万人次出入境,2025-10-09,A,https://www.nia.gov.cn/n897453/c1745818/content.html,日均204.3万，+11.5%；单日峰值10.4日235.3万人次
2025,十一,政策宏观,入境外国人,75.1,万人次,水平值,2025-10-01至2025-10-08,8天,文旅部8天口径v1.0,出入境,官方总量,实际,同比,8,水平值,2026-08-21,,国家移民管理局,国庆中秋假期1634.3万人次出入境,2025-10-09,A,https://www.gov.cn/lianbo/bumen/202510/content_7043639.htm,+19.8%；内地居民出入境916.5万(+9.6%)、港澳台574.4万(+12.2%)、外国人143.4万(+21.6%)
2025,十一,政策宏观,全国重点零售和餐饮企业销售额同比(可比口径),2.7,%,水平值,2025-10-01至2025-10-08,8天,文旅部8天口径v1.0,社零消费,官方总量,实际,同比,8,增长率,2026-08-21,,商务部,国庆中秋假期全国重点零售和餐饮企业销售额增长,2025-10-09,A,https://www.gov.cn/lianbo/bumen/202510/content_7043739.htm,属社零口径，与旅游总花费不同家族不可相加
2025,十一,政策宏观,发放文旅消费补贴,4.8,亿元,水平值,2025-10-01至2025-10-08,8天,文旅部8天口径v1.0,政策宏观,官方总量,实际,无,8,水平值,2026-08-21,,文化和旅游部(商务部数据),2025国庆中秋消费观察,PUB,B,https://www.gov.cn/lianbo/bumen/202510/content_7043739.htm,全国举办超2.9万场文旅活动
2025,十一,政策宏观,海南离岛免税销售金额(双节),9.44,亿元,水平值,2025-10-01至2025-10-08,8天,文旅部8天口径v1.0,免税,官方总量,实际,同比,8,水平值,2026-08-21,,海口海关,中秋国庆双节期间海南离岛免税购物金额9.44亿元,2025-10-09,A,http://haikou.customs.gov.cn/haikou_customs/605732/605733/6766755/index.html,购物人数12.29万人次(+3.2%)、人均7685元(+10%)
2025,十一,政策宏观,消费相关行业日均销售收入同比,4.5,%,水平值,2025-10-01至2025-10-08,8天,文旅部8天口径v1.0,社零消费,官方总量,实际,同比,8,增长率,2026-08-21,,国家税务总局,增值税发票数据显示国庆中秋假期消费市场增势较好,2025-10-09,A,https://www.chinatax.gov.cn/chinatax/n810219/n810724/c5243524/content.html,商品消费+3.9%、服务消费+7.6%
2025,十一,政策宏观,珠宝首饰销售收入同比,41.1,%,水平值,2025-10-01至2025-10-08,8天,文旅部8天口径v1.0,社零消费,官方总量,实际,同比,8,增长率,2026-08-21,,国家税务总局,增值税发票数据显示国庆中秋假期消费市场增势较好,2025-10-09,A,https://www.chinatax.gov.cn/chinatax/n810219/n810724/c5243524/content.html,黄金价格上升带动；餐饮日均+15.7%、餐饮配送+28.8%
2025,十一,政策宏观,电商平台绿色有机食品销售额同比,27.9,%,水平值,2025-10-01至2025-10-08,8天,文旅部8天口径v1.0,社零消费,官方总量,实际,同比,8,增长率,2026-08-21,,商务部,消费市场人气旺亮点多,2025-10-09,A,https://www.gov.cn/lianbo/bumen/202510/content_7043739.htm,主要电商平台；智能家居+14.3%、国潮服装+14.1%
2025,十一,政策宏观,适用免签政策入境人数,53.5,万人次,水平值,2025-10-01至2025-10-08,8天,文旅部8天口径v1.0,出入境,官方总量,实际,同比,8,水平值,2026-08-21,,国家移民管理局,国庆中秋假期1634.3万人次出入境,2025-10-09,A,https://www.gov.cn/lianbo/bumen/202510/content_7043639.htm,同比+46.8%；免签政策红利持续释放
2025,十一,政策宏观,通讯器材销售收入同比,18.8,%,水平值,2025-10-01至2025-10-08,8天,文旅部8天口径v1.0,社零消费,官方总量,实际,同比,8,增长率,2026-08-21,,国家税务总局,增值税发票数据显示国庆中秋假期消费市场增势较好,2025-10-09,A,https://www.chinatax.gov.cn/chinatax/n810219/n810724/c5243524/content.html,政策补贴叠加金九银十；汽车+12.6%(新能源+14.7%)
2025,十一,政策宏观,银联网联共处理支付交易金额,13.26,万亿元,水平值,2025-10-01至2025-10-08,8天,文旅部8天口径v1.0,支付,官方总量,实际,同比,8,水平值,2026-08-21,,中国人民银行(新华网),国庆中秋假期银联、网联支付数据,PUB,A,http://www.xinhuanet.com/20251009/50f4254185fe444192d9578ccee0cfd5/c.html,支付笔数415.52亿笔(较去年+95.23亿)，金额较去年+1.86万亿；跨境消费猛增
2025,十一,新消费,北京营业性演出票房收入,2.18,亿元,水平值,2025-10-01至2025-10-08,8天,文旅部8天口径v1.0,演出,官方总量,实际,同比,8,水平值,2026-08-21,,北京市文化和旅游局(北京商报),国庆中秋假期北京市举办营业性演出,2025-10-09,B,https://finance.sina.com.cn/jjxw/2025-10-08/doc-inftetxh3106585.shtml,2497场，观众约67万；票房同比+约118%
2025,十一,新消费,国庆档电影票房,18.35,亿元,水平值,2025-10-01至2025-10-08,8天,文旅部8天口径v1.0,电影,官方总量,实际,同比,8,水平值,2026-08-21,,国家电影局,2025年国庆档电影票房为18.35亿元,2025-10-09,A,https://www.chinafilm.gov.cn/xwzx/gzdt/202510/t20251009_934057.html,观影人次5007万；场次314.66万场(+12.82%)；平均票价36.64元(-9.28%)；国产占比98.93%
2025,十一,新消费,国庆档观影人次,5007,万人次,水平值,2025-10-01至2025-10-08,8天,文旅部8天口径v1.0,电影,官方总量,实际,同比,8,水平值,2026-08-21,,国家电影局,2025年国庆档电影票房为18.35亿元,2025-10-09,A,https://www.chinafilm.gov.cn/xwzx/gzdt/202510/t20251009_934057.html,
2025,十一,新消费,景德镇飞猪订单量同比,60,%,水平值,2025-10-01至2025-10-08,8天,文旅部8天口径v1.0,平台订单,平台自披露,实际,同比,8,增长率,2026-08-21,,飞猪(财联社),超级黄金周旅游换挡景德镇成顶流,2025-10-09,C,https://m.cls.cn/detail/2163655,鸡排摊主走红带火；携程景德镇整体订单+近40%、抖音当地团购+83%、陶瓷手作商户+35%；≥2独立机构印证
2025,十一,新消费,演出项目总观演人次(10.1-6),194,万人次,水平值,2025-10-01至2025-10-06,6天,6天-口径,演出,虎鲸文娱口径,实际,同比,8,水平值,2026-08-21,,虎鲸文娱,2025国庆假期文娱消费报告,2025-10-08,C,http://www.bbtnews.com.cn/2025/1008/571751.shtml,同比+39.5%；音乐节观演+66.6%、演唱会+39.7%；演出项目超3100个近1.5万场
2025,十一,旅行社,出境长线跟团游同比(同程),100,%,水平值,2025-10-01至2025-10-08,8天,文旅部8天口径v1.0,平台订单,平台自披露,实际,同比,8,增长率,2026-08-21,,同程旅行,国庆中秋假期出游报告,2025-10-09,C,http://www.ce.cn/cysc/newmain/yc/jsxw/202510/t20251010_2509708.shtml,同比增长近1倍；明显高于出境短线
2025,十一,旅行社,非一线城市欧洲跟团游同比,140,%,水平值,2025-10-01至2025-10-08,8天,文旅部8天口径v1.0,平台订单,平台自披露,实际,同比,8,增长率,2026-08-21,,同程旅行,国庆中秋假期出游报告,2025-10-09,C,http://www.ce.cn/cysc/newmain/yc/jsxw/202510/t20251010_2509708.shtml,超过140%；下沉市场偏好集中释放
2025,十一,旅行社,非一线城市美洲跟团游同比,32,%,水平值,2025-10-01至2025-10-08,8天,文旅部8天口径v1.0,平台订单,平台自披露,实际,同比,8,增长率,2026-08-21,,同程旅行,国庆中秋假期出游报告,2025-10-09,C,http://www.ce.cn/cysc/newmain/yc/jsxw/202510/t20251010_2509708.shtml,同比增长超过32%
2025,十一,景区目的地,上海接待游客,2548.5,万人次,水平值,2025-10-01至2025-10-08,8天,文旅部8天口径v1.0,城市消费,官方总量,实际,同比,8,水平值,2026-08-21,,上海旅游大数据监测(市政府),国庆中秋假日上海接待游客2548.5万人次,PUB,A,https://www.shanghai.gov.cn/nw31406/20251009/d3a47b3160214af28f1a60ff35f1d9ab.html,同比+19.74%；宾馆旅馆平均出租率63.70%(+3.9pp)
2025,十一,景区目的地,北京接待游客,2509.4,万人次,水平值,2025-10-01至2025-10-08,8天,文旅部8天口径v1.0,城市消费,官方总量,实际,同比,8,水平值,2026-08-21,,北京市文化和旅游局(新华网),国庆中秋假期北京游客接待量双增长,2025-10-08,A,http://www.news.cn/20251008/12d5f8067c824b518ae14e5b178586d5/c.html,同比+3.6%
2025,十一,景区目的地,北京旅游总花费,316.5,亿元,水平值,2025-10-01至2025-10-08,8天,文旅部8天口径v1.0,城市消费,官方总量,实际,同比,8,水平值,2026-08-21,,北京市文化和旅游局(新华网),国庆中秋假期北京游客接待量双增长,2025-10-08,A,http://www.news.cn/20251008/12d5f8067c824b518ae14e5b178586d5/c.html,同比+4.7%
2025,十一,景区目的地,广东接待游客,6517.6,万人次,水平值,2025-10-01至2025-10-08,8天,文旅部8天口径v1.0,城市消费,官方总量,实际,较2024(7天),8,水平值,2026-08-21,,广东省文化和旅游厅(央视),全国多个省份公布国庆中秋假期成绩单,2025-10-09,B,http://big5.cctv.com/gate/big5/news.cctv.cn/2025/10/09/ARTIsEk7JwGycd1U5f2Uym11251009.shtml,较2024国庆7天+11.5%；4A及以上景区接待2421.9万人次
2025,十一,景区目的地,广东旅游收入,613.2,亿元,水平值,2025-10-01至2025-10-08,8天,文旅部8天口径v1.0,城市消费,官方总量,实际,较2024(7天),8,水平值,2026-08-21,,广东省文化和旅游厅(央视),全国多个省份公布国庆中秋假期成绩单,2025-10-09,B,http://big5.cctv.com/gate/big5/news.cctv.cn/2025/10/09/ARTIsEk7JwGycd1U5f2Uym11251009.shtml,较2024国庆7天+14.2%
2025,十一,景区目的地,江苏接待国内游客,6075.15,万人次,水平值,2025-10-01至2025-10-08,8天,文旅部8天口径v1.0,城市消费,官方总量,实际,同比,8,水平值,2026-08-21,,江苏省文化和旅游厅,国庆中秋假日江苏文旅市场情况,2025-10-09,A,https://www.mct.gov.cn/whzx/qgwhxxlb/js/202510/t20251009_962534.htm,同比+24.48%
2025,十一,景区目的地,江苏游客总花费,644.93,亿元,水平值,2025-10-01至2025-10-08,8天,文旅部8天口径v1.0,城市消费,官方总量,实际,同比,8,水平值,2026-08-21,,江苏省文化和旅游厅,国庆中秋假日江苏文旅市场情况,2025-10-09,A,https://www.mct.gov.cn/whzx/qgwhxxlb/js/202510/t20251009_962534.htm,同比+23.73%；全国省份旅游收入第一
2025,十一,景区目的地,河南接待游客,8136.3,万人次,水平值,2025-10-01至2025-10-08,8天,文旅部8天口径v1.0,城市消费,官方总量,实际,较去年同期,8,水平值,2026-08-21,,河南省文化和旅游厅,2025年河南国庆中秋假期文旅市场综述,2025-10-09,A,http://www.mct.gov.cn/whzx/qgwhxxlb/hn/202510/t20251009_962527.htm,受降雨影响，为去年同期89.1%(同比-10.9%)
2025,十一,景区目的地,河南旅游收入,539.1,亿元,水平值,2025-10-01至2025-10-08,8天,文旅部8天口径v1.0,城市消费,官方总量,实际,较去年同期,8,水平值,2026-08-21,,河南省文化和旅游厅,2025年河南国庆中秋假期文旅市场综述,2025-10-09,A,http://www.mct.gov.cn/whzx/qgwhxxlb/hn/202510/t20251009_962527.htm,为去年同期83.4%(同比-16.6%)；降雨影响
2025,十一,景区目的地,湖北A级景区接待游客,2036.34,万人次,水平值,2025-10-01至2025-10-08,8天,文旅部8天口径v1.0,城市消费,官方总量,实际,同比,8,水平值,2026-08-21,,湖北省文化和旅游厅,2025年国庆中秋假日湖北省文化和旅游市场情况,2025-10-08,A,http://wlt.hubei.gov.cn/bmdt/dtyw/202510/t20251008_5784391.shtml,同比+12.9%；星级饭店平均出租率69.7%(+6.5pp)
2025,十一,游客画像,假期出行客单价同比(飞猪),14.6,%,水平值,2025-10-01至2025-10-08,8天,文旅部8天口径v1.0,平台订单,平台自披露,实际,同比,8,增长率,2026-08-21,,飞猪,双节旅游消费盘点,2025-10-09,C,http://travel.china.com.cn/txt/2025-10/11/content_118118148.shtml,95后预订人次占比最高；该平台自身口径
2025,十一,游客画像,出境包车游订单同比(携程),120,%,水平值,2025-10-01至2025-10-08,8天,文旅部8天口径v1.0,平台订单,平台自披露,实际,同比,8,增长率,2026-08-21,,携程,2025国庆中秋双节旅游报告,2025-10-08,C,http://www.100ec.cn/detail--6652628.html,出境化深度化；该平台自身口径
2025,十一,游客画像,国内长途游订单占比提升,3,个百分点,水平值,2025-10-01至2025-10-08,8天,文旅部8天口径v1.0,平台订单,平台自披露,实际,同比,8,增长率,2026-08-21,,携程,2025国庆中秋双节旅游报告,2025-10-08,C,http://www.news.cn/travel/20251009/c1a67b2aab8742729cf12526e596ba75/c.html,该平台自身口径，非全市场
2025,十一,游客画像,夜游搜索热度环比(携程),200,%,水平值,2025-10-01至2025-10-08,8天,文旅部8天口径v1.0,平台订单,平台自披露,实际,环比,8,增长率,2026-08-21,,携程,双节旅游消费盘点,2025-10-09,C,http://travel.china.com.cn/txt/2025-10/11/content_118118148.shtml,浦东美术馆/南京博物院夜间场次+超5倍；该平台口径
2025,十一,跨年可比,2024国庆出游日均(推算=7.65/7),1.09,亿人次/天,水平值,2024-10-01至2024-10-07,7天,7天-口径,旅游总花费,测算口径,推算,同比,7,水平值,2026-08-21,缺口-测算,测算(基于文旅部数据),本报告推算,2026-08-21,D,https://www.gov.cn/lianbo/bumen/202510/content_7043743.htm,per-day等效值
2025,十一,跨年可比,2024国庆国内出游总花费(7天),7008.17,亿元,水平值,2024-10-01至2024-10-07,7天,7天-口径,旅游总花费,文旅部7天口径,实际,同比,7,水平值,2026-08-21,,文化和旅游部(据2025发布反推),国庆中秋假期文化和旅游市场情况,2025-10-09,D,https://www.gov.cn/lianbo/bumen/202510/content_7043743.htm,=8090.06-1081.89；2024为7天
2025,十一,跨年可比,2024国庆国内旅游出游人次(7天),7.65,亿人次,水平值,2024-10-01至2024-10-07,7天,7天-口径,旅游总花费,文旅部7天口径,实际,同比,7,水平值,2026-08-21,,文化和旅游部(据2025发布反推),国庆中秋假期文化和旅游市场情况,2025-10-09,D,https://www.gov.cn/lianbo/bumen/202510/content_7043743.htm,=8.88-1.23；2024为7天，跨年对比须per-day折算
2025,十一,跨年可比,2024国庆总花费日均(推算=7008.17/7),1001.17,亿元/天,水平值,2024-10-01至2024-10-07,7天,7天-口径,旅游总花费,测算口径,推算,同比,7,水平值,2026-08-21,缺口-测算,测算(基于文旅部数据),本报告推算,2026-08-21,D,https://www.gov.cn/lianbo/bumen/202510/content_7043743.htm,per-day等效值
2025,十一,跨年可比,2026全年国内出游人次(全年预计),57,亿人次,水平值,2026-10-01至2026-10-07(预计),7天(预计),预测台账,旅游总花费,预测,预计,较2025,7,水平值,2026-08-21,预判待回填,本报告预测,2025十一前瞻台账,2026-08-21,D,https://www.gov.cn/lianbo/bumen/202510/content_7043743.htm,预测ID=2026全年-F01；中心值+区间+置信度;须per-day折算后回看;非实测
2025,十一,跨年可比,2026十一国内出游人次(7天预计),7.6,亿人次,水平值,2026-10-01至2026-10-07(预计),7天(预计),预测台账,旅游总花费,预测,预计,较2025,7,水平值,2026-08-21,预判待回填,本报告预测,2025十一前瞻台账,2026-08-21,D,https://www.gov.cn/lianbo/bumen/202510/content_7043743.htm,预测ID=2026十一-F01；中心值+区间+置信度;须per-day折算后回看;非实测
2025,十一,跨年可比,2026十一国内出游总花费(7天预计),7200,亿元,水平值,2026-10-01至2026-10-07(预计),7天(预计),预测台账,旅游总花费,预测,预计,较2025,7,水平值,2026-08-21,预判待回填,本报告预测,2025十一前瞻台账,2026-08-21,D,https://www.gov.cn/lianbo/bumen/202510/content_7043743.htm,预测ID=2026十一-F02；中心值+区间+置信度;须per-day折算后回看;非实测
2025,十一,跨年可比,出游人次per-day同比(2025 vs 2024),1.6,%,水平值,2025vs2024,8天vs7天,8天vs7天-口径,旅游总花费,测算口径,推算,同比,8,水平值,2026-08-21,缺口-测算,测算(基于文旅部数据),本报告推算,2026-08-21,D,https://www.gov.cn/lianbo/bumen/202510/content_7043743.htm,=1.11/1.09-1；8天与7天已per-day归一，非未折算绝对增量
2025,十一,跨年可比,出游总花费per-day同比(2025 vs 2024),1.0,%,水平值,2025vs2024,8天vs7天,8天vs7天-口径,旅游总花费,测算口径,推算,同比,8,水平值,2026-08-21,缺口-测算,测算(基于文旅部数据),本报告推算,2026-08-21,D,https://www.gov.cn/lianbo/bumen/202510/content_7043743.htm,=1011.26/1001.17-1；per-day归一
2025,十一,酒店,上海宾馆旅馆平均客房出租率,63.70,%,水平值,2025-10-01至2025-10-08,8天,文旅部8天口径v1.0,酒店经营,官方总量,实际,同比,8,水平值,2026-08-21,,上海旅游大数据监测(市政府),国庆中秋假日上海接待游客2548.5万人次,2025-10-09,A,https://www.shanghai.gov.cn/nw31406/20251009/d3a47b3160214af28f1a60ff35f1d9ab.html,同比+3.9个百分点
2025,十一,酒店,华住集团ADR,393,元,水平值,2025-10-01至2025-10-08,8天,文旅部8天口径v1.0,酒店经营,平台自披露,实际,同比,8,水平值,2026-08-21,,华住集团(xueqiu),国庆酒店市场表现,2025-10-12,C,https://ai.xueqiu.com/4692149509/356180357,同比+4%
2025,十一,酒店,华住集团OCC,88.2,%,水平值,2025-10-01至2025-10-08,8天,文旅部8天口径v1.0,酒店经营,平台自披露,实际,同比,8,水平值,2026-08-21,,华住集团(xueqiu),国庆酒店市场表现,2025-10-12,C,https://ai.xueqiu.com/4692149509/356180357,同比+1.1个百分点
2025,十一,酒店,华住集团RevPAR,346.6,元,水平值,2025-10-01至2025-10-08,8天,文旅部8天口径v1.0,酒店经营,平台自披露,实际,同比,8,水平值,2026-08-21,,华住集团(xueqiu),国庆酒店市场表现,2025-10-12,C,https://ai.xueqiu.com/4692149509/356180357,同比+5.1%
2025,十一,酒店,华住集团假期接待人次,1055,万人次,水平值,2025-10-01至2025-10-08,8天,文旅部8天口径v1.0,酒店经营,平台自披露,实际,同比,8,水平值,2026-08-21,,华住集团(华夏时报),2025年超级黄金周酒店业观察,2025-10-10,C,http://m.toutiao.com/group/7559965122895151662/,同比+36%；外宾5.7万(+75%)；整体入住率超80%，10.3高峰超98%，8100+门店满房
2025,十一,酒店,国内热门城市酒店预订量同比(去哪儿),20,%,水平值,2025-10-01至2025-10-08,8天,文旅部8天口径v1.0,酒店经营,平台自披露,实际,同比,8,增长率,2026-08-21,,去哪儿,长假游观察,2025-10-09,C,https://tidenews.com.cn/news.html?id=3268443,超过两成；该平台自身口径
2025,十一,酒店,锦江(中国区)假期接待人次,1300,万人次,水平值,2025-10-01至2025-10-08,8天,文旅部8天口径v1.0,酒店经营,平台自披露,实际,同比,8,水平值,2026-08-21,,锦江酒店(华夏时报),2025年超级黄金周酒店业观察,2025-10-10,C,http://m.toutiao.com/group/7559965122895151662/,同比+30%；华住+锦江合计接待冲破2350万人次
2026,春节,交通出行,全社会跨区域人员流动单日峰值,3.8,亿人次,总量,2026-02-22,(2026-02-22 正月初六),9天口径,交通流动量,实测,实际,历史峰值,9天口径,水平值,2026-08-21,无,交通运输部,春节假期超28亿人次出行(央视网),2026-02-24,A,https://news.cctv.cn/2026/02/24/ARTIFzp0xk6fW3ApP19nxUco260224.shtml,正月初六单日3.8亿人次，单日峰值创历史新高
2026,春节,交通出行,全社会跨区域人员流动量(春节9天),28.08,亿人次,总量,2026-02-15,2026-02-15至2026-02-23(9天),9天口径,交通流动量,实测,实际,2025春节日均,9天口径,水平值,2026-08-21,无,交通运输部,2026年春节假期交通出行活力澎湃(新华社),2026-02-24,A,https://app.xinhuanet.com/news/article.html?articleId=3fa285c3e4b292af6bad58b1bd62d57d,日均3.11亿，同比+8.2%，创历史新高
2026,春节,交通出行,"公路人员流动量(春节假期,含自驾)",26.5,亿人次,总量,2026-02-15,2026-02-15至2026-02-23(9天),9天口径,交通流动量,实测,实际,无,9天口径,水平值,2026-08-21,无,交通运输部,春节假期超28亿人次出行(央视网),2026-02-24,A,https://news.cctv.cn/2026/02/24/ARTIFzp0xk6fW3ApP19nxUco260224.shtml,26.5亿人次选择公路出行，自驾出行占比86%；{公路人员流动量}≠{p公共客运量}，与铁/民/水分列
2026,春节,交通出行,春运40天全社会跨区域人员流动量,94.1,亿人次,总量,2026-02-02至2026-03-13,春运40天(2026-02-02至03-13),春运口径,交通流动量,实测,实际,2025春运,40天口径,水平值,2026-08-21,无,交通运输部,2026年春运圆满收官 94亿人次奔赴美好,2026-03-15,A,https://www.mot.gov.cn/xinwen/jiaotongyaowen/202603/t20260316_4201909.html,日均2.35亿，较2025春运+4.3%，创历史新高
2026,春节,交通出行,春运民航客运量,9439,万人次,总量,2026-02-02至2026-03-13,春运40天,春运口径,交通客运,实测,实际,2025春运,40天口径,水平值,2026-08-21,无,中国民航局,2026年春运圆满收官(交通运输部),2026-03-16,A,https://www.mot.gov.cn/xinwen/jiaotongyaowen/202603/t20260316_4201909.html,日均236万人次，同比+4.6%
2026,春节,交通出行,春运水路客运量,3595,万人次,总量,2026-02-02至2026-03-13,春运40天,春运口径,交通客运,实测,实际,2025春运,40天口径,水平值,2026-08-21,无,交通运输部,2026年春运圆满收官(央视网),2026-03-13,A,https://news.cctv.cn/2026/03/13/ARTISvOMlQmYBnwDjhkr5sOd260313.shtml,日均90万人次，同比+15.2%
2026,春节,交通出行,春运营业性客运量,19.5,亿人次,总量,2026-02-02至2026-03-13,春运40天,春运口径,交通客运,实测,实际,2025春运,40天口径,水平值,2026-08-21,无,交通运输部/国家发改委,2026年春运圆满收官(发改委),2026-03-16,A,https://www.ndrc.gov.cn/fggz/202603/t20260316_1404160_ext.html,同比+5.1%；营业性客运量与公路非营业性小客车(自驾)分列
2026,春节,交通出行,春运铁路客运量,5.4,亿人次,总量,2026-02-02至2026-03-13,春运40天,春运口径,交通客运,实测,实际,2025春运,40天口径,水平值,2026-08-21,无,交通运输部/国铁集团,2026年春运圆满收官(交通运输部),2026-03-16,A,https://www.mot.gov.cn/xinwen/jiaotongyaowen/202603/t20260316_4201909.html,日均1344万人次，同比+4.8%
2026,春节,交通出行,春运非营业性小客车(自驾)出行量,74.6,亿人次,总量,2026-02-02至2026-03-13,春运40天,春运口径,交通流动量,实测,实际,2025春运,40天口径,水平值,2026-08-21,无,交通运输部/国家发改委,2026年春运圆满收官(发改委),2026-03-16,A,https://www.ndrc.gov.cn/fggz/202603/t20260316_1404160_ext.html,同比+4.1%，占比约八成；自驾口径非客运量
2026,春节,交通出行,民航客运量(春节假期),2205,万人次,总量,2026-02-15,2026-02-15至2026-02-23(9天),9天口径,交通客运,实测,实际,2025春节同期9天,9天口径,水平值,2026-08-21,无,中国民航局,2026年春节9天假期民航运输旅客2205万人次(中新网),2026-02-24,A,http://www.chinanews.com.cn/sh/2026/02-24/10575781.shtml,日均245万人次，较2025春运同期(9天)日均+7.7%；保障航班17.1万班
2026,春节,交通出行,铁路发送货物(春节假期),8538,万吨,总量,2026-02-15,2026-02-15至2026-02-23(9天),9天口径,交通货运,实测,实际,2025春节,9天口径,水平值,2026-08-21,无,国铁集团,史上最长春节假期铁路客货运量双增长,2026-02-24,A,http://railway.china.com.cn/2026-02/25/content_118345561.shtml,同比+0.5%；客货运输量质齐升
2026,春节,交通出行,铁路客运量(春节假期),1.21,亿人次,总量,2026-02-15,2026-02-15至2026-02-23(9天),9天口径,交通客运,实测,实际,2025春节,9天口径,水平值,2026-08-21,无,国铁集团,史上最长春节假期铁路客货运量双增长(中国网),2026-02-24,A,http://railway.china.com.cn/2026-02/25/content_118345561.shtml,"春节假期(腊月二十八至正月初七)累计发送旅客1.21亿,同比+11.5%；系春运集帝，非春节全称口径"
2026,春节,政策与宏观,78个重点步行街(商圈)客流量/营业额同比,+6.7/+7.5,复合,复合,2026-02-15,2026-02-15至2026-02-23(9天),日均口径,零售餐饮,实测,实际,2025春节,9天口径,复合,2026-08-21,无,商务部(重点监测),新闻联播:春节假期消费市场人气足,2026-02-25,A,https://tv.cctv.cn/2026/02/25/VIDEuMSEpFezxrPQOjr1mmrT260225.shtml,客流量+6.7%、营业额+7.5%
2026,春节,政策与宏观,全国重点零售和餐饮企业日均销售额同比(较2025春节),+5.7,%,比率,2026-02-15,2026-02-15至2026-02-23(9天),日均口径,零售餐饮,实测,实际,2025春节,9天口径,增速,2026-08-21,无,商务部(商务大数据监测),新闻联播:春节假期消费市场人气足,2026-02-25,A,https://tv.cctv.cn/2026/02/25/VIDEuMSEpFezxrPQOjr1mmrT260225.shtml,重点监测企业日均销售额较2025春节+5.7%，增速加快1.6pct；商务大数据口径
2026,春节,政策与宏观,消费品以旧换新惠及人数(截至2/22),3053.2,万人次,总量,截至2026-02-22,(截至2026-02-22),累计口径,零售餐饮,实测,实际,无,9天口径,水平值,2026-08-21,无,商务部,马年春节消费迎开门红(新浪),2026-02-24,A,https://finance.sina.com.cn/tech/roll/2026-02-24/doc-inhnxnuh8712379.shtml,以旧换新两大礼包；与春节假期消费提振政策互促
2026,春节,政策与宏观,消费相关行业日均销售收入同比(增值税发票),+13.7,%,比率,2026-02-15,2026-02-15至2026-02-23(9天),日均口径,零售餐饮,实测,实际,2025春节,9天口径,增速,2026-08-21,无,国家税务总局,增值税发票数据显示春节假期消费市场火热,2026-02-24,A,https://www.gov.cn/lianbo/202602/content_7059059.htm,日均口径较上年春节+13.7%；消费产品凸显智慧化绿色化
2026,春节,新消费,"全国外卖市场规模(春节,平台汇总)",980,亿元,总量,2026-02-15,2026-02-15至2026-02-23(9天),9天口径,外卖消费,平台披露,实际,2025春节,9天口径,水平值,2026-08-21,无,美团等平台,史上最长春节餐饮业成绩单(职业餐饮网),2026-02-25,C,http://www.canyin168.com/Article/xw/81183.html,同比增长26.7%；广东乡镇外卖订单+72%，下沉市场扩张；平台汇总口径
2026,春节,新消费,非遗“市集”/“演艺”团购销售额同比,+764/+117,复合,复合,2026-02-15,2026-02-15至2026-02-23(9天),9天口径,非遗消费,平台披露,实际,2025春节,9天口径,复合,2026-08-21,无,抖音生活服务,央视网:新春消费观察(非遗经济),2026-02-24,C,https://finance.cctv.com/2026/02/24/ARTIUFiiWySbdA8thUzu2nVv260224.shtml,非遗市集+764%、非遗演艺+117%；抖音自身口径，非全市场；与文旅部“非遗过大年”定性交叉印证
2026,春节,新消费,飞猪AI订单量较节前,+800,%,比率,2026-02-15,2026-02-15至2026-02-23(9天),9天口径,AI消费,平台披露,实际,节前平均,9天口径,增速,2026-08-21,无,飞猪,央视网:新春消费观察(AI当管家),2026-02-24,C,https://finance.cctv.com/2026/02/24/ARTIUFiiWySbdA8thUzu2nVv260224.shtml,AI订门票订单量大增超24倍；该平台自身口径非全市场；与税务总局“智能化绿色化”交叉印证
2026,春节,旅游行业平台,同程春节国内出游人数预订量同比,+300,%,比率,2026-02-15,2026-02-15至2026-02-23(9天),9天口径,平台订单,平台披露,实际,2025春节,9天口径,增速,2026-08-21,无,同程旅行,OTA报告中的春节风向标(读创),2026-02-20,C,http://m.toutiao.com/group/7601067704136647211/,平台口径，非全市场；出游人数预订量激增来源识别为同程披露
2026,春节,旅游行业平台,携程入境机票日均订单同比,+21.29,%,比率,2026-02-15,2026-02-15至2026-02-23(9天),9天口径,跨境,平台披露,实际,2025春节,9天口径,增速,2026-08-21,无,携程,人民网:多平台出行数据折射消费活力,2026-02-25,C,http://finance.people.com.cn/n1/2026/0225/c1004-40670073.html,平台口径；入境游订单增长强劲
2026,春节,旅游行业平台,飞猪出境游机票/酒店/当地玩乐订单同比,+30,%,比率,2026-02-15,2026-02-15至2026-02-23(9天),9天口径,跨境,平台披露,实际,2025春节,9天口径,增速,2026-08-21,无,飞猪,华泰联合解读:2026春节消费亮点,2026-02-25,C,https://finance.sina.com.cn/stock/stockzmt/2026-02-25/doc-inhnyyvs5260344.shtml,假期前三天出境游机票/当地玩乐订单较去年同比增超30%；平台口径
2026,春节,旅游行业平台,飞猪国内门票订单量同比,+80,%,比率,2026-02-15,2026-02-15至2026-02-23(9天),9天口径,平台订单,平台披露,实际,2025春节,9天口径,增速,2026-08-21,无,飞猪,飞猪2026春节出游数据(齐鲁网),2026-02-25,C,http://news.iqilu.com/yangmei/20260225/5893720.shtml,该平台自身口径，非全市场；国内游订单量创新高
2026,春节,旅游行业平台,飞猪酒店间夜量同比,+75,%,比率,2026-02-15,2026-02-15至2026-02-23(9天),9天口径,平台订单,平台披露,实际,2025春节,9天口径,增速,2026-08-21,无,飞猪,飞猪2026春节出游数据(齐鲁网),2026-02-25,C,http://news.iqilu.com/yangmei/20260225/5893720.shtml,平台口径；国内游人均预订金额较去年提升约10%
2026,春节,旅行社,6人游出境游整体预订量同比,+约50,%,比率,2026-02-15,2026-02-15至2026-02-23(9天),9天口径,跟团游,平台披露,实际,2025春节,9天口径,增速,2026-08-21,无,6人游(定制旅行),“最长”春节带火出境游(中新网),2026-01-13,C,http://www.chinanews.com.cn/cj/2026/01-13/10550709.shtml,长线游热度更高，短线转向中长线；单机构口径
2026,春节,旅行社,众信旅游短途/长途出境游出游人数同比,+160/+60,复合,复合,2026-02-15,2026-02-15至2026-02-23(9天),9天口径,跟团游,平台披露,实际,2025春节,9天口径,复合,2026-08-21,无,众信旅游,旅行社春节复工复产数据(研报/公开播报),2026-02-20,C,https://www.docin.com/touch_new/preview_new.do?id=4936424364,短线+160%、长线+60%；单机构口径，非全市场
2026,春节,旅行社,途牛入境定制游订单量同比,+130,%,比率,2026-02-15,2026-02-15至2026-02-23(9天),9天口径,跟团游,平台披露,实际,2025春节,9天口径,增速,2026-08-21,无,途牛,中国城市报:团圆方式迭代(平台赋能),2026-03-02,C,http://paper.people.com.cn/zgcsb/pad/content/202603/02/content_30143049.html,入境定制游订单+130%，联动景区提体验；平台/机构口径
2026,春节,景区数据,春节档三、四线城市票房占比,54,%,比率,2026-02-17至2026-02-23,春节档(初一至初七),春节档口径,文娱演出,实测,实际,历年最高,7天口径,占比,2026-08-21,无,国家电影局,2026春节档市场火热 中国电影领跑全球(中新网),2026-02-24,A,http://m.chinanews.com/wap/detail/cht/zw/10577409.shtml,三四线城市票房占比54%，为历年最高；下沉市场结构特征
2026,春节,景区数据,春节档平均票价,47.8,元,总量,2026-02-17至2026-02-23,春节档(初一至初七),春节档口径,文娱演出,实测,实际,2025春节档,7天口径,水平值,2026-08-21,无,国家电影局,2026年春节档平均票价降至6年最低,2026-02-24,A,https://www.chinafilm.gov.cn/xwzx/ywxx/202602/t20260224_954180.html,平均票价同比下降6%，票价更惠民
2026,春节,景区数据,春节档总场次,435,万场,总量,2026-02-17至2026-02-23,春节档(初一至初七),春节档口径,文娱演出,实测,实际,历史纪录,7天口径,水平值,2026-08-21,无,国家电影局,435万场，春节档观影场次创纪录,2026-02-24,A,https://www.chinafilm.gov.cn/xwzx/ywxx/202602/t20260224_954180.html,创中国影史春节档总场次纪录
2026,春节,景区数据,春节档电影票房,57.52,亿元,总量,2026-02-17至2026-02-23,春节档(初一至初七),春节档口径,文娱演出,实测,实际,2025春节档,7天口径,水平值,2026-08-21,无,国家电影局,2026年春节档总票房57.52亿元,2026-02-24,A,https://www.chinafilm.gov.cn/xwzx/ywxx/202602/t20260224_954180.html,春节档=大年初一至初七(7天)；场均票价格局见R13
2026,春节,景区数据,春节档观影人次,1.2,亿人次,总量,2026-02-17至2026-02-23,春节档(初一至初七),春节档口径,文娱演出,实测,实际,2025春节档,7天口径,水平值,2026-08-21,无,国家电影局,2026年春节档总票房57.52亿元,2026-02-24,A,https://www.chinafilm.gov.cn/xwzx/ywxx/202602/t20260224_954180.html,春节档7天
2026,春节,游客画像,"2025国内出游总花费日均水平(测算,per-day)",846.25,亿元/天,日均,2025-01-28至2025-02-04,2025春节(8天),日均口径,旅游收入,测算,推算,无,8天口径,水平值,2026-08-21,缺口-测算,测算(=6770.02亿元/8天),派生,2025-02-05,D,https://www.mct.gov.cn/wlbphone/wlbydd/xxfb/jiaodianxinwen/202502/t20250205_958229.html,测算D级；作per-day同比基期
2026,春节,游客画像,"2025国内出游日均水平(测算,per-day)",0.626,亿人次/天,日均,2025-01-28至2025-02-04,2025春节(8天),日均口径,出游规模,测算,推算,无,8天口径,水平值,2026-08-21,缺口-测算,测算(=5.01亿/8天),派生,2025-02-05,D,https://www.mct.gov.cn/wlbphone/wlbydd/xxfb/jiaodianxinwen/202502/t20250205_958229.html,测算D级；作per-day同比基期
2026,春节,游客画像,"2025春节人均旅游消费(per-trip,测算)",1351.30,元/人次,人均trip,2025-01-28至2025-02-04,2025春节(8天),8天口径,旅游收入,测算,推算,无,8天口径,水平值,2026-08-21,缺口-测算,测算(=6770.02亿元/5.01亿人次),派生自文旅部2025数据,2025-02-05,D,https://www.mct.gov.cn/wlbphone/wlbydd/xxfb/jiaodianxinwen/202502/t20250205_958229.html,测算D级；供R06 per-trip同比
2026,春节,游客画像,2026全年国内旅游出游人次(中长期预测),有望突破60(区间58-63),亿人次,总量,2026全年,2026全年口径(待回填),全年口径(待回填),出游规模,测算,预计,无,365天口径,水平值,2026-08-21,预判待回填,基于2026春节per-day稳态+免签入境走强+冰雪/新消费的推断,2026春节预测台账,2026-08-21,D,https://www.gov.cn/yaowen/liebiao/202602/content_7059241.htm,预测ID=2026全年-F01；置信度中低；拐点判据：2026五一/端午/十一是否保持中个位数per-day增速
2026,春节,游客画像,"2026国内出游总花费日均水平(测算,per-day)",892.76,亿元/天,日均,2026-02-15,2026-02-15至2026-02-23(9天),日均口径,旅游收入,测算,推算,2025日均,9天口径,水平值,2026-08-21,缺口-测算,测算(=8034.83亿元/9天),派生,2026-02-24,D,https://www.gov.cn/yaowen/liebiao/202602/content_7059241.htm,测算D级；per-day同比2025(846.25亿/天)约+5.5%
2026,春节,游客画像,"2026国内出游日均水平(测算,per-day)",0.662,亿人次/天,日均,2026-02-15,2026-02-15至2026-02-23(9天),日均口径,出游规模,测算,推算,2025日均,9天口径,水平值,2026-08-21,缺口-测算,测算(=5.96亿/9天),派生,2026-02-24,D,https://www.gov.cn/yaowen/liebiao/202602/content_7059241.htm,测算D级；per-day同比2025(0.626亿/天)约+5.7%
2026,春节,游客画像,2026国庆国内旅游出游人次(预测),中心值约7.4(区间7.0-7.8),亿人次,总量,预计2026-10-01,预计2026十一(7天),7天口径(待回填),出游规模,测算,预计,无,7天口径,水平值,2026-08-21,预判待回填,基于2026春节9天5.96亿+per-day稳态的推断,2026春节预测台账,2026-08-21,D,https://www.gov.cn/yaowen/liebiao/202602/content_7059241.htm,预测ID=2026国庆-F01；置信度中；十一7天口径，与春节9天须per-day折算后比
2026,春节,游客画像,2026国庆国内旅游出游总花费(预测),中心值约9000(区间8400-9600),亿元,总量,预计2026-10-01,预计2026十一(7天),7天口径(待回填),旅游收入,测算,预计,无,7天口径,水平值,2026-08-21,预判待回填,基于2026春节花费增速与入境走强的推断,2026春节预测台账,2026-08-21,D,https://www.gov.cn/yaowen/liebiao/202602/content_7059241.htm,预测ID=2026国庆-F02；置信度中低；7天口径
2026,春节,游客画像,"人均旅游消费(per-trip,测算)",1348.13,元/人次,人均trip,2026-02-15,2026-02-15至2026-02-23(9天),9天口径,旅游收入,测算,推算,2025同期(8天),9天口径,水平值,2026-08-21,缺口-测算,测算(=8034.83亿元/5.96亿人次),派生自文旅部数据,2026-02-24,D,https://www.gov.cn/yaowen/liebiao/202602/content_7059241.htm,"测算值,D级；非官方直接披露；人均仅指per-trip"
2026,春节,游客画像,"人均旅游消费同比(per-trip,测算)",-0.2,%,比率,2026-02-15,2026-02-15至2026-02-23(9天),9天口径,旅游收入,测算,推算,2025同期(8天),9天口径,增速,2026-08-21,缺口-测算,测算(1348.13 vs 1351.30元),派生自文旅部数据,2026-02-24,D,https://www.gov.cn/yaowen/liebiao/202602/content_7059241.htm,测算D级；2026人均1351.30；人均基本持平微降，量增价稳
2026,春节,游客画像,国内旅游出游人次,5.96,亿人次,总量,2026-02-15,2026-02-15至2026-02-23(9天),9天口径,出游规模,实测,实际,2025同期(8天),9天口径,水平值,2026-08-21,无,文化和旅游部数据中心,春节假期全国国内出游人次和总花费均创历史新高(央视/政府网),2026-02-24,A,https://www.gov.cn/yaowen/liebiao/202602/content_7059241.htm,2026春节假日9天；较2025(8天)增加0.95亿人次，总量创新高；8vs9天须per-day归一才能谈同比
2026,春节,游客画像,"国内旅游出游人次(2025基线,8天)",5.01,亿人次,总量,2025-01-28至2025-02-04,2025春节(8天),8天口径,出游规模,实测,实际,2024春节(8天),8天口径,水平值,2026-08-21,无,文化和旅游部数据中心,2025年春节假期国内出游5.01亿人次,2025-02-05,A,https://www.mct.gov.cn/wlbphone/wlbydd/xxfb/jiaodianxinwen/202502/t20250205_958229.html,2025春节8天基线；用于per-day同比折算
2026,春节,游客画像,国内旅游出游总花费,8034.83,亿元,总量,2026-02-15,2026-02-15至2026-02-23(9天),9天口径,旅游收入,实测,实际,2025同期(8天),9天口径,水平值,2026-08-21,无,文化和旅游部数据中心,春节假期全国国内出游人次和总花费均创历史新高(央视/政府网),2026-02-24,A,https://www.gov.cn/yaowen/liebiao/202602/content_7059241.htm,2026春节假日9天；较2025(8天)增加1264.81亿元，总量创新高；8vs9天须per-day归一
2026,春节,游客画像,"国内旅游出游总花费(2025基线,8天)",6770.02,亿元,总量,2025-01-28至2025-02-04,2025春节(8天),8天口径,旅游收入,实测,实际,2024春节(8天),8天口径,水平值,2026-08-21,无,文化和旅游部数据中心,2025年春节假期国内出游5.01亿人次,2025-02-05,A,https://www.mct.gov.cn/wlbphone/wlbydd/xxfb/jiaodianxinwen/202502/t20250205_958229.html,2025春节8天基线；用于per-day同比折算
2026,春节,游客画像,按可比天数国内出游日均水平(测算),0.662,亿人次/天,日均,2026-02-15,2026-02-15至2026-02-23(9天),日均口径,出游规模,测算,推算,2025同期(8天)日均,9天口径,水平值,2026-08-21,缺口-测算,测算(=5.96亿/9天),派生自文旅部数据,2026-02-24,D,https://www.gov.cn/yaowen/liebiao/202602/content_7059241.htm,"per-day测算,D级；2025(8天)日均0.626；per-day同比+5.7%"
2026,春节,目的地,免签政策入境外国人,46,万人次,总量,2026-02-15,2026-02-15至2026-02-23(9天),9天口径,出入境,实测,实际,2025春节日均,9天口径,水平值,2026-08-21,无,国家移民管理局,春节假期1779.6万人次出入境,2026-02-24,A,https://www.nia.gov.cn/n897453/c1766817/content.html,适用免签政策入境；较去年假期日均+28.5%
2026,春节,目的地,内地居民出入境人员,951.4,万人次,总量,2026-02-15,2026-02-15至2026-02-23(9天),9天口径,出入境,实测,实际,2025春节日均,9天口径,水平值,2026-08-21,无,国家移民管理局,春节假期1779.6万人次出入境,2026-02-24,A,https://www.nia.gov.cn/n897453/c1766817/content.html,较去年假期日均+10.2%
2026,春节,目的地,出入境人员日均同比(日均口径),+10.1,%,比率,2026-02-15,2026-02-15至2026-02-23(9天),日均口径,出入境,实测,实际,2025春节日均,9天口径,增速,2026-08-21,无,国家移民管理局,春节假期1779.6万人次出入境,2026-02-24,A,https://www.nia.gov.cn/n897453/c1766817/content.html,日均197.7万人次，较去年春节假期日均+10.1%
2026,春节,目的地,单日出入境通关最高峰,225.9,万人次,总量,2026-02-21,(2026-02-21),9天口径,出入境,实测,实际,无,9天口径,水平值,2026-08-21,无,国家移民管理局,春节假期1779.6万人次出入境,2026-02-24,A,https://www.nia.gov.cn/n897453/c1766817/content.html,单日最高出现在2月21日
2026,春节,目的地,外国人出入境人员,131.3,万人次,总量,2026-02-15,2026-02-15至2026-02-23(9天),9天口径,出入境,实测,实际,2025春节日均,9天口径,水平值,2026-08-21,无,国家移民管理局,春节假期1779.6万人次出入境,2026-02-24,A,https://www.nia.gov.cn/n897453/c1766817/content.html,较去年假期日均+21.8%
2026,春节,目的地,春节假期出入境人员总量,1779.6,万人次,总量,2026-02-15,2026-02-15至2026-02-23(9天),9天口径,出入境,实测,实际,2025春节日均,9天口径,水平值,2026-08-21,无,国家移民管理局,春节假期1779.6万人次出入境,2026-02-24,A,https://www.nia.gov.cn/n897453/c1766817/content.html,全国边检机关查验；日均197.7万
2026,春节,目的地,港澳台居民出入境人员,696.9,万人次,总量,2026-02-15,2026-02-15至2026-02-23(9天),9天口径,出入境,实测,实际,2025春节日均,9天口径,水平值,2026-08-21,无,国家移民管理局,春节假期1779.6万人次出入境,2026-02-24,A,https://www.nia.gov.cn/n897453/c1766817/content.html,较去年假期日均+8%
2026,春节,酒店,STR每房收入指数,105,(指数),总量,2026-02-15,2026-02-15至2026-02-23(9天),9天口径,住宿,平台披露,实际,2025春节,9天口径,水平值,2026-08-21,无,STR,迈点:2026中国酒店业春节市场总结,2026-02-24,C,http://m.toutiao.com/group/7617141802268705330/,春节期间每房收入指数105，明显优于2025；STR口径非全市场
2026,春节,酒店,华住总接待人次及间夜同比,+约20,%,比率,2026-02-15,2026-02-15至2026-02-23(9天),9天口径,住宿,平台披露,实际,2025春节,9天口径,增速,2026-08-21,无,华住集团,华住春节总接待人次及间夜数同比提升约20%,2026-02-24,C,https://www.163.com/dy/article/KMMJ4LC80539ABYY.html,单集团口径，非全市场；3天以上度假型订单+12.4%
2026,春节,酒店,华住接待港澳台及海外游客,11,万人次,总量,2026-02-15,2026-02-15至2026-02-23(9天),9天口径,住宿,平台披露,实际,2025春节,9天口径,水平值,2026-08-21,无,华住集团,华住春节总接待人次及间夜数同比提升约20%,2026-02-24,C,https://www.163.com/dy/article/KMMJ4LC80539ABYY.html,同比+43.4%；受益入境游/过境开放；单集团口径
2026,春节,酒店,华住春节入住高峰出租率(年初四),91,%,总量,2026-02-20,(2026-02-20 年初四),9天口径,住宿,平台披露,实际,2025春节峰值,9天口径,水平值,2026-08-21,无,华住集团,华住春节总接待人次及间夜数同比提升约20%,2026-02-24,C,https://www.163.com/dy/article/KMMJ4LC80539ABYY.html,年初四峰值出租率91%，较2025春节峰值+10个百分点；单集团口径
2026,春节,酒店,"行业每房收入(RRP,订单来了口径)",291.70,元/间夜,每间夜,2026-02-15,2026-02-15至2026-02-23(9天),9天口径,住宿,平台披露,实际,2025春节,9天口径,水平值,2026-08-21,无,订单来了《2026年春节酒店民宿行业数据报告》,迈点:2026中国酒店业春节市场总结,2026-02-24,C,http://m.toutiao.com/group/7617141802268705330/,每房收入同比+2.28%；该平台自身口径，非全市场；另有STR指数105
2026,五一,交通出行,全社会跨区域人员流动量,151712.8,万人次,人次,2026-05-01 至 2026-05-05,5天,5天口径,跨区域人员流动量,官方跨区域(含自驾),实际,同比,5,增长率,2026-08-23,空,交通运输部(中国政府网/新华社转引),五一假期交通出行人数,2026-05-06,A,https://www.gov.cn/lianbo/202605/content_7067883.htm,日均30342.56万；同比+3.49%（央视另报15.25亿+4%，双口径并列，以交通运输部实测15.17亿为准）
2026,五一,交通出行,公路人员流动量,139172,万人次,人次,2026-05-01 至 2026-05-05,5天,5天口径,公路人员流动量,官方跨区域(含自驾),实际,同比,5,增长率,2026-08-23,空,交通运输部,五一假期交通出行人数,2026-05-06,A,https://www.gov.cn/lianbo/202605/content_7067883.htm,同比+3.51%；其中非营业性小客车119287万(+2.57%)、营业性19885万(+9.53%)
2026,五一,交通出行,国铁集团假期运输累计发送旅客(4/29-5/6),1.17,亿人次,亿人次,2026-04-29 至 2026-05-06,8天,8天口径,铁路客运量,官方跨区域(含自驾),实际,累计(窗口内),5,水平值,2026-08-23,空,国铁集团(人民网转引),2026年五一铁路运输,2026-05-07,A,https://finance.people.com.cn/BIG5/n1/2026/0507/c1004-40714953.html,8天运输窗口；5月1日峰值约2400万；12306累计售票8302万张
2026,五一,交通出行,民航客运量,1054,万人次,人次,2026-05-01 至 2026-05-05,5天,5天口径,民航客运量,官方跨区域(含自驾),实际,同比,5,增长率,2026-08-23,已回填(预测1175万),交通运输部,五一假期交通出行人数,2026-05-06,A,https://www.gov.cn/lianbo/202605/content_7067883.htm,日均210.8万；同比-5.74%（节前预测1175万，实测-10.3%，已回填核验）
2026,五一,交通出行,民航航班正常率,97.2,%,百分比,2026-05-01 至 2026-05-05,5天,5天口径,民航客运量,官方跨区域(含自驾),实际,同比,5,增长率,2026-08-23,空,民航局(人民网转引),五一交通出行,2026-05-07,A,https://finance.people.com.cn/BIG5/n1/2026/0507/c1004-40714953.html,较去年同期提高7.2个百分点，运行效率提升
2026,五一,交通出行,水路客运量,849.2,万人次,人次,2026-05-01 至 2026-05-05,5天,5天口径,水路客运量,官方跨区域(含自驾),实际,同比,5,增长率,2026-08-23,空,交通运输部,五一假期交通出行人数,2026-05-06,A,https://www.gov.cn/lianbo/202605/content_7067883.htm,日均169.84万；同比-1.37%
2026,五一,交通出行,铁路客运量,10637.7,万人次,人次,2026-05-01 至 2026-05-05,5天,5天口径,铁路客运量,官方跨区域(含自驾),实际,同比,5,增长率,2026-08-23,空,交通运输部(中国政府网转引),五一假期交通出行人数,2026-05-06,A,https://www.gov.cn/lianbo/202605/content_7067883.htm,日均2127.54万；同比+4.6%
2026,五一,交通出行,高速公路日均车流量(节前预测),6400,万辆次,辆次,2026-05-01 至 2026-05-05,5天,5天口径,高速公路车流量,官方跨区域(含自驾),预计,同比,5,增长率,2026-08-23,预判待回填,交通运输部(央广网转引),五一出行预测,2026-04-29,D,https://china.cnr.cn/news/20260429/t20260429_527605098.shtml,节前预测日均；新能源车约1540万(同比+33%)、首日7000万辆次创新高；实测总量交通运输部未单列高速公路分项
2026,五一,平台渠道,众信旅游国内产品预订,+168,%,百分比,2026-04-20 至 2026-05-05,假期前预订,5天口径,平台GMV,平台自披露,实际,无(水平值),5,水平值,2026-08-23,空,众信旅游,五一预订数据,2026-04-20,C,https://travel.gmw.cn/2026-04/20/content_38719445.htm,假期前预订口径(4/20)；预计接待破2万人次
2026,五一,平台渠道,"出境游订单(某聚合分析,弱溯源)",约-23,%,百分比,2026-05-01 至 2026-05-05,5天,5天口径,平台GMV,弱溯源,实际,同比,5,增长率,2026-08-23,空,某聚合分析(弱溯源),五一趋势分析,2026-05,D,https://ren.cz001.com.cn/index.php?c=Wap&m=detail&id=186557,弱溯源：与飞猪/同程/途牛等多家主流平台(长线出境+50%至翻倍)冲突，仅并列说明，不采为主口径
2026,五一,平台渠道,去哪儿多城串游酒店订单,+118,%,百分比,2026-05-01 至 2026-05-05,5天,5天口径,平台GMV,平台自披露,实际,同比,5,水平值,2026-08-23,空,去哪儿,五一旅行报告,2026-04-30,C,https://finance.sina.com.cn/jjxw/2026-04-30/doc-inhwhraa6227413.shtml,国内自驾游+近六成
2026,五一,平台渠道,去哪儿小城酒店预订(定安/泸州/中山),+8.7/+5.3/+4.3倍,倍,复合,2026-05-01 至 2026-05-05,5天,5天口径,平台GMV,平台自披露,实际,无(水平值),5,复合,2026-08-23,空,去哪儿,五一出游报告,2026-05,C,https://tidenews.com.cn/news.html?id=3437033,平台自身口径
2026,五一,平台渠道,抖音酒店宾馆团购销售额,+86,%,百分比,2026-05-01 至 2026-05-05,5天,5天口径,平台GMV,平台自披露,实际,同比,5,水平值,2026-08-23,空,抖音生活服务,五一消费观察,2026-05-06,C,http://mrdx.cn/h5/mrdx/content/20260506/Articel01001NR.htm,平台自身口径
2026,五一,平台渠道,携程深度文化游人次,+52.3,%,百分比,2026-05-01 至 2026-05-05,5天,5天口径,平台GMV,平台自披露,实际,同比,5,水平值,2026-08-23,空,携程,五一报告,2026-05,C,http://m.xfrb.com.cn/article/focus/11365971944237.html,平台自身口径
2026,五一,平台渠道,淘宝天猫XR设备/AI机器人销售额,+400%/+100,%,复合,2026-05-01 至 2026-05-05,5天,5天口径,平台GMV,平台自披露,实际,无(水平值),5,复合,2026-08-23,空,淘宝天猫,五一消费数据,2026-05-08,C,https://finance.people.com.cn/BIG5/n1/2026/0508/c1004-40715445.html,运动相机+400%、移动电源+70%
2026,五一,平台渠道,美团洛阳景区订单量,+35,%,百分比,2026-05-01 至 2026-05-05,5天,5天口径,平台GMV,平台自披露,实际,同比,5,水平值,2026-08-23,空,美团,五一消费观察,2026-05-08,C,https://finance.people.com.cn/BIG5/n1/2026/0508/c1004-40715445.html,20-30岁占比近一半
2026,五一,平台渠道,途牛境内打包旅游产品,+10,%,百分比,2026-05-01 至 2026-05-05,5天,5天口径,平台GMV,平台自披露,实际,同比,5,水平值,2026-08-23,空,途牛,五一消费趋势报告,2026-04,C,https://travel.gmw.cn/2026-04/20/content_38719445.htm,自驾游+50%、自由行+近20%
2026,五一,平台渠道,飞猪/小红书AI出行咨询量,+56,%,百分比,2026-05-01 至 2026-05-05,5天,5天口径,平台GMV,平台自披露,实际,同比,5,水平值,2026-08-23,空,飞猪/小红书,五一出行趋势报告,2026-05,C,https://epaper.stcn.com/con/202605/06/content_2921965.html,美团AI管家查询+89%
2026,五一,平台渠道,飞猪乐园/名人故居门票预订,+约50,%,百分比,2026-05-01 至 2026-05-05,5天,5天口径,平台GMV,平台自披露,实际,同比,5,水平值,2026-08-23,空,飞猪,五一出行报告,2026-05,C,https://tidenews.com.cn/news.html?id=3437033,平台自身口径
2026,五一,平台渠道,飞猪出境一日及多日游商品,+50,%,百分比,2026-05-01 至 2026-05-05,5天,5天口径,平台GMV,平台自披露,实际,同比,5,水平值,2026-08-23,空,飞猪/小红书,五一出行趋势报告,2026-05,C,https://epaper.stcn.com/con/202605/06/content_2921965.html,平台自身口径
2026,五一,总体,五一档电影票房,7.58,亿元,亿元,2026-05-01 至 2026-05-05,5天,5天口径,电影票房,官方总量,实际,同比,5,增长率,2026-08-23,空,国家电影局(央视网转引),“电影+”新观察,2026-05-07,A,https://news.cctv.com/2026/05/07/ARTIgb2BANbInuXIIXLxp2ES260507.shtml,观影2084.19万(+10.23%)；均价36.3元(-8%)；放映237.6万场
2026,五一,总体,人均每次旅游消费(测算),570.44,元,人均trip,2026-05-01 至 2026-05-05,5天,5天口径,旅游总花费,测算,推算,同比,5,水平值,2026-08-23,测算待核,AI测算(总花费/出游人次),内部测算,2026-08-23,D,https://www.mct.gov.cn/preview/whzx/whyw/202605/t20260506_965708.htm,1854.92亿÷3.25亿；较2025(574.10元)约-0.64%，人均消费见顶回落
2026,五一,总体,入境游客,243,万人次,人次,2026-05-01 至 2026-05-05,5天,5天口径,入境游客,官方总量,实际,同比,5,增长率,2026-08-23,空,中国旅游研究院(央视网转引),假日经济报道,2026-05-08,A,https://news.cctv.cn/2026/05/08/ARTIYnytQVzROQDAXgEYWqL3260508.shtml,同比+7.4%
2026,五一,总体,国内出游人次,3.25,亿人次,人次,2026-05-01 至 2026-05-05,5天,5天口径,旅游总花费,官方总量,实际,同比,5,水平值,2026-08-23,空,文化和旅游部,2026年“五一”假期文化和旅游市场情况,2026-05-06,A,https://www.mct.gov.cn/preview/whzx/whyw/202605/t20260506_965708.htm,同比+3.6%
2026,五一,总体,国内出游总花费,1854.92,亿元,亿元,2026-05-01 至 2026-05-05,5天,5天口径,旅游总花费,官方总量,实际,同比,5,水平值,2026-08-23,空,文化和旅游部,2026年“五一”假期文化和旅游市场情况,2026-05-06,A,https://www.mct.gov.cn/preview/whzx/whyw/202605/t20260506_965708.htm,同比+2.9%
2026,五一,总体,国家级夜间文旅消费集聚区客流量,8041.37,万人次,人次,2026-05-01 至 2026-05-05,5天,5天口径,旅游总花费,官方总量,实际,同比,5,增长率,2026-08-23,空,文化和旅游部,2026年“五一”假期文化和旅游市场情况,2026-05-06,A,https://www.mct.gov.cn/preview/whzx/whyw/202605/t20260506_965708.htm,同比+6.44%
2026,五一,总体,群众文化活动场次/惠及,4.94万场/8800万,场/人次,复合,2026-05-01 至 2026-05-05,5天,5天口径,群众文化,官方总量,实际,无(水平值),5,复合,2026-08-23,空,文化和旅游部,2026年“五一”假期文化和旅游市场情况,2026-05-06,A,https://www.mct.gov.cn/preview/whzx/whyw/202605/t20260506_965708.htm,惠民文化活动
2026,五一,总体,营业性演出场次/票房,3.20万场/24.76亿,场/亿元,复合,2026-05-01 至 2026-05-05,5天,5天口径,营业性演出,官方总量,实际,同比,5,复合,2026-08-23,空,文化和旅游部,2026年“五一”假期文化和旅游市场情况,2026-05-06,A,https://www.mct.gov.cn/preview/whzx/whyw/202605/t20260506_965708.htm,票房同比+14.66%
2026,五一,新消费,县域游/奔县游,增长显著,-,定性,2026-05-01 至 2026-05-05,5天,5天口径,新消费,平台自披露,实际,无(水平值),5,定性,2026-08-23,空,人民日报/人民网,五一消费向新向优,2026-05-08,C,https://finance.people.com.cn/BIG5/n1/2026/0508/c1004-40715445.html,福建平潭、浙江安吉等案例
2026,五一,新消费,多城串游酒店订单(去哪儿),+118,%,百分比,2026-05-01 至 2026-05-05,5天,5天口径,新消费,平台自披露,实际,同比,5,水平值,2026-08-23,空,去哪儿,五一旅行报告,2026-04-30,C,https://finance.sina.com.cn/jjxw/2026-04-30/doc-inhwhraa6227413.shtml,国内自驾游+近六成
2026,五一,新消费,抖音夜市/夜宵/烧烤销售额,+59%/+57%/+46%,%,复合,2026-05-01 至 2026-05-05,5天,5天口径,新消费,平台自披露,实际,同比,5,复合,2026-08-23,空,抖音生活服务,五一消费观察,2026-05-06,C,http://mrdx.cn/h5/mrdx/content/20260506/Articel01001NR.htm,夜经济
2026,五一,新消费,赛事游(苏超带动淮扬菜订单),+40,%,百分比,2026-05-01 至 2026-05-05,5天,5天口径,新消费,平台自披露,实际,同比,5,水平值,2026-08-23,空,美团,五一消费观察(人民网),2026-05-08,C,https://finance.people.com.cn/BIG5/n1/2026/0508/c1004-40715445.html,南京鸭血粉丝+30%、镇江三怪+203%
2026,五一,新消费,飞猪户外溯溪/采摘/登山热度,+130,%,百分比,2026-05-01 至 2026-05-05,5天,5天口径,新消费,平台自披露,实际,同比,5,水平值,2026-08-23,空,飞猪/小红书(新华网转引),体验经济蓬勃发展,2026-05-06,C,https://www.news.cn/fortune/20260506/f91084e58fd04923b25d11edc7373d30/c.html,体验经济
2026,五一,旅行社,众信旅游国内产品预订,+168,%,百分比,2026-04-20 至 2026-05-05,假期前预订,5天口径,旅行社,平台自披露,实际,无(水平值),5,水平值,2026-08-23,空,众信旅游,五一预订数据,2026-04-20,C,https://travel.gmw.cn/2026-04/20/content_38719445.htm,假期前预订口径
2026,五一,旅行社,春假城市出游(丽水/永州等),+超3倍,%,百分比,2026-04-28 至 2026-05-08,长五一,5天口径,旅行社,平台自披露,实际,同比,5,增长率,2026-08-23,空,途牛,五一趋势报告,2026-04,C,https://travel.gmw.cn/2026-04/20/content_38719445.htm,春假连休带动
2026,五一,旅行社,途牛境内打包旅游产品,+10,%,百分比,2026-05-01 至 2026-05-05,5天,5天口径,旅行社,平台自披露,实际,同比,5,水平值,2026-08-23,空,途牛,五一消费趋势报告,2026-04,C,https://travel.gmw.cn/2026-04/20/content_38719445.htm,自驾游+50%、自由行+近20%
2026,五一,景区目的地,上海主要旅游景区接待游客,745.69,万人次,人次,2026-05-01 至 2026-05-05,5天,5天口径,旅游总花费,官方总量,实际,同比,5,增长率,2026-08-23,空,上海市文化和旅游局(新华网上海转引),体验经济蓬勃发展,2026-05-07,A,http://www.sh.xinhua.org/20260507/b6869d40321f413a82e8337faf30db5b/c.html,同比+9.9%
2026,五一,景区目的地,上海公园接待游客,615,万人次,人次,2026-05-01 至 2026-05-05,5天,5天口径,旅游总花费,官方总量,实际,同比,5,增长率,2026-08-23,空,上海市绿化市容局(上海发布转引),五一上海文旅市场,2026-05-06,A,https://shanghai.gov.cn/nw4411/20260506/2171770042ed4f25b2c860b2e2538f6f.html,较去年同期+11.8%
2026,五一,景区目的地,上海博物馆接待观众,90,万人次,人次,2026-05-01 至 2026-05-05,5天,5天口径,旅游总花费,官方总量,实际,同比,5,增长率,2026-08-23,空,上海市文化和旅游局(新华网上海转引),体验经济蓬勃发展,2026-05-07,A,http://www.sh.xinhua.org/20260507/b6869d40321f413a82e8337faf30db5b/c.html,同比+3.5%；140余家博物馆
2026,五一,景区目的地,上海接待游客/全要素旅游交易,1690.16万/215.10亿,万人次/亿元,复合,2026-05-01 至 2026-05-05,5天,5天口径,旅游总花费,官方总量,实际,同比,5,复合,2026-08-23,空,上海市文化和旅游局(上海发布),五一上海文旅市场,2026-05-06,A,https://shanghai.gov.cn/nw4411/20260506/2171770042ed4f25b2c860b2e2538f6f.html,游客+2.43%；宾旅馆出租率72.80%；演出观众94.45万(+27.6%)
2026,五一,景区目的地,全国边检查验出入境人员,1127.9,万人次,人次,2026-05-01 至 2026-05-05,5天,5天口径,出入境人员,官方总量,实际,同比,5,增长率,2026-08-23,空,国家移民管理局,五一假期出入境,2026-05-06,A,https://www.news.cn/20260506/0d68043ef68c4e49bb437887421a7e6a/c.html,日均225.6万；同比+3.5%；单日峰值5月2日252.9万
2026,五一,景区目的地,北京接待游客/旅游总花费,1882.7万/223.6亿,万人次/亿元,复合,2026-05-01 至 2026-05-05,5天,5天口径,旅游总花费,官方总量,实际,同比,5,复合,2026-08-23,空,北京市文化和旅游局,五一北京文旅市场繁荣收官,2026-05-08,A,https://whlyj.beijing.gov.cn//zwgk/xwzx/gzdt/202605/t20260508_4641346.html,游客+5.1%、花费+6.6%；入境12.8万(+22.3%)、花费13.8亿(+22.6%)；均创历史新高
2026,五一,景区目的地,四川接待游客/旅游总花费,3602.23万/242.49亿,万人次/亿元,复合,2026-05-01 至 2026-05-05,5天,5天口径,旅游总花费,官方总量,实际,同比,5,复合,2026-08-23,空,四川省文化和旅游厅,2026年五一假期全省文化和旅游市场情况,2026-05-06,A,https://wlt.sc.gov.cn/scwlt/wlyw/2026/5/6/6b8443bbd2934e3da70b040a5d561f09.shtml,游客+6.19%、花费+3.17%；文博场馆462.39万(+4.54%)；5A景区346.89万
2026,五一,景区目的地,外国人入出境,125.5,万人次,人次,2026-05-01 至 2026-05-05,5天,5天口径,出入境人员,官方总量,实际,同比,5,增长率,2026-08-23,空,国家移民管理局,五一假期出入境,2026-05-06,A,https://www.news.cn/20260506/0d68043ef68c4e49bb437887421a7e6a/c.html,同比+12.5%；免签入境43.6万(+14.7%)
2026,五一,景区目的地,广东接待游客/旅游收入,4706.9万/297.7亿,万人次/亿元,复合,2026-05-01 至 2026-05-05,5天,5天口径,旅游总花费,官方总量,实际,同比,5,复合,2026-08-23,空,广东省文化和旅游厅,2026“五一”假期全省文旅数据,2026-05-06,A,https://whly.gd.gov.cn/open_newsjfb/sjs/content/post_4893742.html,游客+2.1%、收入+0.9%；4A及以上景区1624.7万(+1.7%)；演艺/赛事拉动
2026,五一,消费宏观,78个商圈客流/营业额,+5.0%/+5.3%,%,复合,2026-05-01 至 2026-05-05,5天,5天口径,社零,官方总量,实际,无(水平值),5,复合,2026-08-23,空,商务部,五一假期消费数据,2026-05-05,A,https://big5.cctv.com/gate/big5/news.cctv.cn/2026/05/05/ARTItk0dGDwidyaoQYpWze1e260505.shtml,重点监测商圈
2026,五一,消费宏观,[预测]2026十一全社会跨区域人员流动量,17.2,亿人次,人次,2026-10-01 至 2026-10-07,7天,7天口径,跨区域人员流动量,测算,预计,较节假日X,7,水平值,2026-08-23,预判待回填,AI前瞻,内部测算,2026-08-23,D,https://www.gov.cn/gongbao/2025/issue_12406/202511/content_7048922.html,预测ID=2026十一-F03；中心值17.2亿/区间16.8-17.8亿/置信度中；2025十一为8天合并口径
2026,五一,消费宏观,[预测]2026十一国内出游人次,8.0,亿人次,人次,2026-10-01 至 2026-10-07,7天,7天口径,旅游总花费,测算,预计,较节假日X,7,水平值,2026-08-23,预判待回填,AI前瞻,内部测算,2026-08-23,D,https://www.gov.cn/gongbao/2025/issue_12406/202511/content_7048922.html,预测ID=2026十一-F01；中心值8.0亿/区间7.8-8.3亿/置信度中；口径效应：2026十一7天拆分(非2025八天合并)，绝对值不可比，日均强度更高
2026,五一,消费宏观,[预测]2026十一国内游客总花费,7350,亿元,亿元,2026-10-01 至 2026-10-07,7天,7天口径,旅游总花费,测算,预计,较节假日X,7,水平值,2026-08-23,预判待回填,AI前瞻,内部测算,2026-08-23,D,https://www.gov.cn/gongbao/2025/issue_12406/202511/content_7048922.html,预测ID=2026十一-F02；中心值7350亿/区间7100-7700亿/置信度中
2026,五一,消费宏观,多省市中小学春假(春假+五一连休),7-11,天,天,2026-04-28 至 2026-05-08,长五一,5天口径,政策变量,官方总量,实际,无(水平值),5,水平值,2026-08-23,空,国家发展改革委/教育部(多地教育局公告),鼓励春假与五一连休,2026-04,A,https://www.gov.cn/gongbao/2025/issue_12406/202511/content_7048922.html,沈阳/湘潭/东营/新疆/山东/浙江/琼中等“春假+五一”连休7-11天“长五一”，驱动亲子研学；多源政策，替代验证：各地教育局/发改委公开发布
2026,五一,消费宏观,家电/汽车/通信器材销售额,+15.5%/+13.7%/+10.5%,%,复合,2026-05-01 至 2026-05-05,5天,5天口径,社零,官方总量,实际,同比,5,复合,2026-08-23,空,商务部,五一假期消费数据,2026-05-05,A,https://big5.cctv.com/gate/big5/news.cctv.cn/2026/05/05/ARTItk0dGDwidyaoQYpWze1e260505.shtml,以旧换新相关品类
2026,五一,消费宏观,旅游游览和娱乐服务销售收入(增值税发票),+21.2,%,百分比,2026-05-01 至 2026-05-05,5天,5天口径,社零,官方总量,实际,无(水平值),5,水平值,2026-08-23,空,国家税务总局,增值税发票数据,2026-05-06,A,https://www.chinatax.gov.cn/chinatax/n810219/n810780/c5249490/content.html,旅行社+23.8%、休闲观光+26.2%、文化服务+42.3%、体育+44.1%；国家税务总局增值税发票口径，非商务部社零
2026,五一,消费宏观,海南离岛免税购物金额/人数/件数,5.54亿/8.46万/44.17万,亿元/万人次/万件,复合,2026-05-01 至 2026-05-05,5天,5天口径,离岛免税,官方总量,实际,同比,5,复合,2026-08-23,空,海口海关(中新网转引),五一离岛免税监管,2026-05-06,A,https://www.chinanews.com.cn/cj/2026/05-06/10616171.shtml,金额+10.4%、人数+7.4%、件数+3.8%；海南离岛免税，并列旅游总花费
2026,五一,消费宏观,消费品以旧换新带动销售额,6292.7,亿元,亿元,2026-05-01 至 2026-05-05,5天,5天口径,社零,官方总量,实际,无(水平值),5,水平值,2026-08-23,空,商务部,五一假期消费数据,2026-05-05,A,https://big5.cctv.com/gate/big5/news.cctv.cn/2026/05/05/ARTItk0dGDwidyaoQYpWze1e260505.shtml,惠及8620.4万；汽车213.2万/3423.9亿、家电3473.5万/1415.4亿、数码4933.7万/1453.4亿
2026,五一,消费宏观,消费相关行业销售收入(增值税发票),+14.3,%,百分比,2026-05-01 至 2026-05-05,5天,5天口径,社零,官方总量,实际,无(水平值),5,水平值,2026-08-23,空,国家税务总局,增值税发票数据,2026-05,A,http://m.xfrb.com.cn/article/focus/11365971944237.html,消费日均；餐饮服务+31.4%、民宿+13.3%
2026,五一,消费宏观,演出消费/五一档电影票房(商务部),+17.6%/超7亿,%/亿元,复合,2026-05-01 至 2026-05-05,5天,5天口径,社零,官方总量,实际,无(水平值),5,复合,2026-08-23,空,商务部,五一假期消费数据,2026-05-05,A,https://sc.people.com.cn/BIG5/n2/2026/0506/c345167-41571880.html,服务消费
2026,五一,消费宏观,租车订单量,+21,%,百分比,2026-05-01 至 2026-05-05,5天,5天口径,社零,官方总量,实际,无(水平值),5,水平值,2026-08-23,空,商务部,五一假期消费数据,2026-05-05,A,https://sc.people.com.cn/BIG5/n2/2026/0506/c345167-41571880.html,跨城订单+67.6%
2026,五一,消费宏观,重点平台跨省游客规模,+7.6,%,百分比,2026-05-01 至 2026-05-05,5天,5天口径,社零,官方总量,实际,无(水平值),5,水平值,2026-08-23,空,商务部,五一假期消费数据,2026-05-05,A,https://big5.cctv.com/gate/big5/news.cctv.cn/2026/05/05/ARTItk0dGDwidyaoQYpWze1e260505.shtml,800公里以上+20%；带动酒店住宿+18%
2026,五一,消费宏观,银联/网联支付交易笔数/金额,289.37亿笔/7.85万亿,笔/万亿元,复合,2026-05-01 至 2026-05-05,5天,5天口径,支付清算额,官方总量,实际,同比,5,复合,2026-08-23,空,中国人民银行(人民日报转引),五一假期支付交易数据,2026-05-07,A,https://finance.people.com.cn/n1/2026/0507/c1004-40714679.html,笔数+23.45%、金额+2.74%；境外来华+45.15%/+36.96%；作交叉验证，不与文旅部大盘相加
2026,五一,消费宏观,餐饮销售收入(增值税发票),+31.4,%,百分比,2026-05-01 至 2026-05-05,5天,5天口径,社零,官方总量,实际,无(水平值),5,水平值,2026-08-23,空,国家税务总局,增值税发票数据,2026-05,A,http://m.xfrb.com.cn/article/focus/11365971944237.html,小吃+41.6%、酒吧茶馆+51.5%、正餐+26.8%
2026,五一,游客画像,00后/年轻客群出游占比(去哪儿),+120,%,百分比,2026-05-01 至 2026-05-05,5天,5天口径,游客画像,平台自披露,实际,同比,5,水平值,2026-08-23,空,去哪儿,五一出游报告,2026-05,C,https://tidenews.com.cn/news.html?id=3437033,高星酒店+30%、县城高星+30%
2026,五一,游客画像,上海外地客源地TOP5,北京/苏州/杭州/南京/宁波,城,水平值,2026-05-01 至 2026-05-05,5天,5天口径,游客画像,平台自披露,实际,无(水平值),5,水平值,2026-08-23,空,美团(央广网转引),数读中国开局新活力,2026-05-06,C,https://www.cnr.cn/shanghai/tt/20260506/t20260506_527611735.shtml,本帮菜搜索+24%、必吃榜+超3倍
2026,五一,酒店住宿,上海乐高乐园周边酒店预订,+172,%,百分比,2026-05-01 至 2026-05-05,5天,5天口径,酒店间夜,平台自披露,实际,同比,5,水平值,2026-08-23,空,去哪儿(新华网上海转引),体验经济蓬勃发展,2026-05-07,C,http://www.sh.xinhua.org/20260507/b6869d40321f413a82e8337faf30db5b/c.html,乐园周边；平台自身口径
2026,五一,酒店住宿,全国酒店入住率/ADR/RevPAR(虎嗅转引),78.9%/569/449,%/元/元,复合,2026-05-01 至 2026-05-05,5天,5天口径,酒店RevPAR,行业协会计,实际,无(水平值),5,复合,2026-08-23,空,虎嗅(平台数据转引),五一酒店数据,2026-05,C,http://m.xfrb.com.cn/article/focus/11365971944237.html,转述性概括：与订单来了口径不同，供交叉参考
2026,五一,酒店住宿,受访住宿企业入住率/平均房价,+4.7%/-4.3%,%,复合,2026-05-01 至 2026-05-05,5天,5天口径,酒店RevPAR,行业协会计,实际,无(水平值),5,复合,2026-08-23,空,中国饭店协会,住宿餐饮调研,2026-05,C,http://m.xfrb.com.cn/article/focus/11365971944237.html,协会抽样口径
2026,五一,酒店住宿,受访餐饮企业客流/收入,+4.2%/+3.1%,%,复合,2026-05-01 至 2026-05-05,5天,5天口径,餐饮收入,行业协会计,实际,无(水平值),5,复合,2026-08-23,空,中国烹饪协会,五一餐饮业调研,2026-05,C,https://www.cfsn.cn/news/detail/221/348982.html,协会抽样口径
2026,五一,酒店住宿,国内酒店热门目的地TOP10(携程),上海/北京/成都/重庆/杭州/广州/深圳/西安/长沙/南京,城,水平值,2026-05-01 至 2026-05-05,5天,5天口径,酒店间夜,平台自披露,实际,无(水平值),5,水平值,2026-08-23,空,携程,五一出游总结报告,2026-05-05,C,https://www.toutiao.com/article/7636395543769448998,平台自身口径，非全市场
2026,五一,酒店住宿,小城酒店预订(定安/泸州/中山),+8.7/+5.3/+4.3倍,倍,复合,2026-05-01 至 2026-05-05,5天,5天口径,酒店间夜,平台自披露,实际,无(水平值),5,复合,2026-08-23,空,去哪儿,五一出游报告,2026-05,C,https://tidenews.com.cn/news.html?id=3437033,平台自身口径
2026,五一,酒店住宿,民宿入住率/ADR/RevPAR(订单来了),63.07%/664.10/418.85,%/元/元,复合,2026-05-01 至 2026-05-05,5天,5天口径,酒店RevPAR,行业协会计,实际,同比,5,复合,2026-08-23,空,订单来了(消费日报转引),住宿业经营数据,2026-05,C,http://m.xfrb.com.cn/article/focus/11365971944237.html,入住率-2.58%、ADR-9.70%、RevPAR-12.03%
2026,五一,酒店住宿,酒店入住率/ADR/RevPAR(订单来了),72.05%/395.13/284.68,%/元/元,复合,2026-05-01 至 2026-05-05,5天,5天口径,酒店RevPAR,行业协会计,实际,同比,5,复合,2026-08-23,空,订单来了(消费日报转引),住宿业经营数据,2026-05,C,http://m.xfrb.com.cn/article/focus/11365971944237.html,入住率+0.88%、ADR-11.92%、RevPAR-11.14%
2026,端午,交通,[基期2025]全社会跨区域人员流动量,6.537,亿人次,总计,2025-05-31至2025-06-02,端午3天,3天口径,交通客运,官方跨区域,实际,同比,3,增长率,2026-08-22,,交通运输部(中国新闻网转引),2025端午交通数据,2025-06-03,A,https://www.chinanews.com/cj/2025/06-03/10426402.shtml,同比+2.5%(65370万人次)；纵向基期参照(2025端午)
2026,端午,交通,[基期2025]民航客运量,563,万人次,总计,2025-05-31至2025-06-02,端午3天,3天口径,交通客运,官方跨区域,实际,无(水平值),3,水平值,2026-08-22,,中国民航局(中国新闻网转引),2025端午民航数据,2025-06-03,A,https://www.chinanews.com/cj/2025/06-03/10426402.shtml,纵向基期参照(2025端午)
2026,端午,交通,[基期2025]铁路客运量,4803,万人次,总计,2025-05-31至2025-06-02,端午3天,3天口径,交通客运,官方跨区域,实际,无(水平值),3,水平值,2026-08-22,,国家铁路集团(中国新闻网转引),2025端午铁路数据,2025-06-03,A,https://www.chinanews.com/cj/2025/06-03/10426402.shtml,纵向基期参照(2025端午)
2026,端午,交通,全社会跨区域人员流动量(实测),64786.3,万人次,总计,2026-06-19至2026-06-21,端午3天,3天口径,交通客运,官方跨区域,实际,同比,3,水平值,2026-08-22,,交通运输部(新华网转引),2026年端午假期交通出行人数近6.48亿人次,2026-06-22,A,https://www.news.cn/politics/20260622/39b79ddca0bf49538aee87ea0da1c8a6/c.html,日均21595.4万人次；假期结束后实测值，同比持平(较前日发布的预计值65278万下修)
2026,端午,交通,全社会跨区域人员流动量(预计),65278,万人次,总计,2026-06-19至2026-06-21,端午3天,3天口径,交通客运,官方跨区域,预计,同比,3,水平值,2026-08-22,预判待回填,交通运输部(中国网转引),2026年端午假期交通出行,2026-06-22,A,https://travel.china.com.cn/txt/2026-06/22/content_118559488.shtml,日均21759.3万；假期前/中预计值，与实测64786.3万口径一致但数值偏高，列为预计不混入实测
2026,端午,交通,公路人员流动量,59007,万人次,总计,2026-06-19至2026-06-21,端午3天,3天口径,交通客运,官方跨区域,实际,无(水平值),3,水平值,2026-08-22,,交通运输部(新华网转引),2026年端午假期交通出行人数近6.48亿人次,2026-06-22,A,https://www.news.cn/politics/20260622/39b79ddca0bf49538aee87ea0da1c8a6/c.html,日均19669万人次；含营业性与非营业性小客车
2026,端午,交通,公路营业性客运量,11346,万人次,总计,2026-06-19至2026-06-21,端午3天,3天口径,交通客运,官方跨区域,实际,无(水平值),3,水平值,2026-08-22,,交通运输部(新华网转引),2026年端午假期交通出行人数近6.48亿人次,2026-06-22,A,https://www.news.cn/politics/20260622/39b79ddca0bf49538aee87ea0da1c8a6/c.html,日均3782万人次
2026,端午,交通,国铁集团发送旅客,8258.8,万人次,总计,2026-06-19至2026-06-21,端午3天,3天口径,交通客运,官方总量,实际,同比,3,增长率,2026-08-22,,国家铁路集团(人民日报转引),2026年铁路端午假期运输,2026-06-24,A,https://cpc.people.com.cn/n1/2026/0624/c64387-40746299.html,同比+4.9%；统计口径为铁路端午运输发送量，与'跨区域人员流动量中的铁路客运量(4943.2万)'口径不同，并列存疑
2026,端午,交通,民航客运量(实测),567.7,万人次,总计,2026-06-19至2026-06-21,端午3天,3天口径,交通客运,官方跨区域,实际,同比,3,增长率,2026-08-22,,中国民航局(新华网转引),2026年端午假期交通出行人数近6.48亿人次,2026-06-22,A,https://www.news.cn/politics/20260622/39b79ddca0bf49538aee87ea0da1c8a6/c.html,日均189.2万人次；同比+0.6%
2026,端午,交通,水路客运量,268.4,万人次,总计,2026-06-19至2026-06-21,端午3天,3天口径,交通客运,官方跨区域,实际,无(水平值),3,水平值,2026-08-22,,交通运输部(新华网转引),2026年端午假期交通出行人数近6.48亿人次,2026-06-22,A,https://www.news.cn/politics/20260622/39b79ddca0bf49538aee87ea0da1c8a6/c.html,日均89.5万人次
2026,端午,交通,铁路客运量(跨区域口径),4943.2,万人次,总计,2026-06-19至2026-06-21,端午3天,3天口径,交通客运,官方跨区域,实际,无(水平值),3,水平值,2026-08-22,,交通运输部(新华网转引),2026年端午假期交通出行人数近6.48亿人次,2026-06-22,A,https://www.news.cn/politics/20260622/39b79ddca0bf49538aee87ea0da1c8a6/c.html,日均1647.7万人次
2026,端午,交通,铁路客运量同比(预计口径),+2.97,%,增长率,2026-06-19至2026-06-21,端午3天,3天口径,交通客运,官方跨区域,预计,同比,3,增长率,2026-08-22,预判待回填,交通运输部(央视网转引),端午假期三天全社会跨区域人员流动量预计超6.5亿人次,2026-06-21,A,https://news.cctv.com/2026/06/21/ARTIAQfJYnvoYm4UddmhnrBg260621.shtml,预计口径下铁路+2.97%；实测口径未单列铁路同比，列为预计
2026,端午,交通,铁路日均开行旅客列车,12659,列,总计,2026-06-19至2026-06-21,端午3天,3天口径,交通客运,官方总量,实际,无(水平值),3,水平值,2026-08-22,,国家铁路集团,2026年铁路端午假期运输,2026-06-24,A,https://cpc.people.com.cn/n1/2026/0624/c64387-40746299.html,增开跨局夜间高铁520列、旅游列车49列
2026,端午,交通,高速公路及普通国省道非营业性小客车出行量,47661,万人次,总计,2026-06-19至2026-06-21,端午3天,3天口径,交通客运,官方跨区域,实际,无(水平值),3,水平值,2026-08-22,,交通运输部(新华网转引),2026年端午假期交通出行人数近6.48亿人次,2026-06-22,A,https://www.news.cn/politics/20260622/39b79ddca0bf49538aee87ea0da1c8a6/c.html,日均15887万人次；与公共客运量分列，不可与铁路/民航直接相加
2026,端午,平台,去哪儿古镇搜索量环比,增3倍,—,定性,2026-06-19至2026-06-21,端午3天,3天口径,平台订单,平台自披露,实际,环比,3,定性,2026-08-22,,去哪儿,2026端午出游数据,2026-06-22,C,https://big5.china.com.cn/gate/big5/finance.china.com.cn/industry/20260622/6312930.shtml,特色古镇搜索量增3倍；平台口径
2026,端午,平台,去哪儿租车订单同比,增六成,—,定性,2026-06-19至2026-06-21,端午3天,3天口径,平台订单,平台自披露,实际,同比,3,定性,2026-08-22,,去哪儿,2026端午出游数据,2026-06-22,C,https://big5.china.com.cn/gate/big5/finance.china.com.cn/industry/20260622/6312930.shtml,平台口径
2026,端午,平台,周边短途旅行产品预订热度同比,30,%,增长率,2026-06-19至2026-06-21,端午3天,3天口径,平台订单,平台自披露,实际,同比,3,水平值,2026-08-22,,同程旅行,2026端午旅行消费盘点报告,2026-06-22,C,https://tidenews.com.cn/news.html?id=3478901,江浙沪、京津冀区域；平台口径
2026,端午,平台,度假酒店两晚连住预订热度环比,146,%,增长率,2026-06-19至2026-06-21,端午3天,3天口径,平台订单,平台自披露,实际,环比,3,水平值,2026-08-22,,同程旅行,2026端午旅行消费盘点报告,2026-06-18,C,https://www.toutiao.com/article/7652638362830045706,酒店即目的地趋势；平台口径
2026,端午,平台,扬州民宿订单同比,330,%,增长率,2026-06-19至2026-06-21,端午3天,3天口径,平台订单,平台自披露,实际,同比,3,水平值,2026-08-22,,木鸟民宿(潮新闻转引),2026端午民宿数据,2026-06-21,C,https://www.toutiao.com/article/7653678796926714402,十二红等端午习俗出圈；平台口径
2026,端午,平台,毕业旅行搜索热度环比,300,%,增长率,2026-06-19至2026-06-21,端午3天,3天口径,平台订单,平台自披露,实际,环比,3,水平值,2026-08-22,,同程旅行(中国旅游报转引),2026端午毕业游数据,2026-06-18,C,https://www.toutiao.com/article/7652638362830045706,青年学生短途跨省需求释放；平台口径
2026,端午,平台,玩乐组合产品预订量同比,83,%,增长率,2026-06-19至2026-06-21,端午3天,3天口径,平台订单,平台自披露,实际,同比,3,水平值,2026-08-22,,飞猪,2026端午出游快报,2026-06-21,C,https://www.toutiao.com/article/7653678796926714402,含餐饮、演出、游乐；平台口径
2026,端午,平台,美团整体文旅预订量月环比,57,%,增长率,2026-06-19至2026-06-21,端午3天,3天口径,平台订单,平台自披露,实际,环比,3,水平值,2026-08-22,,美团,2026端午文旅消费数据,2026-06-21,C,https://big5.china.com.cn/gate/big5/finance.china.com.cn/industry/20260622/6312930.shtml,南京/成都/北京/西安/重庆热门前五；平台口径
2026,端午,平台,飞猪人均预订金额同比,16,%,增长率,2026-06-19至2026-06-21,端午3天,3天口径,平台订单,平台自披露,实际,同比,3,水平值,2026-08-22,,飞猪,2026端午出游快报,2026-06-21,C,https://big5.china.com.cn/gate/big5/finance.china.com.cn/industry/20260622/6312930.shtml,品质旅行偏好；平台口径
2026,端午,平台,飞猪境内酒店间夜量同比,超30,%,增长率,2026-06-19至2026-06-21,端午3天,3天口径,平台订单,平台自披露,实际,同比,3,水平值,2026-08-22,,飞猪,2026端午出游快报,2026-06-21,C,https://big5.china.com.cn/gate/big5/finance.china.com.cn/industry/20260622/6312930.shtml,88VIP带来酒店间夜量增长超60%；平台口径
2026,端午,总体,[基期2025]国内出游人次,1.19,亿人次,总计,2025-05-31至2025-06-02,端午3天,3天口径,旅游总盘,官方总量,实际,同比,3,增长率,2026-08-22,,文化和旅游部,2025年端午节假期文化和旅游市场情况,2025-06-03,A,https://www.mct.gov.cn/whzx/whyw/202506/t20250603_960368.htm,同比+5.7%；纵向基期参照(2025端午)
2026,端午,总体,[基期2025]国内出游总花费,427.30,亿元,总计,2025-05-31至2025-06-02,端午3天,3天口径,旅游总盘,官方总量,实际,同比,3,增长率,2026-08-22,,文化和旅游部,2025年端午节假期文化和旅游市场情况,2025-06-03,A,https://www.mct.gov.cn/whzx/whyw/202506/t20250603_960368.htm,同比+5.9%；纵向基期参照(2025端午)
2026,端午,总体,[预测2026十一]国内出游总花费同比(中心值),+4.5,%,增长率,2026-06-19至2026-06-21,端午3天,3天口径,旅游总盘,测算,预计,同比,7,增长率,2026-08-22,预判待回填,本报告推算(基于年内节奏收敛),2026十一消费预测台账,2026-08-22,D,"无(预测,待2026十一结束后回填)",预测ID=2026十一-F01；区间+3%~+6%；置信度中；2026十一为7天(中秋9/25单独)，需per-day折算
2026,端午,总体,[预测2026暑假]国内出游人次同比(中心值),+5.0,%,增长率,2026-06-19至2026-06-21,端午3天,3天口径,旅游总盘,测算,预计,同比,62,增长率,2026-08-22,预判待回填,本报告推算(基于端午信号),2026暑假消费预测台账,2026-08-22,D,"无(预测,待2026暑假结束后回填)",预测ID=2026暑假-F02；区间+3%~+7%；置信度中；非实测
2026,端午,总体,[预测2026暑假]国内出游总花费同比(中心值),+6.5,%,增长率,2026-06-19至2026-06-21,端午3天,3天口径,旅游总盘,测算,预计,同比,62,增长率,2026-08-22,预判待回填,本报告推算(基于端午量增价跌+暑期前置信号),2026暑假消费预测台账,2026-08-22,D,"无(预测,待2026暑假结束后回填)","预测ID=2026暑假-F01；区间+5%~+8%；置信度中；口径效应:暑假62天,需per-day折算后再与端午3天比"
2026,端午,总体,国内出游人次,1.24,亿人次,总计,2026-06-19至2026-06-21,端午3天,3天口径,旅游总盘,官方总量,实际,同比,3,增长率,2026-08-22,,文化和旅游部,2026年端午节假期文化和旅游市场情况,2026-06-22,A,https://mct.gov.cn/whzx/whyw/202606/t20260622_966305.htm,同比+4.4%；经文化和旅游部数据中心测算
2026,端午,总体,国内出游总花费,444.56,亿元,总计,2026-06-19至2026-06-21,端午3天,3天口径,旅游总盘,官方总量,实际,同比,3,增长率,2026-08-22,,文化和旅游部,2026年端午节假期文化和旅游市场情况,2026-06-22,A,https://mct.gov.cn/whzx/whyw/202606/t20260622_966305.htm,同比+4.0%；经文化和旅游部数据中心测算
2026,端午,政策宏观,78个步行街(商圈)客流量同比,4.0,%,增长率,2026-06-19至2026-06-21,端午3天,3天口径,消费宏观,官方重点监测,实际,同比,3,复合值,2026-08-22,,商务部(总台央视转引),2026端午消费市场数据,2026-06-21,A,https://new.qq.com/rain/a/20260621A098ZT00?refer=cp_1009,营业额同比+3.5%；重点监测核心商圈
2026,端午,政策宏观,以旧换新-汽车/家电数码,342.8/13289.5,万台/万台,总计,2026-06-19至2026-06-21,端午3天,3天口径,消费宏观,官方总量,实际,无(水平值),3,复合值,2026-08-22,,商务部,2026端午消费市场数据,2026-06-21,A,https://new.qq.com/rain/a/20260621A098ZT00?refer=cp_1009,汽车带动5552.4亿、家电数码带动4516.3亿
2026,端午,政策宏观,全国餐饮订单量同比,54,%,增长率,2026-06-19至2026-06-21,端午3天,3天口径,消费宏观,平台自披露,实际,同比,3,水平值,2026-08-22,,抖音/商务部商务大数据(中国饭店协会转引),2026端午餐饮数据,2026-06,C,无公开URL(中国饭店协会专项调研发布),住宿景区一体化订单+58%；未公开URL，替代验证:商务部商务大数据
2026,端午,政策宏观,消费品以旧换新惠及人次(截至6.20),1.36,亿人次,总计,2026-06-19至2026-06-21,端午3天,3天口径,消费宏观,官方总量,实际,无(水平值),3,水平值,2026-08-22,,商务部,2026端午消费市场数据,2026-06-21,A,https://new.qq.com/rain/a/20260621A098ZT00?refer=cp_1009,带动销售额超1万亿元
2026,端午,新消费,[基期2025]免签入境外国人,23.1,万人次,总计,2025-05-31至2025-06-02,端午3天,3天口径,出入境,官方总量,实际,同比,3,增长率,2026-08-22,,国家移民管理局,2025端午出入境数据,2025-06-03,A,https://www.nia.gov.cn/n741440/n741567/c1721275/content.html,同比+59.4%；纵向基期参照(2025端午)
2026,端午,新消费,入境游预订量同比,近10,倍,增长率,2026-06-19至2026-06-21,端午3天,3天口径,新消费,平台自披露,实际,同比,3,水平值,2026-08-22,,飞猪(香港商报转引),2026端午出游快报,2026-06-21,C,https://ebook.hkcd.com.hk/MB/content/202606/22/content_3457349.html,客源泰国/韩国/马来西亚/新加坡；平台口径
2026,端午,新消费,内蒙古旅行消费同比,近60,%,增长率,2026-06-19至2026-06-21,端午3天,3天口径,新消费,平台自披露,实际,同比,3,水平值,2026-08-22,,飞猪(香港商报转引),2026端午出游快报,2026-06-21,C,https://ebook.hkcd.com.hk/MB/content/202606/22/content_3457349.html,甘肃/青海/辽宁均超30%；平台口径
2026,端午,新消费,出境游预订量同比,近20,%,增长率,2026-06-19至2026-06-21,端午3天,3天口径,新消费,平台自披露,实际,同比,3,水平值,2026-08-22,,飞猪/去哪儿(新浪转引),2026端午出入境数据,2026-06-21,C,https://cj.sina.com.cn/articles/view/7880069205/1d5b05055019026fj6,泰国/韩国/马来西亚/新加坡热门；平台口径
2026,端午,新消费,包车游预订量同比,超100,%,增长率,2026-06-19至2026-06-21,端午3天,3天口径,新消费,平台自披露,实际,同比,3,水平值,2026-08-22,,飞猪(香港商报转引),2026端午出游快报,2026-06-21,C,https://ebook.hkcd.com.hk/MB/content/202606/22/content_3457349.html,长线避暑带动；平台口径
2026,端午,新消费,外国人入出境,77.7,万人次,总计,2026-06-19至2026-06-21,端午3天,3天口径,出入境,官方总量,实际,同比,3,增长率,2026-08-22,,国家移民管理局(新华社转引),2026端午出入境数据,2026-06-22,A,https://e.xzxw.com/xzrb/202606/23/content_362621.html,同比+23.3%
2026,端午,新消费,民俗深度体验类产品预订热度同比,23,%,增长率,2026-06-19至2026-06-21,端午3天,3天口径,新消费,平台自披露,实际,同比,3,水平值,2026-08-22,,同程旅行(中新社转引),2026端午民俗游数据,2026-06-23,C,https://m.cyol.com/gb/lvyou/articles/2026-06/23/content_ajwPdqHL8L.html,包粽子、制香囊、编五彩绳；平台口径
2026,端午,旅行社,出游主力客群(20-49岁)占比,超70,%,占比,2026-06-19至2026-06-21,端午3天,3天口径,旅行社,平台自披露,实际,无(水平值),3,水平值,2026-08-22,,途牛(中国旅游报转引),2026端午旅游数据,2026-06-18,C,https://www.toutiao.com/article/7652638362830045706,亲子游、父母同游比例上升；平台口径
2026,端午,旅行社,租车预订订单同比,翻倍,—,定性,2026-06-19至2026-06-21,端午3天,3天口径,旅行社,待核,实际,同比,3,定性,2026-08-22,,神州租车(中国旅游报转引),2026端午租车数据,2026-06-18,C,https://www.toutiao.com/article/7652638362830045706,传统热门与西北西南自驾共同升温；待核
2026,端午,景区,国家级夜间文旅消费集聚区夜间客流,3858.95,万人次,总计,2026-06-19至2026-06-21,端午3天,3天口径,景区客流,官方总量,实际,同比,3,增长率,2026-08-22,,文化和旅游部,2026年端午节假期文化和旅游市场情况,2026-06-22,A,https://mct.gov.cn/whzx/whyw/202606/t20260622_966305.htm,同比+2.43%；国家级夜间文化和旅游消费集聚区累计夜间客流量
2026,端午,景区,广州接待市民游客,662.8,万人次,总计,2026-06-19至2026-06-21,端午3天,3天口径,景区客流,官方总量,实际,同比,3,增长率,2026-08-22,,广州市文旅部门(中国网转引),2026端午广州文旅数据,2026-06-22,B,https://big5.china.com.cn/gate/big5/news.china.com.cn/2026-06/22/content_118560648.html,同比+5.2%，文旅消费超47亿元+6.1%
2026,端午,游客画像,[基期2025]银联/网联支付交易金额,4.8,万亿元,总计,2025-05-31至2025-06-02,端午3天,3天口径,客群画像,官方总量,实际,同比,3,增长率,2026-08-22,,中国人民银行,2025端午支付数据,2025-06-03,A,https://big5.www.gov.cn/gate/big5/www.gov.cn/lianbo/bumen/202506/content_7026351.htm,同比+3.4%；纵向基期参照(2025端午)
2026,端午,游客画像,亲子家庭占出游订单比重,超50,%,占比,2026-06-19至2026-06-21,端午3天,3天口径,客群画像,平台自披露,实际,无(水平值),3,水平值,2026-08-22,,飞猪,2026端午出游快报,2026-06-21,C,https://cj.sina.com.cn/articles/view/7880069205/1d5b05055019026fj6,直接带动玩乐组合产品+83%；平台自身口径
2026,端午,游客画像,学生出游预订人次同比,70,%,增长率,2026-06-19至2026-06-21,端午3天,3天口径,客群画像,平台自披露,实际,同比,3,增长率,2026-08-22,,飞猪(新浪等多家媒体转引),2026端午出游快报,2026-06-21,C,https://cj.sina.com.cn/articles/view/7880069205/1d5b05055019026fj6,预订量同比+97%；平台自身口径，非全市场
2026,端午,目的地,国内热门目的地TOP10,上海/北京/成都/青岛/南京/杭州/长沙/西安/武汉/广州,—,清单,2026-06-19至2026-06-21,端午3天,3天口径,目的地,平台自披露,实际,无(水平值),3,定性,2026-08-22,,携程/飞猪/去哪儿,2026端午出游榜单,2026-06-22,C,https://tidenews.com.cn/news.html?id=3478901,头部城市高度重叠；平台榜单，非官方全域排名
2026,端午,目的地,广东佛山叠滘龙舟带动民宿订单同比,108,%,增长率,2026-06-19至2026-06-21,端午3天,3天口径,目的地,平台自披露,实际,同比,3,水平值,2026-08-22,,去哪儿/美团(搜狐转引),2026端午民俗游数据,2026-06-21,C,https://www.sohu.com/a/1039452106_121627717,龙舟漂移大赛；平台口径
2026,端午,目的地,湖南汨罗龙舟联赛带动酒店入住量增幅,43,%,增长率,2026-06-19至2026-06-21,端午3天,3天口径,目的地,平台自披露,实际,无(水平值),3,水平值,2026-08-22,,去哪儿(中国网转引),2026端午赛事游数据,2026-06-22,B,https://big5.china.com.cn/gate/big5/news.china.com.cn/2026-06/22/content_118560648.html,屈原故里湖南汨罗；媒体转引平台数据
2026,端午,目的地,避暑小城预订量同比,40,%,增长率,2026-06-19至2026-06-21,端午3天,3天口径,目的地,平台自披露,实际,同比,3,增长率,2026-08-22,,去哪儿(新浪转引),2026端午避暑游数据,2026-06-21,C,https://cj.sina.com.cn/articles/view/7880069205/1d5b05055019026fj6,吉林白山+2.9倍、内蒙古兴安盟+74%、贵州黔西南+83%；平台口径
2026,端午,酒店,[预测2026暑假]RevPAR同比(中心值),+2.0,%,增长率,2026-06-19至2026-06-21,端午3天,3天口径,住宿,测算,预计,同比,62,增长率,2026-08-22,预判待回填,本报告推算(基于酒店之家端午+4.8%但前两天-4.6%背离),2026暑假酒店预测台账,2026-08-22,D,"无(预测,待2026暑假结束后回填)",预测ID=2026暑假-F03；区间0%~+4%；置信度低-中；取决于天气与油价
2026,端午,酒店,全国酒店出租率(OCC)同比,+3.2,pct,指数,2026-06-19至2026-06-21,端午3天,3天口径,住宿,平台自披露,实际,同比,3,增长率,2026-08-22,,酒店之家(中信证券社服团队转引),【中信社服】端午假期旅游数据简评,2026-06,C,https://www.meiritouyan.com?p=45010/,农历同期、端午前2天对齐；经济型/中档及以上分别+3.3/+3.1pct；平台/研究院口径
2026,端午,酒店,全国酒店单房收益(RevPAR)同比,+4.8,%,增长率,2026-06-19至2026-06-21,端午3天,3天口径,住宿,平台自披露,实际,同比,3,增长率,2026-08-22,,酒店之家(中信证券社服团队转引),【中信社服】端午假期旅游数据简评,2026-06,C,https://www.meiritouyan.com?p=45010/,入住率提升带动；经济型+1.9%；平台/研究院口径
2026,端午,酒店,全国酒店均价(ADR),271.94,元/间夜,人均day,2026-06-19至2026-06-21,端午3天,3天口径,住宿,弱溯源,实际,无(水平值),3,水平值,2026-08-22,,甘涌酒店研究院,端午酒店数据总结(原创),2026-06,D,"无公开URL(甘涌酒店研究院原创,未提供可核验链接)",同比-13.72%；无公开URL，弱溯源
2026,端午,酒店,全国酒店平均入住率,61.32,%,占比,2026-06-19至2026-06-21,端午3天,3天口径,住宿,弱溯源,实际,无(水平值),3,水平值,2026-08-22,,甘涌酒店研究院,端午酒店数据总结(原创),2026-06,D,"无公开URL(甘涌酒店研究院原创,未提供可核验链接)",同比+8.44%；无公开URL，弱溯源，替代验证:中国饭店协会/酒店之家公开口径
2026,端午,酒店,全国酒店平均房价(ADR)同比,-1.0,%,增长率,2026-06-19至2026-06-21,端午3天,3天口径,住宿,平台自披露,实际,同比,3,增长率,2026-08-22,,酒店之家(中信证券社服团队转引),【中信社服】端午假期旅游数据简评,2026-06,C,https://www.meiritouyan.com?p=45010/,经济型-3.8%、中档-2.4%、高档+0.2%、豪华+0.4%；平台/研究院口径
2026,端午,酒店,博物馆周边民宿订单环比,172,%,增长率,2026-06-19至2026-06-21,端午3天,3天口径,住宿,平台自披露,实际,环比,3,水平值,2026-08-22,,木鸟民宿,2026端午民宿消费报告,2026-06-21,C,https://www.sanqin.com/2026-06/22/content_11631086.html,主题乐园周边+161%；平台口径
2026,端午,酒店,受访住宿企业整体入住率同比,+2,%,增长率,2026-06-19至2026-06-21,端午3天,3天口径,住宿,待核,实际,同比,3,增长率,2026-08-22,,中国饭店协会,2026端午住宿餐饮专项调研,2026-06,C,无公开URL(中国饭店协会专项调研发布),平均房价同比-8.5%；专项调研未公开URL，替代验证:中国饭店协会官网/行业媒体转引
2026,端午,酒店,四线及以下小城市民宿订单同比,25,%,增长率,2026-06-19至2026-06-21,端午3天,3天口径,住宿,平台自披露,实际,同比,3,水平值,2026-08-22,,木鸟民宿,2026端午民宿消费报告,2026-06-21,C,https://www.sanqin.com/2026-06/22/content_11631086.html,增速反超一线及新一线；平台口径
2026,端午,酒店,民宿平均入住率,82.7,%,占比,2026-06-19至2026-06-21,端午3天,3天口径,住宿,弱溯源,实际,无(水平值),3,水平值,2026-08-22,,甘涌酒店研究院,端午酒店数据总结(原创),2026-06,D,"无公开URL(甘涌酒店研究院原创,未提供可核验链接)",同比+7.33%；热门龙舟区域超95%；无公开URL，弱溯源
2026,端午,酒店,民宿平均均价,513.78,元/间夜,人均day,2026-06-19至2026-06-21,端午3天,3天口径,住宿,弱溯源,实际,无(水平值),3,水平值,2026-08-22,,甘涌酒店研究院,端午酒店数据总结(原创),2026-06,D,"无公开URL(甘涌酒店研究院原创,未提供可核验链接)",同比-16.83%；无公开URL，弱溯源
2026,端午,酒店,热门城市民宿订单同比,54,%,增长率,2026-06-19至2026-06-21,端午3天,3天口径,住宿,平台自披露,实际,同比,3,水平值,2026-08-22,,木鸟民宿,2026端午民宿消费报告,2026-06-21,C,https://www.sanqin.com/2026-06/22/content_11631086.html,北京+55%、青岛+92%；平台口径
2026,端午,酒店,端午前两天行业RevPAR同比,-4.6,%,增长率,2026-06-19至2026-06-21,端午3天,3天口径,住宿,平台自披露,实际,同比,3,增长率,2026-08-22,,亚朵/行业专家会(发现报告转引),端午酒店数据总结以及暑期展望,2026-06-21,C,https://www.fxbaogao.com/detail/5490533,指数95.4(ADR指数98.2/OCC指数97.1)；时点仅为前两天，与全假期酒店之家+4.8%存在背离，并列存疑
2026,暑假,交通出行,公路租车订单,+60,%,百分比,2026-07-01 至 2026-08-31,7-8月合计,62天口径,平台GMV,平台自披露,实际,同比,62,增长率,2026-08,,珠江评论（综合）,2026暑运,2026,C,https://sp.ycwb.com/ikimvkltjc/content_54236994.htm,公路自驾；该来源综合
2026,暑假,交通出行,增开跨局旅游列车,480,列,列,2026-07-01 至 2026-08-31,7-8月合计,62天口径,铁路客运量,官方总量,实际,同比,62,水平值,2026-06-30,,中国国家铁路集团,2026年全国铁路暑期运输,2026,A,http://www.china-railway.com.cn/xwzx/mtjj/xhs/xhw/202607/t20260720_158286.html,暑运增开跨铁路局旅客列车480列
2026,暑假,交通出行,民航旅客吞吐量（机场口径·双口径）,2.77,亿人次,人次,2026-07-01 至 2026-08-31,7-8月合计,62天口径,民航客运量,行业协会计,实际,同比,62,水平值,2026-07,,CADAS（腾讯新闻转引）,2026暑运供需重构,2026,C,https://so.html5.qq.com/page/real/search_news?docid=70000021_5136a598e8243452,双口径补充：机场旅客吞吐量（中性情形-5.1%），与航司承运1.42亿不可直接相加
2026,暑假,交通出行,民航暑运旅客运输量,1.42,亿人次,人次,2026-07-01 至 2026-08-31,7-8月合计,62天口径,民航客运量,平台自披露,实际,同比,62,水平值,2026-07,,航班管家,2026暑运出行预测,2026,C,https://www.ce.cn/xwzx/shgj/gdxw/202607/t20260708_3074506.shtml,仅含境内航司承运；同比-3.6%；日均228万；双口径：CADAS机场旅客吞吐量2.77亿（含全机场吞吐）口径不同
2026,暑假,交通出行,民航经济舱平均票价,1197,元,元,2026-07-01 至 2026-08-31,7-8月合计,62天口径,平台GMV,平台自披露,实际,同比,62,水平值,2026-07,,航班管家,2026暑运票价预测,2026,C,https://so.html5.qq.com/page/real/search_news?docid=70000021_8696a33cbbb22852,含税；同比+18.6%；该平台自身口径
2026,暑假,交通出行,水路暑运日均旅客,220,万人次/日,人次,2026-07-01 至 2026-08-31,7-8月合计,62天口径,水路客运量,官方总量,实际,同比,62,水平值,2026-08,,交通运输部（珠江评论转引）,2026暑运数据,2026,B,https://sp.ycwb.com/ikimvkltjc/content_54236994.htm,日均220万，同比+4.76%
2026,暑假,交通出行,铁路暑运旅客发送量,10.1,亿人次,人次,2026-07-01 至 2026-08-31,7-8月合计,62天口径,铁路客运量,官方总量,实际,同比,62,水平值,2026-06-30,,中国国家铁路集团,2026年全国铁路暑期运输预测,2026,A,http://www.china-railway.com.cn/xwzx/mtjj/xhs/xhw/202607/t20260720_158286.html,国铁集团暑运预计值；日均1629万人次
2026,暑假,平台渠道,同程亲子旅行产品预订,+45,%,百分比,2026-07-01 至 2026-08-31,7-8月合计,62天口径,平台GMV,平台自披露,实际,同比,62,增长率,2026-07,,同程旅行,2026暑运出行趋势预测,2026,C,https://www.ce.cn/xwzx/shgj/gdxw/202607/t20260708_3074506.shtml,该平台自身口径
2026,暑假,平台渠道,国内机票均价（同程）,925,元,元,2026-07-01 至 2026-08-31,7-8月合计,62天口径,平台GMV,平台自披露,实际,同比,62,水平值,2026-07,,同程旅行,2026暑运出行趋势预测,2026,C,https://www.ce.cn/xwzx/shgj/gdxw/202607/t20260708_3074506.shtml,含机建燃油；同比+4%
2026,暑假,平台渠道,国际机票均价（同程）,1372,元,元,2026-07-01 至 2026-08-31,7-8月合计,62天口径,平台GMV,平台自披露,实际,同比,62,水平值,2026-07,,同程旅行,2026暑运出行趋势预测,2026,C,https://www.ce.cn/xwzx/shgj/gdxw/202607/t20260708_3074506.shtml,含税费；同比+11%
2026,暑假,平台渠道,携程亲子游客预订,+13.6,%,百分比,2026-07-01 至 2026-08-31,7-8月合计,62天口径,平台GMV,平台自披露,实际,同比,62,增长率,2026-07,,携程,2026暑期旅游新趋势,2026,C,https://www.lvjie.co/brand/2026/0703/35146.html,该平台自身口径
2026,暑假,平台渠道,携程跨省游预订,+22.4,%,百分比,2026-07-01 至 2026-08-31,7-8月合计,62天口径,平台GMV,平台自披露,实际,同比,62,增长率,2026-07,,携程,2026暑期旅游新趋势,2026,C,https://www.lvjie.co/brand/2026/0703/35146.html,该平台自身口径
2026,暑假,平台渠道,飞猪暑期旅游热度,+40,%,百分比,2026-07-01 至 2026-08-31,7-8月合计,62天口径,平台GMV,平台自披露,实际,同比,62,增长率,2026-08,,飞猪,2026暑期出游风向标,2026,C,https://www.jtepms.cn/post/248.html,该平台自身口径；亲子+31%/大学生+58%
2026,暑假,总体,2026十一国内出游人次（预测）,8.0,亿人次,人次,2026-10-01 至 2026-10-07,7天,7天口径,旅游总花费,测算,预计,较节假日X,7,水平值,2026-08-24,预判待回填,内部测算,2026暑假报告前瞻,2026,D,,预测ID=2026十一-F01；中心值8.0亿/区间7.7-8.3亿/置信度中；2026十一7天(拆分)
2026,暑假,总体,2026十一旅游总花费（预测）,7800,亿元,亿元,2026-10-01 至 2026-10-07,7天,7天口径,旅游总花费,测算,预计,较节假日X,7,水平值,2026-08-24,预判待回填,内部测算,2026暑假报告前瞻,2026,D,,预测ID=2026十一-F02；中心值7800亿/区间7500-8100亿/置信度中；待官方回填
2026,暑假,总体,7月单月国内出游,12.3,亿人次,人次,2026-07-01 至 2026-07-31,7月单月,7月单月口径,旅游总花费,官方总量,实际,同比,62,水平值,2026-08-23,,文化和旅游部（新浪旅游转引）,2026暑期文化和旅游消费季数据,2026,A,https://travel.sina.cn/2026-08-23/detail-inipfkxi1015517.d.html,同比+18.7%；创近五年同期新高
2026,暑假,总体,7月单月文旅收入,9200,亿元,亿元,2026-07-01 至 2026-07-31,7月单月,7月单月口径,旅游总花费,官方总量,实际,同比,62,水平值,2026-08-23,,文化和旅游部（新浪旅游转引）,2026暑期文化和旅游消费季数据,2026,A,https://travel.sina.cn/2026-08-23/detail-inipfkxi1015517.d.html,创收超9200亿元
2026,暑假,总体,国内出游总人次,11.2,亿人次,人次,2026-07-01 至 2026-08-31,7-8月合计,62天口径,旅游总花费,官方总量,实际,同比,62,水平值,2026-08-23,,文化和旅游部（新浪旅游转引）,2026暑期文化和旅游消费季数据,2026,A,https://travel.sina.cn/2026-08-23/detail-inipfkxi1015517.d.html,同比+32.7%；创历史新高
2026,暑假,总体,文旅总收入,15500,亿元,亿元,2026-07-01 至 2026-08-31,7-8月合计,62天口径,旅游总花费,官方总量,实际,同比,62,水平值,2026-08-23,,文化和旅游部（新浪旅游转引）,2026暑期文化和旅游消费季数据,2026,A,https://travel.sina.cn/2026-08-23/detail-inipfkxi1015517.d.html,1.55万亿元；同比大幅增长
2026,暑假,总体,暑期国内旅游总人次（研究院预测口径）,26,亿人次,人次,2026-07-01 至 2026-08-31,7-8月合计,62天口径,旅游总花费,弱溯源,实际,同比,62,水平值,2026-08,,甘涌酒店研究院,2026年暑假酒店市场走势预判,2026,D,,弱溯源，无公开URL；与文旅部11.2亿差异巨大，疑含多日多次计次，非基准
2026,暑假,总体,暑期整体出游（口径冲突待核实）,18.39,亿人次,人次,2026-07-01 至 2026-08-31,7-8月合计,62天口径,旅游总花费,弱溯源,实际,同比,62,水平值,2026-08-23,,新浪财经（本文由AI生成）,2026暑期旅游趋势报告,2026,D,https://k.sina.com.cn/article_7879923032_1d5ae1558068019rac.html,双口径：与文旅部11.2亿（官方A级）差异巨大，疑含重复计次/跨区域人员流动量，非同一指标；本报告以11.2亿为基准
2026,暑假,新消费,“暑期出游”搜索热度（马蜂窝）,+238,%,百分比,2026-07-01 至 2026-08-31,7-8月合计,62天口径,搜索量,平台自披露,实际,同比,62,增长率,2026-08,,马蜂窝,2026暑期趋势,2026,C,https://xiouwang.cn/webnews/4877.html,搜索量；毕业旅行+175%/亲子游+166%
2026,暑假,新消费,旅居式避暑（现象级）,连住7天+40%,,,2026-07-01 至 2026-08-31,7-8月合计,62天口径,酒店间夜,平台自披露,实际,同比,62,定性,2026-08,,希鸥网（综合）,2026暑期文旅消费趋势,2026,C,https://xiouwang.cn/webnews/4877.html,“窝囊旅游”/漂流平躺区；贵州盘州连住7天+40%
2026,暑假,新消费,演唱会带动城市预订,+60,%,百分比,2026-07-01 至 2026-08-31,7-8月合计,62天口径,平台GMV,平台自披露,实际,同比,62,增长率,2026-07,,携程,2026暑期旅游新趋势,2026,C,https://www.lvjie.co/brand/2026/0703/35146.html,展演经济；周深呼和浩特翻倍
2026,暑假,旅行社,旅行社总量（本期暂无权威公开）,暂无,,,2026-07-01 至 2026-08-31,7-8月合计,62天口径,客流人次,待核,实际,同比,62,定性,2026-08-24,全国总量缺项,—,—,2026,D,,本期暂无旅行社行业权威总量公开数据；铁路旅游专列480列为国铁口径替代观测
2026,暑假,景区目的地,免签入境外国人（上半年）,1781.5,万人次,人次,2026-01-01 至 2026-06-30,上半年,上半年口径,客流人次,官方总量,实际,同比,62,水平值,2026-07-10,,国家移民管理局,2026年上半年出入境成绩单,2026,A,https://news.cctv.com/2026/07/10/ARTIt3Nb8ub3hBA0RjUabHS0260710.shtml,占入境外国人77.7%，+30.6%
2026,暑假,景区目的地,入境外国人（上半年实际）,2291.4,万人次,人次,2026-01-01 至 2026-06-30,上半年,上半年口径,客流人次,官方总量,实际,同比,62,水平值,2026-07-10,,国家移民管理局,2026年上半年出入境成绩单,2026,A,https://news.cctv.com/2026/07/10/ARTIt3Nb8ub3hBA0RjUabHS0260710.shtml,同比+20.4%；下半年暑期延续
2026,暑假,景区目的地,入境游预订量,+612,%,百分比,2026-07-01 至 2026-08-31,7-8月合计,62天口径,客流人次,官方总量,实际,同比,62,增长率,2026-08-23,,文化和旅游部（新浪旅游转引）,2026暑期文化和旅游消费季数据,2026,B,https://travel.sina.cn/2026-08-23/detail-inipfkxi1015517.d.html,预订量增速，非实际入境；欧美+950%/希腊+300%/北欧+260%
2026,暑假,景区目的地,出境游订单,+108,%,百分比,2026-07-01 至 2026-08-31,7-8月合计,62天口径,客流人次,官方总量,实际,同比,62,增长率,2026-08-23,,文化和旅游部（新浪旅游转引）,2026暑期文化和旅游消费季数据,2026,A,https://travel.sina.cn/2026-08-23/detail-inipfkxi1015517.d.html,东南亚占65%/澳新+210%/北美+135%
2026,暑假,景区目的地,博物馆研学,+70,%,百分比,2026-07-01 至 2026-08-31,7-8月合计,62天口径,客流人次,平台自披露,实际,同比,62,增长率,2026-08,,新浪财经（综合）,2026暑期旅游市场,2026,C,https://k.sina.com.cn/article_7879848944_1d5acf3f006801f7pw.html,
2026,暑假,景区目的地,县域旅游预订,+18,%,百分比,2026-07-01 至 2026-08-31,7-8月合计,62天口径,客流人次,平台自披露,实际,同比,62,增长率,2026-08,,携程/同程（新浪综合）,2026暑期旅游趋势报告,2026,C,https://k.sina.com.cn/article_7879848944_1d5acf3f006801f7pw.html,双口径：另一来源（携程/同程）称+60%，统计范围差异，并列说明
2026,暑假,景区目的地,县域旅游预订（平台口径）,+60,%,百分比,2026-07-01 至 2026-08-31,7-8月合计,62天口径,客流人次,平台自披露,实际,同比,62,增长率,2026-08,,携程/同程,2026暑期旅游趋势预测,2026,C,https://www.ce.cn/xwzx/shgj/gdxw/202607/t20260708_3074506.shtml,双口径补充：与+18%统计范围不同，并列
2026,暑假,景区目的地,欧洲来华订单（携程）,+275,%,百分比,2026-06-01 至 2026-08-31,7-8月合计,62天口径,客流人次,平台自披露,实际,同比,62,增长率,2026-08,,携程,2026暑期入境游数据,2026,C,https://so.html5.qq.com/page/real/search_news?docid=70000021_6176a6217be81452,该平台自身口径；景区门票+20倍；俄罗斯+553%
2026,暑假,景区目的地,研学旅行人次,+20,%,百分比,2026-07-01 至 2026-08-31,7-8月合计,62天口径,客流人次,平台自披露,实际,同比,62,增长率,2026-08,,新浪财经（综合）,2026暑期旅游市场,2026,C,https://k.sina.com.cn/article_7879848944_1d5acf3f006801f7pw.html,市场规模突破600亿元
2026,暑假,景区目的地,研学旅行市场规模,600,亿元,亿元,2026-07-01 至 2026-08-31,7-8月合计,62天口径,旅游总花费,平台自披露,实际,同比,62,水平值,2026-08,,新浪财经（综合）,2026暑期旅游市场,2026,C,https://k.sina.com.cn/article_7879848944_1d5acf3f006801f7pw.html,同比+20%
2026,暑假,消费宏观,全国网上零售额（1-7月）,117214,亿元,亿元,2026-01-01 至 2026-07-31,1-7月累计,累计口径,商务部社零,官方总量,实际,累计年初至今,62,水平值,2026-08-17,,国家统计局,2026年1-7月社会消费品零售总额,2026,A,https://www.stats.gov.cn/sj/zxfb/202608/t20260817_1965052.html,同比+4.8%；年度累计口径
2026,暑假,消费宏观,文旅消费活动场次,3,万场,场,2026-07-01 至 2026-08-31,7-8月合计,62天口径,旅游总花费,官方总量,实际,累计年初至今,62,水平值,2026-07-08,,文化和旅游部,2026全国暑期文化和旅游消费季,2026,A,https://xiouwang.cn/webnews/4877.html,超3万场次文旅消费活动
2026,暑假,消费宏观,文旅消费补贴发放,4.5,亿元,亿元,2026-07-01 至 2026-08-31,7-8月合计,62天口径,旅游总花费,官方总量,实际,累计年初至今,62,水平值,2026-07-08,,文化和旅游部,2026全国暑期文化和旅游消费季,2026,A,https://xiouwang.cn/webnews/4877.html,发放超4.5亿消费补贴；超3万场活动
2026,暑假,消费宏观,社会消费品零售总额（1-7月）,287744,亿元,亿元,2026-01-01 至 2026-07-31,1-7月累计,累计口径,商务部社零,官方总量,实际,累计年初至今,62,水平值,2026-08-17,,国家统计局,2026年1-7月社会消费品零售总额,2026,A,https://www.stats.gov.cn/sj/zxfb/202608/t20260817_1965052.html,同比+1.2%；年度累计口径，非单假期
2026,暑假,消费宏观,社会消费品零售总额（7月）,39022,亿元,亿元,2026-07-01 至 2026-07-31,7月单月,7月单月口径,商务部社零,官方总量,实际,同比,62,水平值,2026-08-17,,国家统计局,2026年7月社会消费品零售总额,2026,A,https://www.stats.gov.cn/sj/zxfb/202608/t20260817_1965052.html,同比+0.6%；与旅游总花费1.55万亿分列不可相加
2026,暑假,消费宏观,餐饮收入（7月）,4567,亿元,亿元,2026-07-01 至 2026-07-31,7月单月,7月单月口径,商务部社零,官方总量,实际,同比,62,水平值,2026-08-17,,国家统计局,2026年7月社会消费品零售总额,2026,A,https://www.stats.gov.cn/sj/zxfb/202608/t20260817_1965052.html,同比+1.4%
2026,暑假,游客画像,4天及以上深度游占比,47.1,%,百分比,2026-07-01 至 2026-08-31,7-8月合计,62天口径,旅游总花费,平台自披露,实际,同比,62,水平值,2026-07,,携程,2026暑期旅游新趋势,2026,C,https://www.lvjie.co/brand/2026/0703/35146.html,2025年为28.4%；1-3天占比降至52.9%
2026,暑假,游客画像,亲子家庭占比,62,%,百分比,2026-07-01 至 2026-08-31,7-8月合计,62天口径,旅游总花费,官方总量,实际,同比,62,水平值,2026-08-23,,文化和旅游部（新浪旅游转引）,2026暑期文化和旅游消费季数据,2026,A,https://travel.sina.cn/2026-08-23/detail-inipfkxi1015517.d.html,同比+45%
2026,暑假,游客画像,大学生毕业生群体订单,+58,%,百分比,2026-07-01 至 2026-08-31,7-8月合计,62天口径,旅游总花费,平台自披露,实际,同比,62,增长率,2026-08,,飞猪,2026年暑期出游风向标,2026,C,https://www.jtepms.cn/post/248.html,该平台自身口径，非全市场；占比约27%
2026,暑假,游客画像,银发研学群体占比,11,%,百分比,2026-07-01 至 2026-08-31,7-8月合计,62天口径,旅游总花费,官方总量,实际,同比,62,水平值,2026-08-23,,文化和旅游部（新浪旅游转引）,2026暑期文化和旅游消费季数据,2026,A,https://travel.sina.cn/2026-08-23/detail-inipfkxi1015517.d.html,银发研学群体
2026,暑假,游客画像,长线跨省游,+22.4,%,百分比,2026-07-01 至 2026-08-31,7-8月合计,62天口径,旅游总花费,平台自披露,实际,同比,62,增长率,2026-07,,携程,2026暑期旅游新趋势,2026,C,https://www.lvjie.co/brand/2026/0703/35146.html,该平台自身口径；跨省游预订量
2026,暑假,酒店住宿,中档酒店RevPAR（第一周）,-7.8,%,百分比,2026-06-29 至 2026-07-05,第一周,周口径,酒店RevPAR,行业协会计,实际,同比,62,增长率,2026-08,,国金证券,暑期酒店周报,2026,C,https://www.jtepms.cn/post/248.html,入住率-3.9%/房价-4.1%
2026,暑假,酒店住宿,亚朵ADR同比,-19.5,%,百分比,2026-07-06 至 2026-07-12,第二周,周口径,酒店RevPAR,行业协会计,实际,同比,62,增长率,2026-08,,国金证券（21经济转引）,暑期酒店周报,2026,C,https://www.21jingji.com/article/20260813/herald/2cdbac075cc43d27d1c738ef293bcd26.html,房价同比
2026,暑假,酒店住宿,全国酒店RevPAR（第二周）,130.7,元,元/间夜,2026-07-06 至 2026-07-12,第二周,周口径,酒店RevPAR,行业协会计,实际,同比,62,水平值,2026-08,,国金证券,暑期酒店周报,2026,C,https://www.jtepms.cn/post/248.html,同比-5.9%
2026,暑假,酒店住宿,全国酒店平均入住率（第二周）,62.3,%,百分比,2026-07-06 至 2026-07-12,第二周,周口径,酒店RevPAR,行业协会计,实际,同比,62,水平值,2026-08,,国金证券,暑期酒店周报,2026,C,https://www.jtepms.cn/post/248.html,同比-3.0%
2026,暑假,酒店住宿,全国酒店平均房价（第二周）,209.6,元,元,2026-07-06 至 2026-07-12,第二周,周口径,酒店RevPAR,行业协会计,实际,同比,62,水平值,2026-08,,国金证券,暑期酒店周报,2026,C,https://www.jtepms.cn/post/248.html,同比-3.0%
2026,暑假,酒店住宿,全国酒店总量（2025年底）,40.48,万家,家,2025-12-31,年末,时点口径,酒店间夜,行业协会计,实际,累计年初至今,62,水平值,2026-08,,《2026中国酒店投资白皮书》,中国酒店投资白皮书,2026,B,https://www.jtepms.cn/post/248.html,客房1979万间；供给过剩背景，非单假期口径
2026,暑假,酒店住宿,华住ADR同比,-14.9,%,百分比,2026-07-06 至 2026-07-12,第二周,周口径,酒店RevPAR,行业协会计,实际,同比,62,增长率,2026-08,,国金证券（21经济转引）,暑期酒店周报,2026,C,https://www.21jingji.com/article/20260813/herald/2cdbac075cc43d27d1c738ef293bcd26.html,房价同比
2026,暑假,酒店住宿,清凉圈城市酒店预订（贵阳/六盘水）,+50,%,百分比,2026-07-01 至 2026-08-31,7-8月合计,62天口径,酒店间夜,平台自披露,实际,同比,62,增长率,2026-08,,国家旅游地理网（综合）,暑期酒店业量价齐跌,2026,C,http://news.cntgol.com/dyzd/2026/0807/271270.shtml,“20度清凉圈”城市；该来源综合
2026,暑假,酒店住宿,经济型酒店RevPAR（第一周）,-8.2,%,百分比,2026-06-29 至 2026-07-05,第一周,周口径,酒店RevPAR,行业协会计,实际,同比,62,增长率,2026-08,,国金证券,暑期酒店周报,2026,C,https://www.jtepms.cn/post/248.html,入住率-4.7%/房价-3.7%
2026,暑假,酒店住宿,锦江ADR同比,-13.2,%,百分比,2026-07-06 至 2026-07-12,第二周,周口径,酒店RevPAR,行业协会计,实际,同比,62,增长率,2026-08,,国金证券（21经济转引）,暑期酒店周报,2026,C,https://www.21jingji.com/article/20260813/herald/2cdbac075cc43d27d1c738ef293bcd26.html,房价同比
